No,HID,Hotel-Name,UPDATE URL 15 JAN,SLUG,Supplier-or-Direct,Country,SEARCH
190,1022,Asia-Airport-Donmuang-Hotel,www.gother.com/th-th/hotels/thailand/bangkok/asoke/asia-airport-hotel,thailand/pathum-thani/lam-luk-ka/asia-airport-donmuang-hotel,DIRECT,thailand,#N/A
364,772485,Arden-Hotel-&-Residence-Pattaya,www.gother.com/th-th/hotels/thailand/chonburi/central-pattaya/arden-hotel-residence-pattaya,thailand/chonburi/central-pattaya/arden-hotel-residence-pattaya,DIRECT,thailand,#N/A
452,188222,the-legacy-hotel-nana-sukhumvit-aspira-collection,www.gother.com/th-th/hotels/thailand/bangkok/watthana/the-legacy-hotel-nana-sukhumvit-aspira-collection,thailand/bangkok/watthana/legacy-hotel-bangkok-sukhumvit,DIRECT,thailand,#N/A
455,841755,Bangkok-Patio,www.gother.com/th-th/hotels/thailand/bangkok/phaya-thai/bangkok-patio,thailand/bangkok/phaya-thai/bangkok-patio,DIRECT,thailand,#N/A
512,1114912,La-Casa-Bangtao-Resort,www.gother.com/th-th/hotels/thailand/phuket/cherngtalay/la-casa-bangtao-resort,thailand/phuket/cherngtalay/la-casa-bangtao-resort,DIRECT,thailand,#N/A
547,324480,Ploen-Chaweng-by-Tolani,www.gother.com/th-th/hotels/thailand/surat-thani/koh-samui/ploen-chaweng-koh-samui-hotel,thailand/surat-thani/koh-samui/ploen-chaweng-koh-samui-hotel,DIRECT,thailand,#N/A
551,4081,Sawaddi-Patong-Resort-&-Spa-by-Tolani,www.gother.com/th-th/hotels/thailand/phuket/patong/sawaddi-patong-resort-spa-by-tolani,thailand/phuket/patong/sawaddi-patong-resort-spa-by-tolani,DIRECT,thailand,#N/A
613,4672,The-Sea-Koh-Samui-Beachfront-Resort-&-Spa,www.gother.com/th-th/hotels/thailand/surat-thani/koh-samui/the-sea-koh-samui-resort-and-residence-by-tolani,/thailand/surat-thani/koh-samui/the-sea-koh-samui-resort-and-residence-by-tolani,DIRECT,thailand,#N/A
713,324868,the-xcape-river-kwai,www.gother.com/th-th/hotels/thailand/kanchanaburi/muang-kanchanaburi/the-xcape-river-kwai,thailand/kanchanaburi/muang-kanchanaburi/cross-river-kwai-formerly-x2-river-kwai,Supplier,thailand,#N/A
1102,451829,Classic-Kameo-Hotel-Rayong,www.gother.com/th-th/hotels/thailand/rayong/muang-rayong/classic-kameo-hotel-rayong,thailand/rayong/muang-rayong/classic-kameo-hotel-rayong,DIRECT,thailand,#N/A
1177,1118192,Edge-Central-Pattaya-by-Prop-Hopper,www.gother.com/th-th/hotels/thailand/chonburi/bang-lamung/edge-central-pattaya-by-prop-hopper,thailand/chonburi/bang-lamung/edge-central-pattaya-by-prop-hopper,DIRECT,thailand,#N/A
1257,1118193,Bayphere-Residence-by-Prop-Hopper,www.gother.com/th-th/hotels/thailand/chonburi/na-jomtien/bayphere-residence-by-prop-hopper,thailand/chonburi/na-jomtien/bayphere-residence-by-prop-hopper,DIRECT,thailand,#N/A
1296,1118194,Seaphere-Residence-by-Prop-Hopper,www.gother.com/th-th/hotels/thailand/chonburi/na-jomtien/seaphere-residence-by-prop-hopper,thailand/chonburi/na-jomtien/seaphere-residence-by-prop-hopper,DIRECT,thailand,#N/A
1298,766480,oceanphere-residence-by-prop-hopper,www.gother.com/th-th/hotels/thailand/chonburi/sattahip/oceanphere-pattaya-villa-by-elite-suites,thailand/chonburi/bang-saray/ocaeanphere-residence-by-prop-hopper,DIRECT,thailand,#N/A
1316,1118196,Bluphere-Residence-by-Prop-Hopper,www.gother.com/th-th/hotels/thailand/chonburi/bang-lamung/bluphere-residence-by-prop-hopper,thailand/chonburi/bang-lamung/bluphere-residence-by-prop-hopper,DIRECT,thailand,#N/A
1345,1059272,Tolani-Riverside-Chiang-Mai-Villa,www.gother.com/th-th/hotels/thailand/chiang-mai/chiang-mai-riverside/tolani-riverside-chiang-mai-villa,thailand/chiang-mai/chiang-mai-riverside/tolani-riverside-chiang-mai-villa,DIRECT,thailand,#N/A
1386,1019998,Queensland-Hotel-Bangkok,www.gother.com/th-th/hotels/thailand/bangkok/pratunam/queensland-hotel-bangkok,thailand/bangkok/pratunam/queensland-hotel-bangkok,DIRECT,thailand,#N/A
1390,1034182,The-Survival-By-Seudam,www.gother.com/th-th/hotels/thailand/trat/koh-kood/the-survival-by-seudam,thailand/trat/koh-kood/the-survival-by-seudam,DIRECT,thailand,#N/A
1663,76698,gosleep-hotels-xining-pavilion,www.gother.com/th-th/hotels/taiwan/taipei/wanhua/gosleep-hotels-xining-pavilion,taiwan/taipei/wanhua/go-sleep-hotel-hankou,Supplier,taiwan,#N/A
1761,86584,han-she-business-hotel,www.gother.com/th-th/hotels/taiwan/taipei/wanhua/han-she-business-hotel,taiwan/taipei/wanhua/han-she-hotel,Supplier,taiwan,#N/A
1765,675164,diary-of-taipei-ii,www.gother.com/th-th/hotels/taiwan/new-taipei/banqiao/diary-of-taipei-ii,taiwan/taipei/wanhua/diary-of-ximen-hotel-ii-liu-fu-branch,Supplier,taiwan,#N/A
104,196518,radisson-resort-spa-hua-hin,www.gother.com/th-th/hotels/thailand/prachuap-khiri-khan/hua-hin/radisson-resort-spa-hua-hin,thailand/phetchaburi/cha-am/radisson-resort-spa-hua-hin,DIRECT,thailand,5889
502,1481,centara-grand-mirage-beach-resort-pattaya,www.gother.com/th-th/hotels/thailand/chonburi/north-pattaya/centara-grand-mirage-beach-resort-pattaya,thailand/chonburi/north-pattaya/centara-grand-mirage-beach-resort-pattaya,Supplier,thailand,4229
503,865,amari-bangkok,www.gother.com/th-th/hotels/thailand/bangkok/ratchathewi/amari-bangkok,thailand/bangkok/ratchathewi/amari-bangkok,Supplier,thailand,3378
36,756789,Navana-Nature-Escape,www.gother.com/th-th/hotels/thailand/chonburi/bang-lamung/navana-nature-escape,thailand/chonburi/bang-lamung/navana-nature-escape,DIRECT,thailand,2496
504,137916,amari-pattaya,www.gother.com/th-th/hotels/thailand/chonburi/pattaya/amari-pattaya,thailand/chonburi/pattaya/amari-pattaya,Supplier,thailand,2488
13,841194,InterContinental-Khao-Yai-Resort,www.gother.com/th-th/hotels/thailand/nakhon-ratchasima/khao-yai/intercontinental-khao-yai-resort,thailand/nakhon-ratchasima/khao-yai/intercontinental-khao-yai-resort,DIRECT,thailand,1932
372,766133,Centre-Point-Prime-Hotel-Pattaya,www.gother.com/th-th/hotels/thailand/chonburi/north-pattaya/centre-point-prime-hotel-pattaya,thailand/chonburi/north-pattaya/centre-point-prime-hotel-pattaya,DIRECT,thailand,1829
506,766133,centre-point-prime-hotel-pattaya,www.gother.com/th-th/hotels/thailand/chonburi/north-pattaya/centre-point-prime-hotel-pattaya,thailand/chonburi/north-pattaya/centre-point-prime-hotel-pattaya,Supplier,thailand,1829
505,2170,holiday-inn-pattaya,www.gother.com/th-th/hotels/thailand/chonburi/pattaya/holiday-inn-pattaya,thailand/chonburi/pattaya/holiday-inn-pattaya,Supplier,thailand,1785
144,841195,The-Gems-Mining-Pool-Villas-Pattaya,www.gother.com/th-th/hotels/thailand/chonburi/bang-lamung/the-gems-mining-pool-villas-pattaya,thailand/chonburi/bang-lamung/the-gems-mining-pool-villas-pattaya,DIRECT,thailand,1585
12,855,Amari-Hua-Hin,www.gother.com/th-th/hotels/thailand/prachuap-khiri-khan/hua-hin/amari-hua-hin,thailand/prachuap-khiri-khan/hua-hin/amari-hua-hin,DIRECT,thailand,1533
333,962441,Estella-Khao-Yai,www.gother.com/th-th/hotels/thailand/nakhon-ratchasima/pak-chong/estella-khao-yai,thailand/nakhon-ratchasima/pak-chong/estella-khao-yai,DIRECT,thailand,1497
510,962441,estella-khao-yai,www.gother.com/th-th/hotels/thailand/nakhon-ratchasima/pak-chong/estella-khao-yai,thailand/nakhon-ratchasima/pak-chong/estella-khao-yai,Supplier,thailand,1497
507,838727,grande-centre-point-space-pattaya,www.gother.com/th-th/hotels/thailand/chonburi/pattaya/grande-centre-point-space-pattaya,thailand/chonburi/pattaya/grande-centre-point-space-pattaya,Supplier,thailand,1480
8,762043,The-Yana-Villas-Hua-Hin,www.gother.com/th-th/hotels/thailand/prachuap-khiri-khan/hua-hin/the-yana-villas-hua-hin,thailand/prachuap-khiri-khan/hua-hin/the-yana-villas-hua-hin,DIRECT,thailand,1428
1201,782746,tosei-hotel-cocone-ueno-okachimachi,www.gother.com/th-th/hotels/japan/tokyo/taito/tosei-hotel-cocone-ueno-okachimachi,japan/tokyo/taito/tosei-hotel-cocone-ueno-okachimachi,Supplier,japan,1397
511,962442,rosemalicious-by-rosemary-house,www.gother.com/th-th/hotels/thailand/nakhon-ratchasima/pak-chong/rosemalicious-by-rosemary-house,thailand/nakhon-ratchasima/pak-chong/rosemalicious-by-rosemary-house,Supplier,thailand,1298
508,822922,holiday-inn-vana-nava-hua-hin,www.gother.com/th-th/hotels/thailand/prachuap-khiri-khan/hua-hin/holiday-inn-vana-nava-hua-hin,thailand/prachuap-khiri-khan/hua-hin/holiday-inn-vana-nava-hua-hin,Supplier,thailand,1274
519,4267,centara-grand-at-central-plaza-ladprao-bangkok,www.gother.com/th-th/hotels/thailand/bangkok/chatuchak/centara-grand-at-central-plaza-ladprao-bangkok,thailand/bangkok/chatuchak/centara-grand-at-central-plaza-ladprao-bangkok,Supplier,thailand,1197
35,4183,siam-bayshore-resort-pattaya,www.gother.com/th-th/hotels/thailand/chonburi/pattaya/siam-bayshore-resort-pattaya,thailand/chonburi/pattaya/siam-bayshore-resort-pattaya,DIRECT,thailand,1054
1202,6969,sotetsu-grand-fresa-osaka-namba,www.gother.com/th-th/hotels/japan/osaka/osaka/sotetsu-grand-fresa-osaka-namba,japan/osaka/osaka/sotetsu-grand-fresa-osaka-namba,Supplier,japan,1005
513,452125,avani-riverside-bangkok-hotel,www.gother.com/th-th/hotels/thailand/bangkok/thonburi/avani-riverside-bangkok-hotel,thailand/bangkok/thonburi/avani-riverside-bangkok-hotel,Supplier,thailand,942
518,451826,atta-lakeside-resort-suite,www.gother.com/th-th/hotels/thailand/nakhon-ratchasima/pak-chong/atta-lakeside-resort-suite,thailand/nakhon-ratchasima/pak-chong/atta-lakeside-resort-suite,Supplier,thailand,896
164,841233,Bayphere-Hotel-Pattaya,www.gother.com/th-th/hotels/thailand/chonburi/sattahip/bayphere-hotel-pattaya,thailand/chonburi/sattahip/bayphere-hotel-pattaya,DIRECT,thailand,880
514,4845,veranda-high-resort-chiang-mai-mgallery,www.gother.com/th-th/hotels/thailand/chiang-mai/hang-dong/veranda-high-resort-chiang-mai-mgallery,thailand/chiang-mai/hang-dong/veranda-high-resort-chiang-mai-mgallery,Supplier,thailand,874
516,756978,grande-centre-point-pattaya,www.gother.com/th-th/hotels/thailand/chonburi/pattaya/grande-centre-point-pattaya,thailand/chonburi/pattaya/grande-centre-point-pattaya,Supplier,thailand,810
520,451841,dusitd2-khao-yai,www.gother.com/th-th/hotels/thailand/nakhon-ratchasima/pak-chong/dusitd2-khao-yai,thailand/nakhon-ratchasima/pak-chong/dusitd2-khao-yai,Supplier,thailand,809
280,661317,Boribot-Pool-Resort-Khaoyai,www.gother.com/th-th/hotels/thailand/nakhon-ratchasima/pak-chong/boribot-pool-resort-khaoyai,thailand/nakhon-ratchasima/pak-chong/boribot-pool-resort-khaoyai,DIRECT,thailand,777
526,661317,boribot-pool-resort-khaoyai,www.gother.com/th-th/hotels/thailand/nakhon-ratchasima/pak-chong/boribot-pool-resort-khaoyai,thailand/nakhon-ratchasima/pak-chong/boribot-pool-resort-khaoyai,Supplier,thailand,777
406,326175,balcony-seaside-sriracha-hotel-serviced-apartments,www.gother.com/th-th/hotels/thailand/chonburi/si-racha/balcony-seaside-sriracha-hotel-serviced-apartments,thailand/chonburi/si-racha/balcony-seaside-sriracha-hotel-serviced-apartments,DIRECT,thailand,741
517,326175,balcony-seaside-sriracha-hotel-serviced-apartments,www.gother.com/th-th/hotels/thailand/chonburi/si-racha/balcony-seaside-sriracha-hotel-serviced-apartments,thailand/chonburi/si-racha/balcony-seaside-sriracha-hotel-serviced-apartments,Supplier,thailand,741
49,1030698,The-Standard-Hua-Hin,www.gother.com/th-th/hotels/thailand/bangkok/sathon/the-standard-hua-hin,thailand/prachuap-khiri-khan/hua-hin/the-standard-hua-hin,DIRECT,thailand,737
522,234015,hilton-pattaya,www.gother.com/th-th/hotels/thailand/chonburi/pattaya/hilton-pattaya,thailand/chonburi/pattaya/hilton-pattaya,Supplier,thailand,704
403,690636,Mytt-Hotel-Pattaya,www.gother.com/th-th/hotels/thailand/chonburi/bang-lamung/mytt-hotel-pattaya,thailand/chonburi/bang-lamung/mytt-hotel-pattaya,DIRECT,thailand,664
524,690636,mytt-hotel-pattaya,www.gother.com/th-th/hotels/thailand/chonburi/bang-lamung/mytt-hotel-pattaya,thailand/chonburi/bang-lamung/mytt-hotel-pattaya,Supplier,thailand,664
1801,897015,ji-hotel-shanghai-people-square,www.gother.com/th-th/hotels/china/shanghai/people-square-and-south-bund-huangpu/ji-hotel-shanghai-people-square,china/shanghai/people-square-and-south-bund-huangpu/ji-hotel-shanghai-people-square,Supplier,china,651
37,841292,Aviyana-Hua-Hin,www.gother.com/th-th/hotels/thailand/phetchaburi/cha-am/aviyana-hua-hin,thailand/phetchaburi/cha-am/aviyana-hua-hin,DIRECT,thailand,643
521,1842,dusitd2-chiang-mai,www.gother.com/th-th/hotels/thailand/chiang-mai/muang-chiang-mai/dusitd2-chiang-mai,thailand/chiang-mai/muang-chiang-mai/dusitd2-chiang-mai,Supplier,thailand,641
1204,849382,apa-hotel-ueno-ekiminami,www.gother.com/th-th/hotels/japan/tokyo/taito/apa-hotel-ueno-ekiminami,japan/tokyo/taito/apa-hotel-ueno-ekiminami,Supplier,japan,632
1203,672934,apa-hotel-keisei-ueno-ekimae,www.gother.com/th-th/hotels/japan/tokyo/taito/apa-hotel-keisei-ueno-ekimae,japan/tokyo/taito/apa-hotel-keisei-ueno-ekimae,Supplier,japan,619
3,324833,The-Peri-Hotel-Khao-Yai,www.gother.com/th-th/hotels/thailand/nakhon-ratchasima/khao-yai/the-peri-hotel-khao-yai,thailand/nakhon-ratchasima/khao-yai/the-peri-hotel-khao-yai,DIRECT,thailand,616
9,4980,the-palayana-hua-hin,www.gother.com/th-th/hotels/thailand/prachuap-khiri-khan/hua-hin/the-palayana-hua-hin,thailand/phetchaburi/cha-am/the-palayana-hua-hin,DIRECT,thailand,597
1205,775771,tosei-hotel-cocone-ueno,www.gother.com/th-th/hotels/japan/tokyo/taito/tosei-hotel-cocone-ueno,japan/tokyo/taito/tosei-hotel-cocone-ueno,Supplier,japan,595
477,402741,veranda-resort-pattaya-mgallery,www.gother.com/th-th/hotels/thailand/chonburi/pattaya/veranda-resort-pattaya-mgallery,thailand/chonburi/pattaya/veranda-resort-pattaya-mgallery,DIRECT,thailand,593
534,402741,veranda-resort-pattaya-mgallery,www.gother.com/th-th/hotels/thailand/chonburi/pattaya/veranda-resort-pattaya-mgallery,thailand/chonburi/pattaya/veranda-resort-pattaya-mgallery,Supplier,thailand,593
527,325324,mercure-pattaya-ocean-resort,www.gother.com/th-th/hotels/thailand/chonburi/central-pattaya/mercure-pattaya-ocean-resort,thailand/chonburi/central-pattaya/mercure-pattaya-ocean-resort,Supplier,thailand,560
146,233848,Proud-Phu-Fah-Mae-Rim,www.gother.com/th-th/hotels/thailand/chiang-mai/mae-rim/proud-phu-fah-mae-rim,thailand/chiang-mai/mae-rim/proud-phu-fah-mae-rim,DIRECT,thailand,549
525,3784,rayong-marriott-resort-spa,www.gother.com/th-th/hotels/thailand/rayong/klaeng/rayong-marriott-resort-spa,thailand/rayong/klaeng/rayong-marriott-resort-spa,Supplier,thailand,542
260,670539,Baba-Beach-Club-Hua-Hin-Luxury-Pool-Villa-Hotel-by-Sri-Panwa,www.gother.com/th-th/hotels/thailand/phetchaburi/cha-am/baba-beach-club-hua-hin-luxury-pool-villa-hotel-by-sri-panwa,thailand/prachuap-khiri-khan/cha-am/baba-beach-club-hua-hin-luxury-pool-villa-hotel-by-sri-panwa,DIRECT,thailand,532
531,137941,hard-rock-hotel-pattaya,www.gother.com/th-th/hotels/thailand/chonburi/central-pattaya/hard-rock-hotel-pattaya,thailand/chonburi/central-pattaya/hard-rock-hotel-pattaya,Supplier,thailand,532
530,838641,travelodge-nimman,www.gother.com/th-th/hotels/thailand/chiang-mai/muang-chiang-mai/travelodge-nimman,thailand/chiang-mai/muang-chiang-mai/travelodge-nimman,Supplier,thailand,511
464,3098,Kram-Pattaya,www.gother.com/th-th/hotels/thailand/chonburi/pattaya/kram-pattaya,thailand/chonburi/pattaya/kram-pattaya,DIRECT,thailand,496
533,3098,kram-pattaya,www.gother.com/th-th/hotels/thailand/chonburi/pattaya/kram-pattaya,thailand/chonburi/pattaya/kram-pattaya,Supplier,thailand,496
163,768798,Viewpoint-Khao-Yai,www.gother.com/th-th/hotels/thailand/nakhon-ratchasima/pak-chong/viewpoint-khao-yai,thailand/nakhon-ratchasima/pak-chong/viewpoint-khao-yai,DIRECT,thailand,493
532,760780,movenpick-resort-khao-yai,www.gother.com/th-th/hotels/thailand/nakhon-ratchasima/pak-chong/movenpick-resort-khao-yai,thailand/nakhon-ratchasima/pak-chong/movenpick-resort-khao-yai,Supplier,thailand,493
528,1057513,cross-pattaya-oceanphere-formerly-x2-pattaya-oceanphere,www.gother.com/th-th/hotels/thailand/chonburi/pattaya/cross-pattaya-oceanphere-1-bedroom-pool-villa,thailand/chonburi/sattahip/cross-pattaya-oceanphere-formerly-x2-pattaya-oceanphere,Supplier,thailand,492
529,772859,ana-anan-resort-villas-pattaya,www.gother.com/th-th/hotels/thailand/chonburi/sattahip/ana-anan-resort-villas-pattaya,thailand/chonburi/sattahip/ana-anan-resort-villas-pattaya,Supplier,thailand,482
5,137539,Rest-Detail-Hotel-Hua-Hin,www.gother.com/th-th/hotels/thailand/prachuap-khiri-khan/hua-hin/rest-detail-hotel-hua-hin,thailand/prachuap-khiri-khan/hua-hin/rest-detail-hotel-hua-hin,DIRECT,thailand,478
389,451901,U-Khao-Yai,www.gother.com/th-th/hotels/thailand/nakhon-ratchasima/khao-yai/u-khao-yai,thailand/nakhon-ratchasima/khao-yai/u-khao-yai,DIRECT,thailand,468
537,451901,u-khao-yai,www.gother.com/th-th/hotels/thailand/nakhon-ratchasima/khao-yai/u-khao-yai,thailand/nakhon-ratchasima/khao-yai/u-khao-yai,Supplier,thailand,468
1206,7298,palace-hotel-tokyo,www.gother.com/th-th/hotels/japan/tokyo/chiyoda/palace-hotel-tokyo,japan/tokyo/chiyoda/palace-hotel-tokyo,Supplier,japan,455
15,3457,Pattaya-Discovery-Beach-Hotel,www.gother.com/th-th/hotels/thailand/chonburi/central-pattaya/pattaya-discovery-beach-hotel,thailand/chonburi/central-pattaya/pattaya-discovery-beach-hotel,DIRECT,thailand,452
536,2226,hua-hin-marriott-resort-spa,www.gother.com/th-th/hotels/thailand/prachuap-khiri-khan/hua-hin/hua-hin-marriott-resort-spa,thailand/prachuap-khiri-khan/hua-hin/hua-hin-marriott-resort-spa,Supplier,thailand,452
103,841190,best-western-plus-carapace,www.gother.com/th-th/hotels/thailand/prachuap-khiri-khan/hua-hin/best-western-plus-carapace,thailand/prachuap-khiri-khan/hua-hin/best-western-plus-carapace,DIRECT,thailand,450
42,4847,veranda-resort-villas-hua-hin-cha-am,www.gother.com/th-th/hotels/thailand/prachuap-khiri-khan/hua-hin/veranda-resort-villas-hua-hin-cha-am,thailand/prachuap-khiri-khan/hua-hin/veranda-resort-villas-hua-hin-cha-am,DIRECT,thailand,441
545,4847,veranda-resort-villas-hua-hin-cha-am,www.gother.com/th-th/hotels/thailand/prachuap-khiri-khan/hua-hin/veranda-resort-villas-hua-hin-cha-am,thailand/prachuap-khiri-khan/hua-hin/veranda-resort-villas-hua-hin-cha-am,Supplier,thailand,441
1501,382,the-kowloon-hotel,www.gother.com/th-th/hotels/hong-kong/kowloon/tsim-sha-tsui/the-kowloon-hotel,hong-kong/kowloon/yau-tsim-mong/the-kowloon-hotel,Supplier,hong-kong,431
392,841187,U-Hua-Hin,www.gother.com/th-th/hotels/thailand/prachuap-khiri-khan/hua-hin/u-hua-hin,thailand/phetchaburi/cha-am/u-hua-hin,DIRECT,thailand,430
550,841187,u-hua-hin,www.gother.com/th-th/hotels/thailand/prachuap-khiri-khan/hua-hin/u-hua-hin,thailand/phetchaburi/cha-am/u-hua-hin,Supplier,thailand,430
546,860,amari-phuket,www.gother.com/th-th/hotels/thailand/phuket/kathu/amari-phuket,thailand/phuket/kathu/amari-phuket,Supplier,thailand,427
538,1488,khumphaya-resort-and-spa-boutique-collection,www.gother.com/th-th/hotels/thailand/chiang-mai/muang-chiang-mai/khumphaya-resort-and-spa-boutique-collection,thailand/chiang-mai/muang-chiang-mai/khumphaya-resort-and-spa-boutique-collection,Supplier,thailand,423
553,853,amari-don-muang-airport-bangkok-hotel,www.gother.com/th-th/hotels/thailand/bangkok/don-muang/amari-don-muang-airport-bangkok-hotel,thailand/bangkok/don-muang/amari-don-muang-airport-bangkok-hotel,Supplier,thailand,423
539,3765,ravindra-beach-resort-and-spa,www.gother.com/th-th/hotels/thailand/chonburi/sattahip/ravindra-beach-resort-and-spa,thailand/chonburi/sattahip/ravindra-beach-resort-and-spa,Supplier,thailand,417
549,3449,pattawia-resort-spa-hua-hin,www.gother.com/th-th/hotels/thailand/prachuap-khiri-khan/pran-buri/pattawia-resort-spa-hua-hin,thailand/prachuap-khiri-khan/pran-buri/pattawia-resort-spa-hua-hin,Supplier,thailand,415
540,570431,mercure-rayong-lomtalay-villas-resort,www.gother.com/th-th/hotels/thailand/rayong/klaeng/mercure-rayong-lomtalay-villas-resort,thailand/rayong/laem-mae-phim/mercure-rayong-lomtalay-villas-resort,Supplier,thailand,414
541,136941,banyan-tree-bangkok,www.gother.com/th-th/hotels/thailand/bangkok/sathon/banyan-tree-bangkok,thailand/bangkok/sathon/banyan-tree-bangkok,Supplier,thailand,412
543,196183,kirimaya-golf-resort-spa,www.gother.com/th-th/hotels/thailand/nakhon-ratchasima/khao-yai/kirimaya-golf-resort-spa,thailand/nakhon-ratchasima/khao-yai/kirimaya-golf-resort-spa,Supplier,thailand,411
348,2002,Garden-Sea-View-Resort,www.gother.com/th-th/hotels/thailand/chonburi/pattaya/garden-sea-view-resort,thailand/chonburi/pattaya/garden-sea-view-resort,DIRECT,thailand,406
548,2002,garden-sea-view-resort,www.gother.com/th-th/hotels/thailand/chonburi/pattaya/garden-sea-view-resort,thailand/chonburi/pattaya/garden-sea-view-resort,Supplier,thailand,406
158,764515,Seabed-Grand-Hotel-Phuket,www.gother.com/th-th/hotels/thailand/phuket/muang-phuket/seabed-grand-hotel-phuket,thailand/phuket/muang-phuket/seabed-grand-hotel-phuket,DIRECT,thailand,400
19,959,Ao-Prao-Resort,www.gother.com/th-th/hotels/thailand/rayong/muang-rayong/ao-prao-resort,thailand/rayong/koh-samet/ao-prao-resort,DIRECT,thailand,398
544,842081,cassia-rama-9-bangkok-by-banyan-group,www.gother.com/th-th/hotels/thailand/bangkok/huai-khwang/cassia-rama-9-bangkok,thailand/bangkok/huai-khwang/cassia-rama-9-bangkok-by-banyan-group,Supplier,thailand,397
1209,790978,hotel-amanek-asakusa-ekimae,www.gother.com/th-th/hotels/japan/tokyo/taito/hotel-amanek-asakusa-ekimae,japan/tokyo/taito/hotel-amanek-asakusa-ekimae,Supplier,japan,395
209,3701,Putahracsa-Hua-Hin-Resort,www.gother.com/th-th/hotels/thailand/prachuap-khiri-khan/hua-hin/putahracsa-hua-hin-resort,thailand/prachuap-khiri-khan/hua-hin/putahracsa-hua-hin-resort,DIRECT,thailand,391
584,763712,avagard-capsule-hotel-suvarnabhumi-airport,www.gother.com/th-th/hotels/thailand/samut-prakarn/bang-phli/avagard-capsule-hotel-suvarnabhumi-airport,thailand/samut-prakarn/bang-phli/avagard-capsule-hotel-suvarnabhumi-airport,Supplier,thailand,387
1207,794095,landabout-tokyo,www.gother.com/th-th/hotels/japan/tokyo/taito/landabout-tokyo,japan/tokyo/taito/landabout-tokyo,Supplier,japan,382
1208,188679,richmond-hotel-namba-daikokucho,www.gother.com/th-th/hotels/japan/osaka/osaka/richmond-hotel-namba-daikokucho,japan/osaka/osaka/richmond-hotel-namba-daikokucho,Supplier,japan,374
134,774465,Coral-Tree-Villa-Hua-Hin,www.gother.com/th-th/hotels/thailand/prachuap-khiri-khan/hua-hin/coral-tree-villa-hua-hin,thailand/phetchaburi/cha-am/coral-tree-villa-hua-hin,DIRECT,thailand,369
580,847895,grande-centre-point-lumphini-bangkok,www.gother.com/th-th/hotels/thailand/bangkok/sathon/grande-centre-point-lumphini-bangkok,thailand/bangkok/sathon/grande-centre-point-lumphini-bangkok,Supplier,thailand,357
611,1024,asia-hotel-bangkok,www.gother.com/th-th/hotels/thailand/bangkok/ratchathewi/asia-hotel-bangkok,thailand/bangkok/phaya-thai/asia-hotel-bangkok,Supplier,thailand,355
554,568243,thames-valley-khao-yai,www.gother.com/th-th/hotels/thailand/nakhon-ratchasima/pak-chong/thames-valley-khao-yai,thailand/nakhon-ratchasima/pak-chong/thames-valley-khao-yai,Supplier,thailand,354
1210,786300,hotel-emit-ueno,www.gother.com/th-th/hotels/japan/tokyo/taito/hotel-emit-ueno,japan/tokyo/taito/hotel-emit-ueno,Supplier,japan,353
1802,897035,ji-hotel-shanghai-peoples-square-fuzhou-road,www.gother.com/th-th/hotels/china/shanghai/huangpu/ji-hotel-shanghai-peoples-square-fuzhou-road,china/shanghai/huangpu/ji-hotel-shanghai-peoples-square-fuzhou-road,Supplier,china,353
388,756994,U-Jomtien-Pattaya,www.gother.com/th-th/hotels/thailand/chonburi/sattahip/u-jomtien-pattaya,thailand/chonburi/sattahip/u-jomtien-pattaya,DIRECT,thailand,347
567,756994,u-jomtien-pattaya,www.gother.com/th-th/hotels/thailand/chonburi/sattahip/u-jomtien-pattaya,thailand/chonburi/sattahip/u-jomtien-pattaya,Supplier,thailand,347
552,692500,sanae-hotel-nimman,www.gother.com/th-th/hotels/thailand/chiang-mai/muang-chiang-mai/sanae-hotel-nimman,thailand/chiang-mai/muang-chiang-mai/sanae-hotel-nimman,Supplier,thailand,342
1503,222,holiday-inn-golden-mile,www.gother.com/th-th/hotels/hong-kong/kowloon/tsim-sha-tsui/holiday-inn-golden-mile,hong-kong/kowloon/tsim-sha-tsui/holiday-inn-golden-mile,Supplier,hong-kong,340
113,12178,the-sanctuary-resort-pattaya-bw-signature-collection,www.gother.com/th-th/hotels/thailand/chonburi/south-pattaya/the-sanctuary-resort-pattaya-bw-signature-collection,thailand/chonburi/south-pattaya/the-sanctuary-resort-pattaya-bw-signature-collection,DIRECT,thailand,339
569,12178,the-sanctuary-resort-pattaya-bw-signature-collection,www.gother.com/th-th/hotels/thailand/chonburi/south-pattaya/the-sanctuary-resort-pattaya-bw-signature-collection,thailand/chonburi/south-pattaya/the-sanctuary-resort-pattaya-bw-signature-collection,Supplier,thailand,339
555,670448,renaissance-pattaya-resort-spa,www.gother.com/th-th/hotels/thailand/chonburi/pattaya/renaissance-pattaya-resort-spa,thailand/chonburi/pattaya/renaissance-pattaya-resort-spa,Supplier,thailand,337
322,766468,Estella-Ekkamai,www.gother.com/th-th/hotels/thailand/bangkok/watthana/estella-ekkamai,thailand/bangkok/watthana/estella-ekkamai,DIRECT,thailand,330
556,766468,estella-ekkamai,www.gother.com/th-th/hotels/thailand/bangkok/watthana/estella-ekkamai,thailand/bangkok/watthana/estella-ekkamai,Supplier,thailand,330
479,1217,Banana-Fan-Sea-Resort,www.gother.com/th-th/hotels/thailand/surat-thani/koh-samui/banana-fan-sea-resort,thailand/surat-thani/chaweng/banana-fan-sea-resort,DIRECT,thailand,329
1504,183,disney-s-hollywood-hotel,www.gother.com/th-th/hotels/hong-kong/lantau-island/disneyland-resort/disney-s-hollywood-hotel,hong-kong/lantau-island/disneyland-resort/disney-s-hollywood-hotel,Supplier,hong-kong,328
1803,51643,jinjiang-inn-select-shanghai-nanjing-road-pedestrian-street,www.gother.com/th-th/hotels/china/shanghai/huangpu/jinjiang-inn-select-shanghai-nanjing-road-pedestrian-street,china/shanghai/hongkou/jinjiang-inn-select-shanghai-nanjing-road-pedestrian-street,Supplier,china,328
1502,177,dorsett-wanchai-hong-kong,www.gother.com/th-th/hotels/hong-kong/hong-kong/wanchai/dorsett-wanchai-hong-kong,hong-kong/hong-kong/wanchai/dorsett-wanchai-hong-kong,Supplier,hong-kong,324
557,2751,le-meridien-chiang-rai-resort-thailand,www.gother.com/th-th/hotels/thailand/chiang-rai/muang-chiang-rai/le-meridien-chiang-rai-resort-thailand,thailand/chiang-rai/muang-chiang-rai/le-meridien-chiang-rai-resort-thailand,Supplier,thailand,322
559,11973,ibis-hua-hin,www.gother.com/th-th/hotels/thailand/prachuap-khiri-khan/hua-hin/ibis-hua-hin,thailand/prachuap-khiri-khan/hua-hin/ibis-hua-hin,Supplier,thailand,322
560,188004,doubletree-by-hilton-bangkok-ploenchit,www.gother.com/th-th/hotels/thailand/bangkok/khlong-toei/doubletree-by-hilton-bangkok-ploenchit,thailand/bangkok/khlong-toei/doubletree-by-hilton-bangkok-ploenchit,Supplier,thailand,322
396,862,U-Nimman-Chiang-Mai,www.gother.com/th-th/hotels/thailand/chiang-mai/muang-chiang-mai/u-nimman-chiang-mai,thailand/chiang-mai/nimmanhemin/u-nimman-chiang-mai,DIRECT,thailand,315
573,862,u-nimman-chiang-mai,www.gother.com/th-th/hotels/thailand/chiang-mai/muang-chiang-mai/u-nimman-chiang-mai,thailand/chiang-mai/nimmanhemin/u-nimman-chiang-mai,Supplier,thailand,315
405,326659,balcony-courtyard-sriracha-hotel-serviced-apartments,www.gother.com/th-th/hotels/thailand/chonburi/si-racha/balcony-courtyard-sriracha-hotel-serviced-apartments,thailand/chonburi/si-racha/balcony-courtyard-sriracha-hotel-serviced-apartments,DIRECT,thailand,314
566,326659,balcony-courtyard-sriracha-hotel-serviced-apartments,www.gother.com/th-th/hotels/thailand/chonburi/si-racha/balcony-courtyard-sriracha-hotel-serviced-apartments,thailand/chonburi/si-racha/balcony-courtyard-sriracha-hotel-serviced-apartments,Supplier,thailand,314
80,1058042,Sundance-Dayclub-Hua-Hin,www.gother.com/th-th/hotels/thailand/phetchaburi/cha-am/sundance-dayclub-hua-hin,thailand/prachuap-khiri-khan/hua-hin/sundance-dayclub-hua-hin,DIRECT,thailand,310
58,776,A-ONE-PATTAYA-BEACH-RESORT,www.gother.com/th-th/hotels/thailand/chonburi/bang-lamung/a-one-pattaya-beach-resort,thailand/chonburi/bang-lamung/a-one-pattaya-beach-resort,DIRECT,thailand,309
100,4296,springfield-sea-resort-spa,www.gother.com/th-th/hotels/thailand/phetchaburi/cha-am/springfield-sea-resort-spa,thailand/phetchaburi/cha-am/springfield-sea-resort-spa,DIRECT,thailand,309
562,4296,springfield-sea-resort-spa,www.gother.com/th-th/hotels/thailand/phetchaburi/cha-am/springfield-sea-resort-spa,thailand/phetchaburi/cha-am/springfield-sea-resort-spa,Supplier,thailand,309
65,1448,CAPE-PANWA-HOTEL,www.gother.com/th-th/hotels/thailand/phuket/muang-phuket/cape-panwa-hotel,thailand/phuket/cape-panwa/cape-panwa-hotel,DIRECT,thailand,308
558,1477,centara-grand-beach-resort-villas-hua-hin,www.gother.com/th-th/hotels/thailand/prachuap-khiri-khan/hua-hin/centara-grand-beach-resort-villas-hua-hin,thailand/prachuap-khiri-khan/hua-hin/centara-grand-beach-resort-villas-hua-hin,Supplier,thailand,305
561,2148,hilton-hua-hin-resort-spa,www.gother.com/th-th/hotels/thailand/prachuap-khiri-khan/hua-hin/hilton-hua-hin-resort-spa,thailand/prachuap-khiri-khan/hua-hin/hilton-hua-hin-resort-spa,Supplier,thailand,305
375,510773,Phuwanalee-Resort-Khao-Yai,www.gother.com/th-th/hotels/thailand/nakhon-ratchasima/pak-chong/phuwanalee-resort-khao-yai,thailand/nakhon-ratchasima/pak-chong/phuwanalee-resort-khao-yai,DIRECT,thailand,301
565,510773,phuwanalee-resort-khao-yai,www.gother.com/th-th/hotels/thailand/nakhon-ratchasima/pak-chong/phuwanalee-resort-khao-yai,thailand/nakhon-ratchasima/pak-chong/phuwanalee-resort-khao-yai,Supplier,thailand,301
1211,720030,shinsaibashi-grand-hotel-osaka,www.gother.com/th-th/hotels/japan/osaka/osaka/shinsaibashi-grand-hotel-osaka,japan/osaka/osaka/shinsaibashi-grand-hotel-osaka,Supplier,japan,301
570,451868,centara-life-maris-resort-jomtien,www.gother.com/th-th/hotels/thailand/chonburi/sattahip/centara-life-maris-resort-jomtien,thailand/chonburi/sattahip/centara-life-maris-resort-jomtien,Supplier,thailand,299
563,2277,intercontinental-chiang-mai-the-mae-ping-an-ihg-hotel,www.gother.com/th-th/hotels/thailand/chiang-mai/muang-chiang-mai/intercontinental-chiang-mai-the-mae-ping-an-ihg-hotel,thailand/chiang-mai/muang-chiang-mai/intercontinental-chiang-mai-the-mae-ping-an-ihg-hotel,Supplier,thailand,298
1213,186143,hotel-sardonyx-ueno,www.gother.com/th-th/hotels/japan/tokyo/taito/hotel-sardonyx-ueno,japan/tokyo/taito/hotel-sardonyx-ueno,Supplier,japan,293
394,4807,U-Chiang-Mai,www.gother.com/th-th/hotels/thailand/chiang-mai/muang-chiang-mai/u-chiang-mai,thailand/chiang-mai/muang-chiang-mai/u-chiang-mai,DIRECT,thailand,291
576,4807,u-chiang-mai,www.gother.com/th-th/hotels/thailand/chiang-mai/muang-chiang-mai/u-chiang-mai,thailand/chiang-mai/muang-chiang-mai/u-chiang-mai,Supplier,thailand,291
397,325299,U-Sathorn-Bangkok,www.gother.com/th-th/hotels/thailand/bangkok/sathon/u-sathorn-bangkok,thailand/bangkok/sathon/u-sathorn-bangkok,DIRECT,thailand,289
781,325299,u-sathorn-bangkok,www.gother.com/th-th/hotels/thailand/bangkok/sathon/u-sathorn-bangkok,thailand/bangkok/sathon/u-sathorn-bangkok,Supplier,thailand,289
1212,310147,hotel-gracery-shinjuku,www.gother.com/th-th/hotels/japan/tokyo/shinjuku/hotel-gracery-shinjuku,japan/tokyo/shinjuku/hotel-gracery-shinjuku,Supplier,japan,286
82,660929,The-Private-Pool-Villas-at-Civilai-Hill-Khao-Yai,www.gother.com/th-th/hotels/thailand/nakhon-ratchasima/khao-yai/the-private-pool-villas-at-civilai-hill-khao-yai,thailand/nakhon-ratchasima/khao-yai/the-private-pool-villas-at-civilai-hill-khao-yai,DIRECT,thailand,283
564,660929,the-private-pool-villas-at-civilai-hill-khao-yai,www.gother.com/th-th/hotels/thailand/nakhon-ratchasima/khao-yai/the-private-pool-villas-at-civilai-hill-khao-yai,thailand/nakhon-ratchasima/khao-yai/the-private-pool-villas-at-civilai-hill-khao-yai,Supplier,thailand,283
14,826692,vala-hua-hin-nu-chapter-hotels,www.gother.com/th-th/hotels/thailand/phetchaburi/cha-am/vala-hua-hin-nu-chapter-hotels,thailand/prachuap-khiri-khan/cha-am/vala-hua-hin-nu-chapter-hotels,DIRECT,thailand,281
568,472910,banlansuan-resort,www.gother.com/th-th/hotels/thailand/prachuap-khiri-khan/hua-hin/banlansuan-resort,thailand/prachuap-khiri-khan/hua-hin/banlansuan-resort,Supplier,thailand,281
577,826692,vala-hua-hin-nu-chapter-hotels,www.gother.com/th-th/hotels/thailand/phetchaburi/cha-am/vala-hua-hin-nu-chapter-hotels,thailand/prachuap-khiri-khan/cha-am/vala-hua-hin-nu-chapter-hotels,Supplier,thailand,281
1804,8697,guo-ji-yi-yuan-hotel,www.gother.com/th-th/hotels/china/beijing/dongcheng/guo-ji-yi-yuan-hotel,china/beijing/dongcheng/guo-ji-yi-yuan-hotel,Supplier,china,273
571,3367,panviman-chiangmai-spa-resort,www.gother.com/th-th/hotels/thailand/chiang-mai/mae-rim/panviman-chiangmai-spa-resort,thailand/chiang-mai/mae-rim/panviman-chiangmai-spa-resort,Supplier,thailand,271
31,4657,the-rock-hua-hin,www.gother.com/th-th/hotels/thailand/prachuap-khiri-khan/hua-hin/the-rock-hua-hin,thailand/prachuap-khiri-khan/hua-hin/the-rock-hua-hin,DIRECT,thailand,269
654,451802,la-toscana-resort,www.gother.com/th-th/hotels/thailand/ratchaburi/suan-phueng/la-toscana-resort,thailand/ratchaburi/suan-phueng/la-toscana-resort,Supplier,thailand,268
433,227468,D-Varee-Jomtien-Beach-Pattaya,www.gother.com/th-th/hotels/thailand/chonburi/pattaya/d-varee-jomtien-beach-pattaya,thailand/chonburi/pattaya/d-varee-jomtien-beach-pattaya,DIRECT,thailand,266
609,227468,d-varee-jomtien-beach-pattaya,www.gother.com/th-th/hotels/thailand/chonburi/pattaya/d-varee-jomtien-beach-pattaya,thailand/chonburi/pattaya/d-varee-jomtien-beach-pattaya,Supplier,thailand,266
574,252164,centara-pattaya-hotel,www.gother.com/th-th/hotels/thailand/chonburi/central-pattaya/centara-pattaya-hotel,thailand/chonburi/central-pattaya/centara-pattaya-hotel,Supplier,thailand,260
588,857,nova-suites-pattaya-by-compass-hospitality,www.gother.com/th-th/hotels/thailand/chonburi/pattaya/nova-suites-pattaya-by-compass-hospitality,thailand/chonburi/pattaya/nova-suites-pattaya-by-compass-hospitality,Supplier,thailand,259
579,234034,lk-mantra-pura-resort-pattaya,www.gother.com/th-th/hotels/thailand/chonburi/pattaya/lk-mantra-pura-resort-pattaya,thailand/chonburi/pattaya/lk-mantra-pura-resort-pattaya,Supplier,thailand,258
572,12193,nova-platinum-hotel,www.gother.com/th-th/hotels/thailand/chonburi/pattaya/nova-platinum-hotel,thailand/chonburi/pattaya/nova-platinum-hotel,Supplier,thailand,255
575,841979,baan-tuk-din-hotel,www.gother.com/th-th/hotels/thailand/bangkok/phra-nakhon/baan-tuk-din-hotel,thailand/bangkok/phra-nakhon/baan-tuk-din-hotel,Supplier,thailand,251
585,1186,baiyoke-sky-hotel,www.gother.com/th-th/hotels/thailand/bangkok/ratchathewi/baiyoke-sky-hotel,thailand/bangkok/ratchathewi/baiyoke-sky-hotel,Supplier,thailand,250
578,1816,dor-shada-resort-by-the-sea,www.gother.com/th-th/hotels/thailand/chonburi/pattaya/dor-shada-resort-by-the-sea,thailand/chonburi/pattaya/dor-shada-resort-by-the-sea,Supplier,thailand,247
582,765,137-pillars-house,www.gother.com/th-th/hotels/thailand/chiang-mai/muang-chiang-mai/137-pillars-house,thailand/chiang-mai/muang-chiang-mai/137-pillars-house,Supplier,thailand,247
1505,834410,k11-artus,www.gother.com/th-th/hotels/hong-kong/kowloon/tsim-sha-tsui/k11-artus,hong-kong/kowloon/tsim-sha-tsui/k11-artus,Supplier,hong-kong,247
587,451740,ibis-bangkok-impact,www.gother.com/th-th/hotels/thailand/nonthaburi/pak-kret/ibis-bangkok-impact,thailand/nonthaburi/muang-nonthaburi/ibis-bangkok-impact,Supplier,thailand,246
596,1613,chiang-mai-plaza-hotel,www.gother.com/th-th/hotels/thailand/chiang-mai/muang-chiang-mai/chiang-mai-plaza-hotel,thailand/chiang-mai/muang-chiang-mai/chiang-mai-plaza-hotel,Supplier,thailand,242
262,4299,Sri-Panwa-Phuket-Luxury-Pool-Villa-Hotel,www.gother.com/th-th/hotels/thailand/phuket/muang-phuket/sri-panwa-phuket-luxury-pool-villa-hotel,thailand/phuket/muang-phuket/sri-panwa-phuket-luxury-pool-villa-hotel,DIRECT,thailand,240
581,227468,d-varee-jomtien-beach-pattaya-hotel,www.gother.com/th-th/hotels/thailand/chonburi/pattaya/d-varee-jomtien-beach-pattaya,thailand/chonburi/pattaya/d-varee-jomtien-beach-pattaya-hotel,Supplier,thailand,240
1214,7299,imperial-hotel-tokyo,www.gother.com/th-th/hotels/japan/tokyo/chiyoda/imperial-hotel-tokyo,japan/tokyo/chiyoda/imperial-hotel-tokyo,Supplier,japan,239
241,137769,Ananta-Burin-Resort,www.gother.com/th-th/hotels/thailand/krabi/ao-nang-beach/ananta-burin-resort,thailand/krabi/ao-nang-beach/ananta-burin-resort,DIRECT,thailand,237
583,3838,riverside-bangkok-hotel,www.gother.com/th-th/hotels/thailand/bangkok/bang-phlat/riverside-bangkok-hotel,thailand/bangkok/bang-phlat/riverside-bangkok-hotel,Supplier,thailand,236
601,1850,dusit-thani-pattaya,www.gother.com/th-th/hotels/thailand/chonburi/north-pattaya/dusit-thani-pattaya,thailand/chonburi/north-pattaya/dusit-thani-pattaya,Supplier,thailand,236
589,766667,ozo-north-pattaya,www.gother.com/th-th/hotels/thailand/chonburi/bang-lamung/ozo-north-pattaya,thailand/chonburi/bang-lamung/ozo-north-pattaya,Supplier,thailand,235
64,452268,Cape-Kudu-Hotel,www.gother.com/th-th/hotels/thailand/phang-nga/koh-yao-noi/cape-kudu-hotel,thailand/phang-nga/koh-yao-noi/cape-kudu-hotel,DIRECT,thailand,234
586,2750,chiang-mai-marriott-hotel,www.gother.com/th-th/hotels/thailand/chiang-mai/muang-chiang-mai/chiang-mai-marriott-hotel,thailand/chiang-mai/muang-chiang-mai/chiang-mai-marriott-hotel,Supplier,thailand,234
597,451877,bangsaen-heritage-hotel,www.gother.com/th-th/hotels/thailand/chonburi/muang-chonburi/bangsaen-heritage-hotel,thailand/chonburi/bang-saen/bangsaen-heritage-hotel,Supplier,thailand,232
300,758863,Gategaa-Village,www.gother.com/th-th/hotels/thailand/chiang-mai/muang-chiang-mai/gategaa-village,thailand/chiang-mai/muang-chiang-mai/gategaa-village,DIRECT,thailand,231
592,758863,gategaa-village,www.gother.com/th-th/hotels/thailand/chiang-mai/muang-chiang-mai/gategaa-village,thailand/chiang-mai/muang-chiang-mai/gategaa-village,Supplier,thailand,231
383,760741,Craftsman-Bangkok,www.gother.com/th-th/hotels/thailand/bangkok/phaya-thai/craftsman-bangkok,thailand/bangkok/phaya-thai/craftsman-bangkok,DIRECT,thailand,230
843,760741,craftsman-bangkok,www.gother.com/th-th/hotels/thailand/bangkok/phaya-thai/craftsman-bangkok,thailand/bangkok/phaya-thai/craftsman-bangkok,Supplier,thailand,230
411,757441,Onsen-at-Moncham,www.gother.com/th-th/hotels/thailand/chiang-mai/mae-rim/onsen-at-moncham,thailand/chiang-mai/mae-rim/onsen-at-moncham,DIRECT,thailand,229
621,757441,onsen-at-moncham,www.gother.com/th-th/hotels/thailand/chiang-mai/mae-rim/onsen-at-moncham,thailand/chiang-mai/mae-rim/onsen-at-moncham,Supplier,thailand,229
624,3000,millennium-hilton-bangkok,www.gother.com/th-th/hotels/thailand/bangkok/khlong-san/millennium-hilton-bangkok,thailand/bangkok/khlong-san/millennium-hilton-bangkok,Supplier,thailand,229
4,1464,The-Peri-Hotel-Hua-Hin,www.gother.com/th-th/hotels/thailand/prachuap-khiri-khan/hua-hin/the-peri-hotel-hua-hin,thailand/prachuap-khiri-khan/hua-hin/the-peri-hotel-hua-hin,DIRECT,thailand,227
600,848020,novotel-marina-sriracha,www.gother.com/th-th/hotels/thailand/chonburi/si-racha/novotel-marina-sriracha,thailand/chonburi/si-racha/novotel-marina-sriracha,Supplier,thailand,227
590,4625,the-okura-prestige-bangkok,www.gother.com/th-th/hotels/thailand/bangkok/pathum-wan/the-okura-prestige-bangkok,thailand/bangkok/pathum-wan/the-okura-prestige-bangkok,Supplier,thailand,224
1215,783473,sotetsu-fresa-inn-osaka-namba,www.gother.com/th-th/hotels/japan/osaka/osaka/sotetsu-fresa-inn-osaka-namba,japan/osaka/sakai/sotetsu-fresa-inn-osaka-namba,Supplier,japan,223
591,193027,felix-river-kwai-resort-kanchanaburi,www.gother.com/th-th/hotels/thailand/kanchanaburi/muang-kanchanaburi/felix-river-kwai-resort,thailand/kanchanaburi/muang-kanchanaburi/felix-river-kwai-resort-kanchanaburi,Supplier,thailand,222
629,841235,andaz-pattaya-jomtien-beach-by-hyatt,www.gother.com/th-th/hotels/thailand/chonburi/sattahip/andaz-pattaya-jomtien-beach-by-hyatt,thailand/chonburi/sattahip/andaz-pattaya-jomtien-beach-by-hyatt,Supplier,thailand,220
20,3964,Sai-Kaew-Beach-Resort,www.gother.com/th-th/hotels/thailand/rayong/koh-samet/sai-kaew-beach-resort,thailand/rayong/koh-samet/sai-kaew-beach-resort,DIRECT,thailand,217
593,4437,swissotel-bangkok-ratchada,www.gother.com/th-th/hotels/thailand/bangkok/huai-khwang/swissotel-bangkok-ratchada,thailand/bangkok/huai-khwang/swissotel-bangkok-ratchada,Supplier,thailand,216
594,2301,intercontinental-hua-hin-resort,www.gother.com/th-th/hotels/thailand/prachuap-khiri-khan/hua-hin/intercontinental-hua-hin-resort,thailand/prachuap-khiri-khan/hua-hin/intercontinental-hua-hin-resort,Supplier,thailand,216
16,452455,Sand-Dunes-Chaolao-Beach-Resort,www.gother.com/th-th/hotels/thailand/chanthaburi/tha-mai/sand-dunes-chaolao-beach-resort,thailand/chanthaburi/tha-mai/sand-dunes-chaolao-beach-resort,DIRECT,thailand,215
605,842806,akara-hotel-pattaya,www.gother.com/th-th/hotels/thailand/chonburi/bang-lamung/akara-hotel-pattaya,thailand/chonburi/bang-lamung/akara-hotel-pattaya,Supplier,thailand,214
610,719782,pause-and-play-hotel,www.gother.com/th-th/hotels/thailand/chiang-mai/muang-chiang-mai/pause-and-play-hotel,thailand/chiang-mai/muang-chiang-mai/pause-and-play-hotel,Supplier,thailand,213
603,325487,red-z-the-ocean,www.gother.com/th-th/hotels/thailand/phetchaburi/tha-yang/red-z-the-ocean,thailand/phetchaburi/cha-am/red-z-the-ocean,Supplier,thailand,212
71,843498,the-regent-cha-am-beach-resort-hua-hin,www.gother.com/th-th/hotels/thailand/phetchaburi/cha-am/the-regent-cha-am-beach-resort-hua-hin,thailand/phetchaburi/cha-am/the-regent-cha-am-beach-resort-hua-hin,DIRECT,thailand,211
599,893,anantara-chiang-mai-resort,www.gother.com/th-th/hotels/thailand/chiang-mai/muang-chiang-mai/anantara-chiang-mai-resort,thailand/chiang-mai/muang-chiang-mai/anantara-chiang-mai-resort,Supplier,thailand,211
614,843498,the-regent-cha-am-beach-resort-hua-hin,www.gother.com/th-th/hotels/thailand/phetchaburi/cha-am/the-regent-cha-am-beach-resort-hua-hin,thailand/phetchaburi/cha-am/the-regent-cha-am-beach-resort-hua-hin,Supplier,thailand,211
598,844343,oakwood-hotel-residence-sri-racha,www.gother.com/th-th/hotels/thailand/chonburi/si-racha/oakwood-hotel-residence-sri-racha,thailand/chonburi/si-racha/oakwood-hotel-residence-sri-racha,Supplier,thailand,210
400,777,A-ONE-The-Royal-Cruise-Hotel,www.gother.com/th-th/hotels/thailand/chonburi/central-pattaya/a-one-the-royal-cruise-hotel,thailand/chonburi/central-pattaya/a-one-the-royal-cruise-hotel,DIRECT,thailand,209
595,777,a-one-the-royal-cruise-hotel-pattaya,www.gother.com/th-th/hotels/thailand/chonburi/central-pattaya/a-one-the-royal-cruise-hotel,thailand/chonburi/central-pattaya/a-one-the-royal-cruise-hotel-pattaya,Supplier,thailand,209
655,777,a-one-the-royal-cruise-hotel,www.gother.com/th-th/hotels/thailand/chonburi/central-pattaya/a-one-the-royal-cruise-hotel,thailand/chonburi/central-pattaya/a-one-the-royal-cruise-hotel,Supplier,thailand,209
1218,792407,hotel-livemax-ueno-ekimae,www.gother.com/th-th/hotels/japan/tokyo/taito/hotel-livemax-ueno-ekimae,japan/tokyo/taito/hotel-livemax-ueno-ekimae,Supplier,japan,208
602,2055,grand-china-bangkok,www.gother.com/th-th/hotels/thailand/bangkok/samphanthawong/grand-china-bangkok,thailand/bangkok/samphanthawong/grand-china-bangkok,Supplier,thailand,206
1806,63577,modena-by-fraser-putuo-shanghai,www.gother.com/th-th/hotels/china/shanghai/putuo/modena-by-fraser-putuo-shanghai,china/shanghai/hongkou/modena-by-fraser-putuo-shanghai,Supplier,china,205
608,685286,sri-chiang-yeun-house,www.gother.com/th-th/hotels/thailand/chiang-mai/muang-chiang-mai/sri-chiang-yeun-house,thailand/chiang-mai/muang-chiang-mai/sri-chiang-yeun-house,Supplier,thailand,203
618,841752,the-quarter-ratchayothin-by-uhg,www.gother.com/th-th/hotels/thailand/bangkok/chatuchak/the-quarter-ratchayothin-by-uhg,thailand/bangkok/chatuchak/the-quarter-ratchayothin-by-uhg,Supplier,thailand,202
232,326613,Nature-Boutique-Hotel-Ratchayothin,www.gother.com/th-th/hotels/thailand/bangkok/chatuchak/nature-boutique-hotel-ratchayothin,thailand/bangkok/chatuchak/nature-boutique-hotel-ratchayothin,DIRECT,thailand,201
604,844323,novotel-koh-si-chang,www.gother.com/th-th/hotels/thailand/chonburi/ko-sichang/novotel-koh-si-chang,thailand/chonburi/si-racha/novotel-koh-si-chang,Supplier,thailand,201
1216,133099,akihabara-washington-hotel,www.gother.com/th-th/hotels/japan/tokyo/chiyoda/akihabara-washington-hotel,japan/tokyo/chiyoda/akihabara-washington-hotel,Supplier,japan,200
630,374215,novotel-bangkok-impact-hotel,www.gother.com/th-th/hotels/thailand/bangkok/asoke/novotel-bangkok-impact-hotel,thailand/bangkok/pak-kret/novotel-bangkok-impact-hotel,Supplier,thailand,198
606,451919,modena-by-fraser-bangkok,www.gother.com/th-th/hotels/thailand/bangkok/khlong-toei/modena-by-fraser-bangkok,thailand/bangkok/khlong-toei/modena-by-fraser-bangkok,Supplier,thailand,196
1220,849392,apa-hotel-ueno-ekimae,www.gother.com/th-th/hotels/japan/tokyo/taito/apa-hotel-ueno-ekimae,japan/tokyo/meguro/apa-hotel-ueno-ekimae,Supplier,japan,196
155,1567,Chatrium-Hotel-Riverside-Bangkok,www.gother.com/th-th/hotels/thailand/bangkok/bang-kho-laem/chatrium-hotel-riverside-bangkok,thailand/bangkok/bang-kho-laem/chatrium-hotel-riverside-bangkok,DIRECT,thailand,195
607,451902,koh-jum-beach-villas,www.gother.com/th-th/hotels/thailand/krabi/nuea-khlong/koh-jum-beach-villas,thailand/krabi/nuea-khlong/koh-jum-beach-villas,Supplier,thailand,195
1506,184,hong-kong-disneyland-hotel,www.gother.com/th-th/hotels/hong-kong/lantau-island/disneyland-resort/hong-kong-disneyland-hotel,hong-kong/lantau-island/disneyland-resort/hong-kong-disneyland-hotel,Supplier,hong-kong,195
1805,897006,vienna-hotel-shanghai-nanjing-road-pedestrian-street,www.gother.com/th-th/hotels/china/shanghai/people-square-and-south-bund-huangpu/vienna-hotel-shanghai-nanjing-road-pedestrian-street,china/shanghai/people-square-and-south-bund-huangpu/vienna-hotel-shanghai-nanjing-road-pedestrian-street,Supplier,china,195
668,762416,khum-damnoen-resort,www.gother.com/th-th/hotels/thailand/ratchaburi/damnoen-saduak/khum-damnoen-resort,thailand/ratchaburi/damnoen-saduak/khum-damnoen-resort,Supplier,thailand,194
792,761458,the-quarter-ari-by-uhg,www.gother.com/th-th/hotels/thailand/bangkok/phaya-thai/the-quarter-ari-by-uhg,thailand/bangkok/phaya-thai/the-quarter-ari-by-uhg,Supplier,thailand,194
612,4521,aetas-lumpini,www.gother.com/th-th/hotels/thailand/bangkok/sathon/aetas-lumpini,thailand/bangkok/sathon/aetas-lumpini,Supplier,thailand,192
615,845557,eastin-resort-rayong,www.gother.com/th-th/hotels/thailand/rayong/ban-chang/eastin-resort-rayong,thailand/rayong/ban-chang/eastin-resort-rayong,Supplier,thailand,188
206,451723,s17-nimman-hotel,www.gother.com/th-th/hotels/thailand/chiang-mai/nimmanhemin/s17-nimman-hotel,thailand/chiang-mai/nimmanhemin/s17-nimman-hotel,DIRECT,thailand,187
616,4272,so-bangkok,www.gother.com/th-th/hotels/thailand/bangkok/bang-rak/so-bangkok,thailand/bangkok/bang-rak/so-bangkok,Supplier,thailand,187
646,451723,s17-nimman-hotel,www.gother.com/th-th/hotels/thailand/chiang-mai/nimmanhemin/s17-nimman-hotel,thailand/chiang-mai/nimmanhemin/s17-nimman-hotel,Supplier,thailand,187
79,841997,Lilit-Bang-Lumphu-Hotel,www.gother.com/th-th/hotels/thailand/bangkok/phra-nakhon/lilit-bang-lumphu-hotel-close-to-khao-san-road,thailand/bangkok/phra-nakhon/lilit-bang-lumphu-hotel,DIRECT,thailand,186
395,4808,U-Inchantree-Kanchanaburi,www.gother.com/th-th/hotels/thailand/kanchanaburi/muang-kanchanaburi/u-inchantree-kanchanaburi,thailand/kanchanaburi/muang-kanchanaburi/u-inchantree-kanchanaburi,DIRECT,thailand,186
665,4808,u-inchantree-kanchanaburi,www.gother.com/th-th/hotels/thailand/kanchanaburi/muang-kanchanaburi/u-inchantree-kanchanaburi,thailand/kanchanaburi/muang-kanchanaburi/u-inchantree-kanchanaburi,Supplier,thailand,186
1219,7432,sotetsu-grand-fresa-tokyo-bay-ariake,www.gother.com/th-th/hotels/japan/tokyo/koto/sotetsu-grand-fresa-tokyo-bay-ariake,japan/tokyo/koto/sotetsu-grand-fresa-tokyo-bay-ariake,Supplier,japan,186
636,452278,centara-life-phu-pano-krabi,www.gother.com/th-th/hotels/thailand/krabi/ao-nang-beach/centara-life-phu-pano-krabi,thailand/krabi/ao-nang-beach/centara-life-phu-pano-krabi,Supplier,thailand,185
1217,492660,toyoko-inn-osaka-hankyu-juso-eki-nishiguchi-no-1,www.gother.com/th-th/hotels/japan/osaka/chuo/toyoko-inn-osaka-hankyu-juso-eki-nishiguchi-no-1,japan/osaka/chuo/toyoko-inn-osaka-hankyu-juso-eki-nishiguchi-no-1,Supplier,japan,185
622,137005,dusit-thani-bangkok,www.gother.com/th-th/hotels/thailand/bangkok/bang-rak/dusit-thani-bangkok,thailand/bangkok/bang-rak/dusit-thani-bangkok,Supplier,thailand,183
644,233733,the-quarter-saladaeng-by-uhg,www.gother.com/th-th/hotels/thailand/bangkok/bang-rak/the-quarter-saladaeng-by-uhg,thailand/bangkok/bang-rak/the-quarter-saladaeng-by-uhg,Supplier,thailand,182
628,959701,dusit-thani-hua-hin,www.gother.com/th-th/hotels/thailand/phetchaburi/cha-am/dusit-thani-hua-hin,thailand/phetchaburi/cha-am/dusit-thani-hua-hin,Supplier,thailand,181
632,3072,muthi-maya-forest-pool-villa-resort,www.gother.com/th-th/hotels/thailand/nakhon-ratchasima/pak-chong/muthi-maya-forest-pool-villa-resort,thailand/nakhon-ratchasima/pak-chong/muthi-maya-forest-pool-villa-resort,Supplier,thailand,180
1224,849585,shinjuku-washington-hotel-main-building,www.gother.com/th-th/hotels/japan/tokyo/shinjuku/shinjuku-washington-hotel-main-building,japan/tokyo/shinjuku/shinjuku-washington-hotel-main-building,Supplier,japan,180
617,3236,four-points-by-sheraton-bangkok-ploenchit,www.gother.com/th-th/hotels/thailand/bangkok/pathum-wan/four-points-by-sheraton-bangkok-ploenchit,thailand/bangkok/pathum-wan/four-points-by-sheraton-bangkok-ploenchit,Supplier,thailand,179
620,2202,so-sofitel-hua-hin,www.gother.com/th-th/hotels/thailand/phetchaburi/cha-am/so-sofitel-hua-hin,thailand/prachuap-khiri-khan/cha-am/so-sofitel-hua-hin,Supplier,thailand,178
623,4191,siam-kempinski-hotel-bangkok,www.gother.com/th-th/hotels/thailand/bangkok/pathum-wan/siam-kempinski-hotel-bangkok,thailand/bangkok/pathum-wan/siam-kempinski-hotel-bangkok,Supplier,thailand,177
441,233876,My-Way-Hua-Hin-Music-Hotel,www.gother.com/th-th/hotels/thailand/prachuap-khiri-khan/hua-hin/my-way-hua-hin-music-hotel,thailand/prachuap-khiri-khan/hua-hin/my-way-hua-hin-music-hotel,DIRECT,thailand,176
656,233876,my-way-hua-hin-music-hotel,www.gother.com/th-th/hotels/thailand/prachuap-khiri-khan/hua-hin/my-way-hua-hin-music-hotel,thailand/prachuap-khiri-khan/hua-hin/my-way-hua-hin-music-hotel,Supplier,thailand,176
1221,785907,wat-hotel-spa-hida-takayama,www.gother.com/th-th/hotels/japan/gifu/takayama/wat-hotel-spa-hida-takayama,japan/gifu/takayama/wat-hotel-spa-hida-takayama,Supplier,japan,176
1222,7364,the-prince-park-tower-tokyo-preferred-hotels-resorts-lvx-collection,www.gother.com/th-th/hotels/japan/tokyo/minato/the-prince-park-tower-tokyo-preferred-hotels-resorts-lvx-collection,japan/tokyo/minato/the-prince-park-tower-tokyo-preferred-hotels-resorts-lvx-collection,Supplier,japan,176
420,4708,The-Zign-Hotel,www.gother.com/th-th/hotels/thailand/chonburi/north-pattaya/the-zign-hotel,thailand/chonburi/north-pattaya/the-zign-hotel,DIRECT,thailand,175
626,4178,intercontinental-pattaya-resort,www.gother.com/th-th/hotels/thailand/chonburi/south-pattaya/intercontinental-pattaya-resort,thailand/chonburi/south-pattaya/intercontinental-pattaya-resort,Supplier,thailand,175
639,4708,the-zign-hotel,www.gother.com/th-th/hotels/thailand/chonburi/north-pattaya/the-zign-hotel,thailand/chonburi/north-pattaya/the-zign-hotel,Supplier,thailand,175
1223,7403,e-hotel-higashi-shinjuku-tokyo,www.gother.com/th-th/hotels/japan/tokyo/shinjuku/e-hotel-higashi-shinjuku-tokyo,japan/tokyo/shinjuku/e-hotel-higashi-shinjuku-tokyo,Supplier,japan,175
619,844363,symphony-of-the-sea-hotel,www.gother.com/th-th/hotels/thailand/chonburi/muang-chonburi/symphony-of-the-sea-hotel,thailand/chonburi/muang-chonburi/symphony-of-the-sea-hotel,Supplier,thailand,174
1808,374501,grand-central-hotel-shanghai,www.gother.com/th-th/hotels/china/shanghai/huangpu/grand-central-hotel-shanghai,china/shanghai/huangpu/grand-central-hotel-shanghai,Supplier,china,174
1225,6908,hotel-nikko-kansai-airport,www.gother.com/th-th/hotels/japan/osaka/izumisano/hotel-nikko-kansai-airport,japan/osaka/izumisano/hotel-nikko-kansai-airport,Supplier,japan,173
240,769228,Panphuree-Residence,www.gother.com/th-th/hotels/thailand/phuket/muang-phuket/panphuree-residence,thailand/phuket/muang-phuket/panphuree-residence,DIRECT,thailand,172
635,836296,centara-korat,www.gother.com/th-th/hotels/thailand/nakhon-ratchasima/muang-nakhon-ratchasima/centara-korat,thailand/nakhon-ratchasima/muang-nakhon-ratchasima/centara-korat,Supplier,thailand,172
689,453044,kongthongtip-resort,www.gother.com/th-th/hotels/thailand/suphan-buri/u-thong/kongthongtip-resort,thailand/suphan-buri/u-thong/kongthongtip-resort,Supplier,thailand,172
634,196271,hotel-baraquda-heeton-pattaya-by-compass-hospitality,www.gother.com/th-th/hotels/thailand/chonburi/pattaya/hotel-baraquda-heeton-pattaya-by-compass-hospitality,thailand/chonburi/pattaya/hotel-baraquda-heeton-pattaya-by-compass-hospitality,Supplier,thailand,171
625,1028416,s-sriracha-hotel-and-residence,www.gother.com/th-th/hotels/thailand/chonburi/si-racha/s-sriracha-hotel-and-residence,thailand/chonburi/si-racha/s-sriracha-hotel-and-residence,Supplier,thailand,170
633,891,jc-kevin-sathorn-bangkok-hotel,www.gother.com/th-th/hotels/thailand/bangkok/sathon/jc-kevin-sathorn-bangkok-hotel,thailand/bangkok/sathon/jc-kevin-sathorn-bangkok-hotel,Supplier,thailand,169
1229,738321,hotel-sunroute-chiba,www.gother.com/th-th/hotels/japan/tokyo/shinjuku/hotel-sunroute-chiba,japan/tokyo/shinjuku/hotel-sunroute-chiba,Supplier,japan,169
676,2903,mandarin-oriental-bangkok,www.gother.com/th-th/hotels/thailand/bangkok/bang-rak/mandarin-oriental-bangkok,thailand/bangkok/bang-rak/mandarin-oriental-bangkok,Supplier,thailand,168
1226,849478,richmond-hotel-premier-tokyo-schole,www.gother.com/th-th/hotels/japan/tokyo/sumida/richmond-hotel-premier-tokyo-schole,japan/tokyo/sumida/richmond-hotel-premier-tokyo-schole,Supplier,japan,168
1227,849661,hana-no-sato-kitakoiwa,www.gother.com/th-th/hotels/japan/tokyo/edogawa/hana-no-sato-kitakoiwa,japan/tokyo/edogawa/hana-no-sato-kitakoiwa,Supplier,japan,167
1807,897036,radisson-collection-hyland-shanghai,www.gother.com/th-th/hotels/china/shanghai/people-square-and-south-bund-huangpu/radisson-collection-hyland-shanghai,china/shanghai/huangpu/radisson-collection-hyland-shanghai,Supplier,china,167
642,137090,ibis-bangkok-siam,www.gother.com/th-th/hotels/thailand/bangkok/pathum-wan/ibis-bangkok-siam,thailand/bangkok/pathum-wan/ibis-bangkok-siam,Supplier,thailand,166
1812,688271,novotel-shanghai-clover,www.gother.com/th-th/hotels/china/shanghai/pudong/novotel-shanghai-clover,china/shanghai/pudong/novotel-shanghai-clover,Supplier,china,166
11,227499,FuramaXclusive-Sandara-Hua-Hin,www.gother.com/th-th/hotels/thailand/phetchaburi/cha-am/furamaxclusive-sandara-hua-hin,thailand/phetchaburi/cha-am/furamaxclusive-sandara-hua-hin,DIRECT,thailand,165
631,2234,hyatt-regency-hua-hin,www.gother.com/th-th/hotels/thailand/prachuap-khiri-khan/hua-hin/hyatt-regency-hua-hin,thailand/prachuap-khiri-khan/hua-hin/hyatt-regency-hua-hin,Supplier,thailand,165
1228,7375,ana-intercontinental-tokyo,www.gother.com/th-th/hotels/japan/tokyo/minato/ana-intercontinental-tokyo,japan/tokyo/minato/ana-intercontinental-tokyo,Supplier,japan,165
1601,885728,wonderwall-ximending,www.gother.com/th-th/hotels/taiwan/taipei/wanhua-district/wonderwall-ximending,taiwan/taipei/wanhua-district/wonderwall-ximending,Supplier,taiwan,165
641,4319,star-hotel-chiang-mai,www.gother.com/th-th/hotels/thailand/chiang-mai/muang-chiang-mai/star-hotel-chiang-mai,thailand/chiang-mai/muang-chiang-mai/star-hotel-chiang-mai,Supplier,thailand,164
647,234246,secret-cliff-resort-restaurant,www.gother.com/th-th/hotels/thailand/phuket/karon-beach/secret-cliff-resort-restaurant,thailand/phuket/karon-beach/secret-cliff-resort-restaurant,Supplier,thailand,164
1233,7355,mitsui-garden-hotel-ueno,www.gother.com/th-th/hotels/japan/tokyo/taito/mitsui-garden-hotel-ueno,japan/tokyo/taito/mitsui-garden-hotel-ueno,Supplier,japan,164
637,841477,centara-ubon,www.gother.com/th-th/hotels/thailand/ubon-ratchathani/muang-ubon-ratchathani/centara-ubon,thailand/ubon-ratchathani/muang-ubon-ratchathani/centara-ubon,Supplier,thailand,163
108,1462,Casa-de-la-Flora,www.gother.com/th-th/hotels/thailand/phang-nga/takua-pa/casa-de-la-flora,thailand/phang-nga/takua-pa/casa-de-la-flora,DIRECT,thailand,162
638,1483,splash-beach-resort-maikhao-phuket,www.gother.com/th-th/hotels/thailand/phuket/mai-khao-beach/splash-beach-resort-maikhao-phuket,thailand/phuket/mai-khao-beach/splash-beach-resort-maikhao-phuket,Supplier,thailand,162
1230,781942,sotetsu-fresa-inn-ueno-okachimachi,www.gother.com/th-th/hotels/japan/tokyo/taito/sotetsu-fresa-inn-ueno-okachimachi,japan/tokyo/taito/sotetsu-fresa-inn-ueno-okachimachi,Supplier,japan,162
1810,897058,jinglai-hotel-the-bund-east-nanjing-road,www.gother.com/th-th/hotels/china/shanghai/huangpu/jinglai-hotel-the-bund-east-nanjing-road,china/shanghai/huangpu/jinglai-hotel-the-bund-east-nanjing-road,Supplier,china,162
650,451732,movenpick-siam-na-jomtien-pattaya,www.gother.com/th-th/hotels/thailand/chonburi/sattahip/movenpick-siam-na-jomtien-pattaya,thailand/chonburi/sattahip/movenpick-siam-na-jomtien-pattaya,Supplier,thailand,161
112,761384,Vib-Best-Western-Sanam-Pao,www.gother.com/th-th/hotels/thailand/bangkok/phaya-thai/vib-best-western-sanam-pao,thailand/bangkok/phaya-thai/vib-best-western-sanam-pao,DIRECT,thailand,160
648,936,angsana-laguna-phuket,www.gother.com/th-th/hotels/thailand/phuket/bang-tao-beach/angsana-laguna-phuket,thailand/phuket/bang-tao-beach/angsana-laguna-phuket,Supplier,thailand,159
482,841193,Cross-Pattaya-Pratamnak,www.gother.com/th-th/hotels/thailand/chonburi/bang-lamung/cross-pattaya-pratamnak,thailand/chonburi/bang-lamung/cross-pattaya-pratamnak,DIRECT,thailand,158
669,843374,toscana-valley-castello-della-valle,www.gother.com/th-th/hotels/thailand/nakhon-ratchasima/pak-chong/toscana-valley-castello-della-valle,thailand/nakhon-ratchasima/pak-chong/toscana-valley-castello-della-valle,Supplier,thailand,158
77,841297,Hotel-Mys-Khao-Yai,www.gother.com/th-th/hotels/thailand/nakhon-ratchasima/pak-chong/hotel-mys-khao-yai,thailand/nakhon-ratchasima/pak-chong/hotel-mys-khao-yai,DIRECT,thailand,156
707,1728,convenient-park-bangkok-hotel,www.gother.com/th-th/hotels/thailand/bangkok/phra-khanong/convenient-park-bangkok-hotel,thailand/bangkok/sukhumvit/convenient-park-bangkok-hotel,Supplier,thailand,156
649,252258,the-charm-resort-phuket,www.gother.com/th-th/hotels/thailand/phuket/patong/the-charm-resort-phuket,thailand/phuket/patong/the-charm-resort-phuket,Supplier,thailand,155
1232,850630,3u-namba-minami-by-doyanen,www.gother.com/th-th/hotels/japan/osaka/namba/3u-namba-minami-by-doyanen,japan/osaka/namba/3u-namba-minami-by-doyanen,Supplier,japan,155
640,185661,the-riverie-by-katathani,www.gother.com/th-th/hotels/thailand/chiang-rai/muang-chiang-rai/the-riverie-by-katathani,thailand/chiang-rai/muang-chiang-rai/the-riverie-by-katathani,Supplier,thailand,154
645,452394,somerset-ekamai-bangkok,www.gother.com/th-th/hotels/thailand/bangkok/watthana/somerset-ekamai-bangkok,thailand/bangkok/sukhumvit/somerset-ekamai-bangkok,Supplier,thailand,154
651,137476,katiliya-mountain-resort-spa,www.gother.com/th-th/hotels/thailand/chiang-rai/mae-chan/katiliya-mountain-resort-spa,thailand/chiang-rai/mae-chan/katiliya-mountain-resort-spa,Supplier,thailand,154
663,675787,holiday-inn-suites-rayong-city-centre,www.gother.com/th-th/hotels/thailand/rayong/muang-rayong/holiday-inn-suites-rayong-city-centre,thailand/rayong/muang-rayong/holiday-inn-suites-rayong-city-centre,Supplier,thailand,154
672,3980,sala-khaoyai-resort,www.gother.com/th-th/hotels/thailand/nakhon-ratchasima/pak-chong/sala-khaoyai-resort,thailand/nakhon-ratchasima/pak-chong/sala-khaoyai-resort,Supplier,thailand,154
1231,7360,ginza-capital-hotel-akane,www.gother.com/th-th/hotels/japan/tokyo/ginza/ginza-capital-hotel-akane,japan/tokyo/ginza/ginza-capital-hotel-akane,Supplier,japan,154
61,760483,somewhere-hotel-koh-sichang,www.gother.com/th-th/hotels/thailand/surat-thani/koh-pha-ngan/somewhere-only-we-know,thailand/chonburi/ko-sichang/somewhere-hotel-koh-sichang,DIRECT,thailand,153
643,760483,somewhere-hotel-koh-sichang,www.gother.com/th-th/hotels/thailand/surat-thani/koh-pha-ngan/somewhere-only-we-know,thailand/chonburi/ko-sichang/somewhere-hotel-koh-sichang,Supplier,thailand,153
287,842051,Koon-Hotel-Sukhumvit,www.gother.com/th-th/hotels/thailand/samut-prakarn/muang-samut-prakan/koon-hotel-sukhumvit,thailand/bangkok/bang-na/koon-hotel-sukhumvit,DIRECT,thailand,152
301,535849,lacol-khao-yai-a-chatrium-collection,www.gother.com/th-th/hotels/thailand/nakhon-ratchasima/pak-chong/lacol-khao-yai-a-chatrium-collection,thailand/nakhon-ratchasima/pak-chong/lacol-khao-yai-a-chatrium-collection,DIRECT,thailand,152
671,842051,koon-hotel-sukhumvit,www.gother.com/th-th/hotels/thailand/samut-prakarn/muang-samut-prakan/koon-hotel-sukhumvit,thailand/bangkok/bang-na/koon-hotel-sukhumvit,Supplier,thailand,152
685,535849,lacol-khao-yai-a-chatrium-collection,www.gother.com/th-th/hotels/thailand/nakhon-ratchasima/pak-chong/lacol-khao-yai-a-chatrium-collection,thailand/nakhon-ratchasima/pak-chong/lacol-khao-yai-a-chatrium-collection,Supplier,thailand,152
659,775359,centara-sonrisa-residence-and-suites-sriracha,www.gother.com/th-th/hotels/thailand/chonburi/si-racha/centara-sonrisa-residence-and-suites-sriracha,thailand/chonburi/si-racha/centara-sonrisa-residence-and-suites-sriracha,Supplier,thailand,151
1891,896599,shanghai-disneyland-park-hotel,www.gother.com/th-th/hotels/china/shanghai/shanghai-int-l-tourism-resort-and-disney-land/shanghai-disneyland-park-hotel,china/shanghai/shanghai-int-l-tourism-resort-and-disney-land/shanghai-disneyland-park-hotel,Supplier,china,151
1602,834909,mayer-inn,www.gother.com/th-th/hotels/taiwan/taipei/zhongzheng/mayer-inn,taiwan/taipei/zhongzheng/mayer-inn,Supplier,taiwan,150
21,1142,Baan-Ploy-Sea,www.gother.com/th-th/hotels/thailand/rayong/koh-samet/baan-ploy-sea,thailand/rayong/koh-samet/baan-ploy-sea,DIRECT,thailand,148
109,2652,La-Flora-Khao-Lak,www.gother.com/th-th/hotels/thailand/phang-nga/khao-lak/la-flora-khao-lak,thailand/phang-nga/khao-lak/la-flora-khao-lak,DIRECT,thailand,148
652,756933,devasom-khao-lak-beach-resort-villas,www.gother.com/th-th/hotels/thailand/phang-nga/takua-pa/devasom-khao-lak-beach-resort-villas,thailand/phang-nga/takua-pa/devasom-khao-lak-beach-resort-villas,Supplier,thailand,148
658,1479,centara-grand-beach-resort-phuket,www.gother.com/th-th/hotels/thailand/phuket/karon-beach/centara-grand-beach-resort-phuket,thailand/phuket/karon-beach/centara-grand-beach-resort-phuket,Supplier,thailand,148
106,768708,Hotel-Labaris-Khao-Yai,www.gother.com/th-th/hotels/thailand/nakhon-ratchasima/pak-chong/hotel-labaris-khao-yai,thailand/nakhon-ratchasima/pak-chong/hotel-labaris-khao-yai,DIRECT,thailand,146
653,1462,casa-de-la-flora-hotel,www.gother.com/th-th/hotels/thailand/phang-nga/takua-pa/casa-de-la-flora,thailand/phang-nga/takua-pa/casa-de-la-flora-hotel,Supplier,thailand,146
1234,789088,odysis-suites-osaka-airport-hotel,www.gother.com/th-th/hotels/japan/osaka/izumi/odysis-suites-osaka-airport-hotel,japan/osaka/izumi/odysis-suites-osaka-airport-hotel,Supplier,japan,146
166,842814,Howard-Johnson-by-Wyndham-Pattaya-JC,www.gother.com/th-th/hotels/thailand/chonburi/sattahip/howard-johnson-by-wyndham-pattaya-jc,thailand/chonburi/sattahip/howard-johnson-by-wyndham-pattaya-jc,DIRECT,thailand,145
660,451907,galleria-12-sukhumvit-bangkok-by-compass-hospitality,www.gother.com/th-th/hotels/thailand/bangkok/khlong-toei/galleria-12-sukhumvit-bangkok-by-compass-hospitality,thailand/bangkok/khlong-toei/galleria-12-sukhumvit-bangkok-by-compass-hospitality,Supplier,thailand,145
661,4818,fx-hotel-metrolink-makkasan,www.gother.com/th-th/hotels/thailand/bangkok/ratchathewi/fx-hotel-metrolink-makkasan,thailand/bangkok/huai-khwang/fx-hotel-metrolink-makkasan,Supplier,thailand,145
1809,661287,shanghai-fish-inn-east-nanjing-road,www.gother.com/th-th/hotels/china/shanghai/huangpu/shanghai-fish-inn-east-nanjing-road,china/shanghai/huangpu/shanghai-fish-inn-east-nanjing-road,Supplier,china,145
53,4535,The-Bayview-Hotel-Pattaya,www.gother.com/th-th/hotels/thailand/chonburi/bang-lamung/the-bayview-hotel-pattaya,thailand/chonburi/pattaya/the-bayview-hotel-pattaya,DIRECT,thailand,143
324,767949,Zand-Morada-Pattaya,www.gother.com/th-th/hotels/thailand/chonburi/sattahip/zand-morada-pattaya,thailand/chonburi/sattahip/zand-morada-pattaya,DIRECT,thailand,143
657,1512,grande-centre-point-hotel-terminal-21,www.gother.com/th-th/hotels/thailand/bangkok/pathum-wan/grande-centre-point-ploenchit-bangkok,thailand/bangkok/watthana/grande-centre-point-hotel-terminal-21,Supplier,thailand,143
662,451966,art-mai-gallery-nimman-hotel-chiang-mai,www.gother.com/th-th/hotels/thailand/chiang-mai/nimmanhemin/art-mai-gallery-nimman-hotel-chiang-mai,thailand/chiang-mai/nimmanhemin/art-mai-gallery-nimman-hotel-chiang-mai,Supplier,thailand,143
667,959693,sheraton-hua-hin-resort-spa,www.gother.com/th-th/hotels/thailand/phetchaburi/cha-am/sheraton-hua-hin-resort-spa,thailand/prachuap-khiri-khan/cha-am/sheraton-hua-hin-resort-spa,Supplier,thailand,143
941,767949,zand-morada-pattaya,www.gother.com/th-th/hotels/thailand/chonburi/sattahip/zand-morada-pattaya,thailand/chonburi/sattahip/zand-morada-pattaya,Supplier,thailand,143
478,826850,verso-hua-hin-a-veranda-collection,www.gother.com/th-th/hotels/thailand/prachuap-khiri-khan/hua-hin/verso-hua-hin-a-veranda-collection,thailand/prachuap-khiri-khan/hua-hin/verso-hua-hin-a-veranda-collection,DIRECT,thailand,142
683,826850,verso-hua-hin-a-veranda-collection,www.gother.com/th-th/hotels/thailand/prachuap-khiri-khan/hua-hin/verso-hua-hin-a-veranda-collection,thailand/prachuap-khiri-khan/hua-hin/verso-hua-hin-a-veranda-collection,Supplier,thailand,142
181,842765,HT9-Hotel-Pattaya,www.gother.com/th-th/hotels/thailand/chonburi/bang-lamung/ht9-hotel-pattaya,thailand/chonburi/bang-lamung/ht9-hotel-pattaya,DIRECT,thailand,140
692,759433,the-quarter-ladprao-by-uhg,www.gother.com/th-th/hotels/thailand/bangkok/chatuchak/the-quarter-ladprao-by-uhg,thailand/bangkok/chatuchak/the-quarter-ladprao-by-uhg,Supplier,thailand,140
1240,778112,hotel-livemax-shinjuku-kabukicho,www.gother.com/th-th/hotels/japan/tokyo/shinjuku/hotel-livemax-shinjuku-kabukicho,japan/tokyo/shinjuku/hotel-livemax-shinjuku-kabukicho,Supplier,japan,140
664,734713,sivana-villas-hua-hin,www.gother.com/th-th/hotels/thailand/prachuap-khiri-khan/hua-hin/sivana-villas-hua-hin,thailand/prachuap-khiri-khan/hua-hin/sivana-villas-hua-hin,Supplier,thailand,139
1253,794989,hotel-crown-hills-ueno-premier,www.gother.com/th-th/hotels/japan/tokyo/taito/hotel-crown-hills-ueno-premier,japan/tokyo/taito/hotel-crown-hills-ueno-premier,Supplier,japan,139
1508,414,xi-hotel,www.gother.com/th-th/hotels/hong-kong/kowloon/tsim-sha-tsui/xi-hotel,hong-kong/kowloon/tsim-sha-tsui/xi-hotel,Supplier,hong-kong,139
1509,194417,the-cityview-chinese-ymca-of-hong-kong,www.gother.com/th-th/hotels/hong-kong/kowloon/yau-tsim-mong/the-cityview-chinese-ymca-of-hong-kong,hong-kong/kowloon/yau-tsim-mong/the-cityview-chinese-ymca-of-hong-kong,Supplier,hong-kong,139
1518,414,xi-hotel,www.gother.com/th-th/hotels/hong-kong/kowloon/tsim-sha-tsui/xi-hotel,hong-kong/kowloon/tsim-sha-tsui/xi-hotel-hong-kong,Supplier,hong-kong,139
350,452140,Mera-Mare-Pattaya,www.gother.com/th-th/hotels/thailand/chonburi/pattaya/mera-mare-pattaya,thailand/chonburi/pattaya/mera-mare-pattaya,DIRECT,thailand,138
740,452140,mera-mare-pattaya,www.gother.com/th-th/hotels/thailand/chonburi/pattaya/mera-mare-pattaya,thailand/chonburi/pattaya/mera-mare-pattaya,Supplier,thailand,138
231,846316,Nature-Boutique-Residence,www.gother.com/th-th/hotels/thailand/bangkok/chatuchak/nature-boutique-residence,thailand/bangkok/chatuchak/nature-boutique-residence,DIRECT,thailand,137
1235,777208,tokyo-east-side-hotel-kaie,www.gother.com/th-th/hotels/japan/tokyo/koto/tokyo-east-side-hotel-kaie,japan/tokyo/koto/tokyo-east-side-hotel-kaie,Supplier,japan,137
1507,194435,marco-polo-hongkong-hotel,www.gother.com/th-th/hotels/hong-kong/kowloon/tsim-sha-tsui/marco-polo-hongkong-hotel,hong-kong/kowloon/tsim-sha-tsui/marco-polo-hongkong-hotel,Supplier,hong-kong,137
1811,897195,ji-hotel-shanghai-the-bund-jiujiang-road,www.gother.com/th-th/hotels/china/shanghai/huangpu/ji-hotel-shanghai-the-bund-jiujiang-road,china/shanghai/huangpu/ji-hotel-shanghai-the-bund-jiujiang-road,Supplier,china,136
52,192371,dewa-phuket-resort-villas,www.gother.com/th-th/hotels/thailand/phuket/surin-beach/dewa-phuket-resort-villas,thailand/phuket/surin-beach/dewa-phuket-resort-villas,DIRECT,thailand,135
226,841602,The-Rise-Suites-Hotel-Chiang-Mai,www.gother.com/th-th/hotels/thailand/chiang-mai/muang-chiang-mai/the-rise-suites-hotel-chiang-mai,thailand/chiang-mai/muang-chiang-mai/the-rise-suites-hotel-chiang-mai,DIRECT,thailand,135
681,188003,solitaire-bangkok-sukhumvit-11,www.gother.com/th-th/hotels/thailand/bangkok/watthana/solitaire-bangkok-sukhumvit-11,thailand/bangkok/sukhumvit/solitaire-bangkok-sukhumvit-11,Supplier,thailand,135
706,452101,ibis-styles-phuket-city,www.gother.com/th-th/hotels/thailand/phuket/muang-phuket/ibis-styles-phuket-city,thailand/phuket/muang-phuket/ibis-styles-phuket-city,Supplier,thailand,135
767,192371,dewa-phuket-resort-villas,www.gother.com/th-th/hotels/thailand/phuket/surin-beach/dewa-phuket-resort-villas,thailand/phuket/surin-beach/dewa-phuket-resort-villas,Supplier,thailand,135
670,761083,doowall-hotel,www.gother.com/th-th/hotels/thailand/chiang-rai/mae-lao/doowall-hotel,thailand/chiang-rai/mae-lao/doowall-hotel,Supplier,thailand,134
684,4666,the-sands-khao-lak-by-katathani-resort,www.gother.com/th-th/hotels/thailand/phang-nga/khao-lak/the-sands-khao-lak-by-katathani-resort,thailand/phang-nga/khao-lak/the-sands-khao-lak-by-katathani-resort,Supplier,thailand,134
1538,235,mondrian-hong-kong,www.gother.com/th-th/hotels/hong-kong/kowloon/tsim-sha-tsui/mondrian-hong-kong,hong-kong/kowloon/tsim-sha-tsui/mondrian-hong-kong,Supplier,hong-kong,134
17,233927,paradee-resort,www.gother.com/th-th/hotels/thailand/rayong/koh-samet/paradee-resort,thailand/rayong/koh-samet/paradee-resort,DIRECT,thailand,133
136,763195,aksorn-rayong-the-vitality-collection,www.gother.com/th-th/hotels/thailand/rayong/klaeng/aksorn-rayong-the-vitality-collection,thailand/rayong/klaeng/aksorn-rayong-the-vitality-collection,DIRECT,thailand,133
497,639481,Hotel-Midtown-Richardson,www.gother.com/th-th/hotels/taiwan/taipei/zhongzheng/hotel-midtown-richardson,taiwan/taipei/zhongzheng/hotel-midtown-richardson,DIRECT,taiwan,133
710,3970,saisawan-beach-resort-pattaya,www.gother.com/th-th/hotels/thailand/chonburi/pattaya/saisawan-beach-resort-pattaya,thailand/chonburi/pattaya/saisawan-beach-resort-pattaya,Supplier,thailand,133
755,763195,aksorn-rayong-the-vitality-collection,www.gother.com/th-th/hotels/thailand/rayong/klaeng/aksorn-rayong-the-vitality-collection,thailand/rayong/klaeng/aksorn-rayong-the-vitality-collection,Supplier,thailand,133
1239,790327,hotel-livemax-asakusa-ekimae,www.gother.com/th-th/hotels/japan/tokyo/taito/hotel-livemax-asakusa-ekimae,japan/tokyo/taito/hotel-livemax-asakusa-ekimae,Supplier,japan,133
1604,639481,hotel-midtown-richardson,www.gother.com/th-th/hotels/taiwan/taipei/zhongzheng/hotel-midtown-richardson,taiwan/taipei/zhongzheng/hotel-midtown-richardson,Supplier,taiwan,133
673,4239,siripanna-villa-resort-spa-chiangmai,www.gother.com/th-th/hotels/thailand/chiang-mai/muang-chiang-mai/siripanna-villa-resort-spa-chiangmai,thailand/chiang-mai/muang-chiang-mai/siripanna-villa-resort-spa-chiangmai,Supplier,thailand,132
1236,5594,highland-resort-hotel-and-spa,www.gother.com/th-th/hotels/japan/yamanashi/fujiyoshida/highland-resort-hotel-and-spa,japan/yamanashi/fujiyoshida/highland-resort-hotel-and-spa,Supplier,japan,132
1603,838950,hotel-cham-cham-taipei,www.gother.com/th-th/hotels/taiwan/new-taipei/banqiao/hotel-cham-cham-taipei,taiwan/new-taipei/banqiao/hotel-cham-cham-taipei,Supplier,taiwan,132
59,845904,Mood-Hotel-Pattaya,www.gother.com/th-th/hotels/thailand/chonburi/bang-lamung/mood-hotel-pattaya,thailand/chonburi/central-pattaya/mood-hotel-pattaya,DIRECT,thailand,131
674,3357,muu-bangkok-small-luxury-hotels-of-the-world,www.gother.com/th-th/hotels/thailand/bangkok/watthana/muu-bangkok-small-luxury-hotels-of-the-world,thailand/bangkok/watthana/muu-bangkok-small-luxury-hotels-of-the-world,Supplier,thailand,131
678,639117,tropicana-pool-villa,www.gother.com/th-th/hotels/thailand/chonburi/pattaya/tropicana-pool-villa,thailand/chonburi/pattaya/tropicana-pool-villa,Supplier,thailand,131
726,452024,flora-creek,www.gother.com/th-th/hotels/thailand/chiang-mai/hang-dong/flora-creek,thailand/chiang-mai/hang-dong/flora-creek,Supplier,thailand,131
1241,779243,hotel-livemax-shinjuku-kabukicho-meijidori,www.gother.com/th-th/hotels/japan/tokyo/shinjuku/hotel-livemax-shinjuku-kabukicho-meijidori,japan/tokyo/shinjuku/hotel-livemax-shinjuku-kabukicho-meijidori,Supplier,japan,131
1237,849730,jr-east-hotel-mets-premier-akihabara,www.gother.com/th-th/hotels/japan/tokyo/chiyoda/jr-east-hotel-mets-premier-akihabara,japan/tokyo/chiyoda/jr-east-hotel-mets-premier-akihabara,Supplier,japan,130
1238,7433,hotel-sunroute-plaza-shinjuku,www.gother.com/th-th/hotels/japan/tokyo/shibuya/hotel-sunroute-plaza-shinjuku,japan/tokyo/shibuya/hotel-sunroute-plaza-shinjuku,Supplier,japan,130
449,137663,santhiya-koh-phangan-resort-spa,www.gother.com/th-th/hotels/thailand/surat-thani/koh-pha-ngan/santhiya-koh-phangan-resort-spa,thailand/surat-thani/koh-pha-ngan/santhiya-koh-phangan-resort-spa,DIRECT,thailand,129
680,219,holiday-inn-express-bangkok-siam,www.gother.com/th-th/hotels/hong-kong/kowloon/tseung-kwan-o/holiday-inn-express-hong-kong-kowloon-east-an-ihg-hotel,thailand/bangkok/pathum-wan/holiday-inn-express-bangkok-siam,Supplier,thailand,129
868,137663,santhiya-koh-phangan-resort-spa,www.gother.com/th-th/hotels/thailand/surat-thani/koh-pha-ngan/santhiya-koh-phangan-resort-spa,thailand/surat-thani/koh-pha-ngan/santhiya-koh-phangan-resort-spa,Supplier,thailand,129
709,841192,centara-life-cha-am-beach-resort-hua-hin,www.gother.com/th-th/hotels/thailand/phetchaburi/cha-am/centara-life-cha-am-beach-resort-hua-hin,thailand/phetchaburi/cha-am/centara-life-cha-am-beach-resort-hua-hin,Supplier,thailand,128
484,136938,Bangkok-Palace-Hotel,www.gother.com/th-th/hotels/thailand/bangkok/ratchathewi/bangkok-palace-hotel,thailand/bangkok/ratchathewi/bangkok-palace-hotel,DIRECT,thailand,127
675,838493,horsehill-hotel-sriracha,www.gother.com/th-th/hotels/thailand/chonburi/si-racha/horsehill-hotel-sriracha-adult-only,thailand/chonburi/si-racha/horsehill-hotel-sriracha,Supplier,thailand,127
682,227694,sheraton-hua-hin-pranburi-villas,www.gother.com/th-th/hotels/thailand/prachuap-khiri-khan/pran-buri/sheraton-hua-hin-pranburi-villas,thailand/prachuap-khiri-khan/pran-buri/sheraton-hua-hin-pranburi-villas,Supplier,thailand,127
686,136938,bangkok-palace-hotel,www.gother.com/th-th/hotels/thailand/bangkok/ratchathewi/bangkok-palace-hotel,thailand/bangkok/ratchathewi/bangkok-palace-hotel,Supplier,thailand,127
688,189099,centara-udon,www.gother.com/th-th/hotels/thailand/udon-thani/muang-udon-thani/centara-udon,thailand/udon-thani/muang-udon-thani/centara-udon,Supplier,thailand,127
1243,248220,centurion-hotel-ueno,www.gother.com/th-th/hotels/japan/tokyo/minato/centurion-hotel-ueno,japan/tokyo/minato/centurion-hotel-ueno,Supplier,japan,127
677,762540,mairood-resort,www.gother.com/th-th/hotels/thailand/trat/khlong-yai/mairood-resort,thailand/trat/khlong-yai/mairood-resort,Supplier,thailand,126
700,765580,chann-bangkok-noi,www.gother.com/th-th/hotels/thailand/bangkok/bangkok-noi/chann-bangkok-noi,thailand/bangkok/bangkok-noi/chann-bangkok-noi,Supplier,thailand,126
720,836305,centre-point-hotel-terminal21-korat,www.gother.com/th-th/hotels/thailand/nakhon-ratchasima/muang-nakhon-ratchasima/centre-point-hotel-terminal21-korat,thailand/nakhon-ratchasima/muang-nakhon-ratchasima/centre-point-hotel-terminal21-korat,Supplier,thailand,126
1511,338,regal-kowloon-hotel,www.gother.com/th-th/hotels/hong-kong/kowloon/tsim-sha-tsui/regal-kowloon-hotel,hong-kong/kowloon/tsim-sha-tsui/regal-kowloon-hotel,Supplier,hong-kong,125
250,3266,Ocean-Marina-Hotel-Pattaya-Jomtien-by-PCL,www.gother.com/th-th/hotels/thailand/chonburi/pattaya/ocean-marina-resort-pattaya-jomtien,thailand/chonburi/pattaya/ocean-marina-hotel-pattaya-jomtien-by-pcl,DIRECT,thailand,124
308,844595,Phapok-Eco-Resort,www.gother.com/th-th/hotels/thailand/ratchaburi/suan-phueng/phapok-eco-resort,thailand/ratchaburi/suan-phueng/phapok-eco-resort,DIRECT,thailand,124
679,3266,ocean-marina-hotel-pattaya-jomtien-by-pcl,www.gother.com/th-th/hotels/thailand/chonburi/pattaya/ocean-marina-resort-pattaya-jomtien,thailand/chonburi/pattaya/ocean-marina-hotel-pattaya-jomtien-by-pcl,Supplier,thailand,124
691,827354,travelodge-phuket-town,www.gother.com/th-th/hotels/thailand/phuket/muang-phuket/travelodge-phuket-town,thailand/phuket/muang-phuket/travelodge-phuket-town,Supplier,thailand,124
750,844595,phapok-eco-resort,www.gother.com/th-th/hotels/thailand/ratchaburi/suan-phueng/phapok-eco-resort,thailand/ratchaburi/suan-phueng/phapok-eco-resort,Supplier,thailand,124
1242,790986,hotel-lantana-osaka,www.gother.com/th-th/hotels/japan/osaka/yodogawa/hotel-lantana-osaka,japan/osaka/yodogawa/hotel-lantana-osaka,Supplier,japan,124
1594,1034085,kimpton-tsim-sha-tsui-hong-kong,www.gother.com/th-th/hotels/hong-kong/hong-kong/tsim-sha-tsui/kimpton-tsim-sha-tsui-hong-kong,hong-kong/hong-kong/tsim-sha-tsui/kimpton-tsim-sha-tsui-hong-kong,Supplier,hong-kong,124
121,735259,Beyond-Patong,www.gother.com/th-th/hotels/thailand/phuket/patong/beyond-patong,thailand/phuket/patong/beyond-patong,DIRECT,thailand,123
299,637659,Rodina-Beach-Hotel,www.gother.com/th-th/hotels/thailand/chonburi/pattaya/rodina-beach-hotel,thailand/chonburi/pattaya/rodina-beach-hotel,DIRECT,thailand,123
687,252041,mybed-ratchada-hotel,www.gother.com/th-th/hotels/thailand/bangkok/chatuchak/mybed-ratchada-hotel,thailand/bangkok/chatuchak/mybed-ratchada-hotel,Supplier,thailand,123
712,637659,rodina-beach-hotel,www.gother.com/th-th/hotels/thailand/chonburi/pattaya/rodina-beach-hotel,thailand/chonburi/pattaya/rodina-beach-hotel,Supplier,thailand,123
743,841487,ad-lib-hotel-khon-kaen,www.gother.com/th-th/hotels/thailand/khon-kaen/muang-khon-kaen/ad-lib-hotel-khon-kaen,thailand/khon-kaen/muang-khon-kaen/ad-lib-hotel-khon-kaen,Supplier,thailand,123
1245,86968,premier-hotel-cabin-shinjuku,www.gother.com/th-th/hotels/japan/tokyo/shinjuku/premier-hotel-cabin-shinjuku,japan/tokyo/shinjuku/premier-hotel-cabin-shinjuku,Supplier,japan,123
123,1069737,Beyond-Skywalk-Nangshi,www.gother.com/th-th/hotels/thailand/phuket/khok-kloy/beyond-skywalk-nangshi,thailand/phang-nga/takua-thung/beyond-skywalk-nangshi,DIRECT,thailand,122
693,3237,hyatt-regency-bangkok-suvarnabhumi-airport,www.gother.com/th-th/hotels/thailand/samut-prakarn/bang-phli/hyatt-regency-bangkok-suvarnabhumi-airport,thailand/samut-prakarn/bang-phli/hyatt-regency-bangkok-suvarnabhumi-airport,Supplier,thailand,122
703,3001,m-social-hotel-phuket,www.gother.com/th-th/hotels/thailand/phuket/kathu/m-social-hotel-phuket,thailand/phuket/kathu/m-social-hotel-phuket,Supplier,thailand,122
704,1475,centara-grand-at-central-world-hotel,www.gother.com/th-th/hotels/thailand/bangkok/pathum-wan/centara-grand-at-central-world-hotel,thailand/bangkok/pathum-wan/centara-grand-at-central-world-hotel,Supplier,thailand,122
708,223640,grande-centre-point-terminal-21-bangkok,www.gother.com/th-th/hotels/thailand/bangkok/watthana/grande-centre-point-terminal-21-bangkok,thailand/bangkok/watthana/grande-centre-point-terminal-21-bangkok,Supplier,thailand,122
715,196378,pattaya-modus-beachfront-resort,www.gother.com/th-th/hotels/thailand/chonburi/north-pattaya/pattaya-modus-beachfront-resort,thailand/chonburi/north-pattaya/pattaya-modus-beachfront-resort,Supplier,thailand,122
1244,682307,candeo-hotels-osaka-namba,www.gother.com/th-th/hotels/japan/osaka/osaka/candeo-hotels-osaka-namba,japan/osaka/osaka/candeo-hotels-osaka-namba,Supplier,japan,122
288,842040,Blue-Hippo-Hotel,www.gother.com/th-th/hotels/thailand/samut-prakarn/muang-samut-prakan/blue-hippo-hotel,thailand/samut-prakarn/muang-samut-prakan/blue-hippo-hotel,DIRECT,thailand,121
696,841442,riva-vista-riverfront-resort-chiangrai,www.gother.com/th-th/hotels/thailand/chiang-rai/muang-chiang-rai/riva-vista-riverfront-resort-chiangrai,thailand/chiang-rai/muang-chiang-rai/riva-vista-riverfront-resort-chiangrai,Supplier,thailand,121
698,761982,holiday-inn-suites-si-racha-laemchabang,www.gother.com/th-th/hotels/thailand/chonburi/si-racha/holiday-inn-suites-si-racha-laemchabang,thailand/chonburi/si-racha/holiday-inn-suites-si-racha-laemchabang,Supplier,thailand,121
711,842040,blue-hippo-hotel,www.gother.com/th-th/hotels/thailand/samut-prakarn/muang-samut-prakan/blue-hippo-hotel,thailand/samut-prakarn/muang-samut-prakan/blue-hippo-hotel,Supplier,thailand,121
1251,779419,apa-hotel-asakusa-tawaramachi-ekimae,www.gother.com/th-th/hotels/japan/tokyo/toshima/apa-hotel-asakusa-tawaramachi-ekimae,japan/tokyo/toshima/apa-hotel-asakusa-tawaramachi-ekimae,Supplier,japan,121
1259,310712,centurion-hotel-ikebukuro-station,www.gother.com/th-th/hotels/japan/tokyo/minato/centurion-hotel-ikebukuro-station,japan/tokyo/minato/centurion-hotel-ikebukuro-station,Supplier,japan,121
118,2464,Beyond-Kata,www.gother.com/th-th/hotels/thailand/phuket/kata-beach/beyond-kata,thailand/phuket/kata-beach/beyond-kata,DIRECT,thailand,120
141,452095,Ace-of-Hua-Hin-Resort,www.gother.com/th-th/hotels/thailand/prachuap-khiri-khan/hua-hin/ace-of-hua-hin-resort,thailand/prachuap-khiri-khan/cha-am/ace-of-hua-hin-resort,DIRECT,thailand,120
438,2651,La-A-Natu-Pranburi,www.gother.com/th-th/hotels/thailand/prachuap-khiri-khan/sam-roi-yot/la-a-natu-pranburi,thailand/prachuap-khiri-khan/sam-roi-yot/la-a-natu-pranburi,DIRECT,thailand,120
690,896,anantara-hua-hin-resort,www.gother.com/th-th/hotels/thailand/prachuap-khiri-khan/hua-hin/anantara-hua-hin-resort,thailand/prachuap-khiri-khan/hua-hin/anantara-hua-hin-resort,Supplier,thailand,120
697,2651,la-a-natu-pranburi,www.gother.com/th-th/hotels/thailand/prachuap-khiri-khan/sam-roi-yot/la-a-natu-pranburi,thailand/prachuap-khiri-khan/sam-roi-yot/la-a-natu-pranburi,Supplier,thailand,120
717,3690,pullman-pattaya-hotel-g,www.gother.com/th-th/hotels/thailand/chonburi/north-pattaya/pullman-pattaya-hotel-g,thailand/chonburi/north-pattaya/pullman-pattaya-hotel-g,Supplier,thailand,120
775,223608,pullman-bangkok-king-power-hotel,www.gother.com/th-th/hotels/thailand/bangkok/ratchathewi/pullman-bangkok-king-power-hotel,thailand/bangkok/pratunam/pullman-bangkok-king-power-hotel,Supplier,thailand,120
249,841684,Moose-Hotel-Nimman,www.gother.com/th-th/hotels/thailand/chiang-mai/nimmanhemin/moose-hotel-nimman,thailand/chiang-mai/muang-chiang-mai/moose-hotel-nimman,DIRECT,thailand,119
431,844438,VELA-Dhi-Nakhon-Phanom,www.gother.com/th-th/hotels/thailand/nakhon-phanom/muang-nakhon-phanom/vela-dhi-nakhon-phanom,thailand/nakhon-phanom/muang-nakhon-phanom/vela-dhi-nakhon-phanom,DIRECT,thailand,119
695,452836,fahluang-residence,www.gother.com/th-th/hotels/thailand/phichit/muang-phichit/fahluang-residence,thailand/phichit/muang-phichit/fahluang-residence,Supplier,thailand,119
699,715853,the-series-resort-khaoyai,www.gother.com/th-th/hotels/thailand/nakhon-ratchasima/pak-chong/the-series-resort-khaoyai,thailand/nakhon-ratchasima/pak-chong/the-series-resort-khaoyai,Supplier,thailand,119
702,844438,vela-dhi-nakhon-phanom,www.gother.com/th-th/hotels/thailand/nakhon-phanom/muang-nakhon-phanom/vela-dhi-nakhon-phanom,thailand/nakhon-phanom/muang-nakhon-phanom/vela-dhi-nakhon-phanom,Supplier,thailand,119
705,841684,moose-hotel-nimman,www.gother.com/th-th/hotels/thailand/chiang-mai/nimmanhemin/moose-hotel-nimman,thailand/chiang-mai/muang-chiang-mai/moose-hotel-nimman,Supplier,thailand,119
723,841546,ibis-chiang-mai-nimman-journeyhub,www.gother.com/th-th/hotels/thailand/chiang-mai/muang-chiang-mai/ibis-chiang-mai-nimman-journeyhub,thailand/chiang-mai/muang-chiang-mai/ibis-chiang-mai-nimman-journeyhub,Supplier,thailand,119
448,774137,santhiya-phuket-natai-resort-spa,www.gother.com/th-th/hotels/thailand/phang-nga/takua-thung/santhiya-phuket-natai-resort-spa,thailand/phang-nga/takua-thung/santhiya-phuket-natai-resort-spa,DIRECT,thailand,118
728,234078,the-bluesky-resort-khao-kho,www.gother.com/th-th/hotels/thailand/phetchabun/khao-kho/the-bluesky-resort-khao-kho,thailand/phetchabun/khao-kho/the-bluesky-resort-khao-kho,Supplier,thailand,118
860,774137,santhiya-phuket-natai-resort-spa,www.gother.com/th-th/hotels/thailand/phang-nga/takua-thung/santhiya-phuket-natai-resort-spa,thailand/phang-nga/takua-thung/santhiya-phuket-natai-resort-spa,Supplier,thailand,118
1246,784633,hotel-oriental-express-osaka-shinsaibashi,www.gother.com/th-th/hotels/japan/osaka/chuo/hotel-oriental-express-osaka-shinsaibashi,japan/osaka/chuo/hotel-oriental-express-osaka-shinsaibashi,Supplier,japan,118
130,453010,Xen-Hotel-Nakhon-Pathom,www.gother.com/th-th/hotels/thailand/nakhon-pathom/muang-nakhon-pathom/xen-hotel-nakhon-pathom,thailand/nakhon-pathom/muang-nakhon-pathom/xen-hotel-nakhon-pathom,DIRECT,thailand,117
266,835553,L-Nimman-Boutique-Hotel,www.gother.com/th-th/hotels/thailand/chiang-mai/nimmanhemin/l-nimman-boutique-hotel,thailand/chiang-mai/nimmanhemin/l-nimman-boutique-hotel,DIRECT,thailand,117
694,4556,the-continent-hotel-sukhumvit,www.gother.com/th-th/hotels/thailand/bangkok/watthana/the-continent-hotel-sukhumvit,thailand/bangkok/watthana/the-continent-hotel-sukhumvit,Supplier,thailand,117
701,842037,aspira-one-sutthisan,www.gother.com/th-th/hotels/thailand/bangkok/huai-khwang/aspira-one-sutthisan,thailand/bangkok/huai-khwang/aspira-one-sutthisan,Supplier,thailand,117
727,846321,the-quarter-saphankhwai-by-uhg,www.gother.com/th-th/hotels/thailand/bangkok/phaya-thai/the-quarter-saphankhwai-by-uhg,thailand/bangkok/phaya-thai/the-quarter-saphankhwai-by-uhg,Supplier,thailand,117
731,325183,eastin-tan-hotel-chiang-mai,www.gother.com/th-th/hotels/thailand/chiang-mai/muang-chiang-mai/eastin-tan-hotel-chiang-mai,thailand/chiang-mai/muang-chiang-mai/eastin-tan-hotel-chiang-mai,Supplier,thailand,117
809,847610,us-and-ours-cafe-bed,www.gother.com/th-th/hotels/thailand/uthai-thani/lan-sak/us-and-ours-cafe-bed,thailand/uthai-thani/lan-sak/us-and-ours-cafe-bed,Supplier,thailand,117
832,835553,l-nimman-boutique-hotel,www.gother.com/th-th/hotels/thailand/chiang-mai/nimmanhemin/l-nimman-boutique-hotel,thailand/chiang-mai/nimmanhemin/l-nimman-boutique-hotel,Supplier,thailand,117
219,3544,Hotel-Midtown-Ratsada,www.gother.com/th-th/hotels/thailand/phuket/muang-phuket/hotel-midtown-ratsada,thailand/phuket/muang-phuket/hotel-midtown-ratsada,DIRECT,thailand,116
732,844293,centara-ayutthaya,www.gother.com/th-th/hotels/thailand/ayutthaya/muang-ayutthaya/centara-ayutthaya,thailand/ayutthaya/muang-ayutthaya/centara-ayutthaya,Supplier,thailand,116
756,1251,bann-pae-cabana-hotel,www.gother.com/th-th/hotels/thailand/rayong/muang-rayong/bann-pae-cabana-hotel,thailand/rayong/muang-rayong/bann-pae-cabana-hotel,Supplier,thailand,116
849,841191,away-bangkok-riverside-kene,www.gother.com/th-th/hotels/thailand/bangkok/khlong-san/away-bangkok-riverside-kene,thailand/bangkok/khlong-san/away-bangkok-riverside-kene,Supplier,thailand,116
135,2988,Mida-De-Sea-Hua-Hin,www.gother.com/th-th/hotels/thailand/phetchaburi/cha-am/mida-de-sea-hua-hin,thailand/prachuap-khiri-khan/cha-am/mida-de-sea-hua-hin,DIRECT,thailand,115
724,756976,golden-tulip-pattaya-beach-resort,www.gother.com/th-th/hotels/thailand/chonburi/pattaya/golden-tulip-pattaya-beach-resort,thailand/chonburi/pattaya/golden-tulip-pattaya-beach-resort,Supplier,thailand,115
783,766480,oceanphere-pattaya-villa-by-elite-suites,www.gother.com/th-th/hotels/thailand/chonburi/sattahip/oceanphere-pattaya-villa-by-elite-suites,thailand/chonburi/sattahip/oceanphere-pattaya-villa-by-elite-suites,Supplier,thailand,115
1249,133179,hilton-tokyo,www.gother.com/th-th/hotels/japan/tokyo/shinjuku/hilton-tokyo,japan/tokyo/shinjuku/hilton-tokyo,Supplier,japan,115
716,761538,moose-hotel-chiangmai,www.gother.com/th-th/hotels/thailand/chiang-mai/muang-chiang-mai/moose-hotel-chiangmai,thailand/chiang-mai/muang-chiang-mai/moose-hotel-chiangmai,Supplier,thailand,114
721,769875,villa-panalai,www.gother.com/th-th/hotels/thailand/nakhon-nayok/muang-nakhon-nayok/villa-panalai,thailand/nakhon-nayok/muang-nakhon-nayok/villa-panalai,Supplier,thailand,114
837,228604,santhiya-koh-yao-yai-resort-spa,www.gother.com/th-th/hotels/thailand/phang-nga/koh-yao/santhiya-koh-yao-yai-resort-spa,thailand/phuket/koh-yao/santhiya-koh-yao-yai-resort-spa,Supplier,thailand,114
1248,7727,dormy-inn-premium-namba-natural-hot-spring,www.gother.com/th-th/hotels/japan/osaka/osaka/dormy-inn-premium-namba-natural-hot-spring,japan/osaka/osaka/dormy-inn-premium-namba-natural-hot-spring,Supplier,japan,114
1250,7370,grand-hyatt-tokyo,www.gother.com/th-th/hotels/japan/tokyo/minato/grand-hyatt-tokyo,japan/tokyo/minato/grand-hyatt-tokyo,Supplier,japan,114
160,841226,Best-Western-Chatuchak,www.gother.com/th-th/hotels/thailand/bangkok/chatuchak/best-western-chatuchak,thailand/bangkok/chatuchak/best-western-chatuchak,DIRECT,thailand,113
179,848649,GOOD-Nakhonsawan-Hotel,www.gother.com/th-th/hotels/thailand/nakhon-sawan/muang-nakhon-sawan/good-nakhonsawan-hotel,thailand/nakhon-sawan/muang-nakhon-sawan/good-nakhonsawan-hotel,DIRECT,thailand,113
340,11789,Kalanan-Riverside-Resort,www.gother.com/th-th/hotels/thailand/bangkok/asoke/kalanan-riverside-resort,thailand/bangkok/asoke/kalanan-riverside-resort,DIRECT,thailand,113
959,11789,kalanan-riverside-resort,www.gother.com/th-th/hotels/thailand/bangkok/asoke/kalanan-riverside-resort,thailand/bangkok/asoke/kalanan-riverside-resort,Supplier,thailand,113
1247,11033,hotel-mifujien,www.gother.com/th-th/hotels/japan/yamagata/yamagata/hotel-mifujien,japan/yamagata/yamagata/hotel-mifujien,Supplier,japan,113
1258,472786,hotel-mystays-kameido,www.gother.com/th-th/hotels/japan/tokyo/chiyoda/hotel-mystays-kameido,japan/tokyo/chiyoda/hotel-mystays-kameido,Supplier,japan,113
102,836268,Best-Western-Plus-Nexen-Pattaya,www.gother.com/th-th/hotels/thailand/chonburi/bang-lamung/best-western-plus-nexen-pattaya,thailand/chonburi/bang-lamung/best-western-plus-nexen-pattaya,DIRECT,thailand,111
201,720114,Methavalai-Residence-Hotel,www.gother.com/th-th/hotels/thailand/bangkok/phra-nakhon/methavalai-residence-hotel,thailand/bangkok/phra-nakhon/methavalai-residence-hotel,DIRECT,thailand,111
735,233615,miracle-suvarnabhumi-airport,www.gother.com/th-th/hotels/thailand/samut-prakarn/bang-phli/miracle-suvarnabhumi-airport,thailand/bangkok/lat-krabang/miracle-suvarnabhumi-airport,Supplier,thailand,111
830,4295,springfield-village-golf-spa,www.gother.com/th-th/hotels/thailand/phetchaburi/cha-am/springfield-village-golf-spa,thailand/phetchaburi/cha-am/springfield-village-golf-spa,Supplier,thailand,110
1252,783174,sotetsu-fresa-inn-tokyo-kinshicho,www.gother.com/th-th/hotels/japan/tokyo/taito/sotetsu-fresa-inn-tokyo-kinshicho,japan/tokyo/taito/sotetsu-fresa-inn-tokyo-kinshicho,Supplier,japan,110
1254,849716,rhodes-otsuka-hotel,www.gother.com/th-th/hotels/japan/tokyo/toshima/rhodes-otsuka-hotel,japan/tokyo/toshima/rhodes-otsuka-hotel,Supplier,japan,110
1510,834421,iclub-mong-kok-hotel,www.gother.com/th-th/hotels/hong-kong/kowloon/mongkok/iclub-mong-kok-hotel,hong-kong/kowloon/mongkok/iclub-mong-kok-hotel,Supplier,hong-kong,110
6,2936,marrakesh-hua-hin-resort-spa,www.gother.com/th-th/hotels/thailand/prachuap-khiri-khan/hua-hin/marrakesh-hua-hin-resort-spa,thailand/prachuap-khiri-khan/hua-hin/marrakesh-hua-hin-resort-spa,DIRECT,thailand,109
428,971788,The-Kaset-Hua-Hin,www.gother.com/th-th/hotels/thailand/prachuap-khiri-khan/hua-hin/the-kaset-hua-hin,thailand/prachuap-khiri-khan/hua-hin/the-kaset-hua-hin,DIRECT,thailand,109
714,506184,bansaithong-beach-resort,www.gother.com/th-th/hotels/thailand/prachuap-khiri-khan/bang-saphan-noi/bansaithong-beach-resort,thailand/prachuap-khiri-khan/cha-am/bansaithong-beach-resort,Supplier,thailand,109
719,2936,marrakesh-hua-hin-resort-spa,www.gother.com/th-th/hotels/thailand/prachuap-khiri-khan/hua-hin/marrakesh-hua-hin-resort-spa,thailand/prachuap-khiri-khan/hua-hin/marrakesh-hua-hin-resort-spa,Supplier,thailand,109
725,971788,the-kaset-hua-hin,www.gother.com/th-th/hotels/thailand/prachuap-khiri-khan/hua-hin/the-kaset-hua-hin,thailand/prachuap-khiri-khan/hua-hin/the-kaset-hua-hin,Supplier,thailand,109
794,756888,the-beachfront-hotel-phuket,www.gother.com/th-th/hotels/thailand/phuket/rawai/the-beachfront-hotel-phuket,thailand/phuket/rawai/the-beachfront-hotel-phuket,Supplier,thailand,109
1815,9152,radisson-blu-hotel-shanghai-new-world,www.gother.com/th-th/hotels/china/shanghai/huangpu/radisson-blu-hotel-shanghai-new-world,china/shanghai/huangpu/radisson-blu-hotel-shanghai-new-world,Supplier,china,109
228,769039,Icon-Park-Hotel-Chiang-Mai,www.gother.com/th-th/hotels/thailand/chiang-mai/muang-chiang-mai/icon-park-hotel-chiang-mai,thailand/chiang-mai/muang-chiang-mai/icon-park-hotel-chiang-mai,DIRECT,thailand,108
258,3533,Phu-Chaisai-Mountain-Resort,www.gother.com/th-th/hotels/thailand/chiang-rai/mae-chan/phu-chaisai-mountain-resort-chiangrai,thailand/chiang-rai/mae-chan/phu-chaisai-mountain-resort,DIRECT,thailand,108
718,3533,phu-chaisai-mountain-resort,www.gother.com/th-th/hotels/thailand/chiang-rai/mae-chan/phu-chaisai-mountain-resort-chiangrai,thailand/chiang-rai/mae-chan/phu-chaisai-mountain-resort,Supplier,thailand,108
722,233606,mercure-bangkok-siam,www.gother.com/th-th/hotels/thailand/bangkok/pathum-wan/mercure-bangkok-siam,thailand/bangkok/pathum-wan/mercure-bangkok-siam,Supplier,thailand,108
1260,366921,remm-akihabara,www.gother.com/th-th/hotels/japan/tokyo/chiyoda/remm-akihabara,japan/tokyo/chiyoda/remm-akihabara,Supplier,japan,108
1513,128248,intercontinental-grand-stanford-hong-kong,www.gother.com/th-th/hotels/hong-kong/kowloon/tsim-sha-tsui/intercontinental-grand-stanford-hong-kong,hong-kong/kowloon/tsim-sha-tsui/intercontinental-grand-stanford-hong-kong,Supplier,hong-kong,108
2101,824830,mercure-ambassador-seoul-hongdae,www.gother.com/th-th/hotels/south-korea/seoul/mapo-gu/mercure-ambassador-seoul-hongdae,south-korea/seoul/mapo-gu/mercure-ambassador-seoul-hongdae,Supplier,south-korea,108
729,771571,toscana-piazza,www.gother.com/th-th/hotels/thailand/nakhon-ratchasima/pak-chong/toscana-piazza,thailand/nakhon-ratchasima/pak-chong/toscana-piazza,Supplier,thailand,107
748,722889,nanya-hotel-chiang-mai,www.gother.com/th-th/hotels/thailand/chiang-mai/muang-chiang-mai/nanya-hotel-chiang-mai,thailand/chiang-mai/muang-chiang-mai/nanya-hotel-chiang-mai,Supplier,thailand,107
1255,119786,grand-nikko-tokyo-daiba,www.gother.com/th-th/hotels/japan/tokyo/minato/grand-nikko-tokyo-daiba,japan/tokyo/minato/grand-nikko-tokyo-daiba,Supplier,japan,107
379,763168,Recall-Isaan-Isan-Concept-at-Khaoyai,www.gother.com/th-th/hotels/thailand/nakhon-ratchasima/pak-chong/recall-isaan-isan-concept-at-khaoyai,thailand/nakhon-ratchasima/pak-chong/recall-isaan-isan-concept-at-khaoyai,DIRECT,thailand,106
483,1642,Cholchan-Pattaya-Beach-Resort,www.gother.com/th-th/hotels/thailand/chonburi/bang-lamung/cholchan-pattaya-beach-resort,thailand/chonburi/bang-lamung/cholchan-pattaya-beach-resort,DIRECT,thailand,106
733,843446,kundala-beach-resort-hua-hin,www.gother.com/th-th/hotels/thailand/prachuap-khiri-khan/hua-hin/kundala-beach-resort-hua-hin,thailand/prachuap-khiri-khan/hua-hin/kundala-beach-resort-hua-hin,Supplier,thailand,106
739,452119,lub-d-phuket-patong,www.gother.com/th-th/hotels/thailand/phuket/patong/lub-d-phuket-patong,thailand/phuket/patong/lub-d-phuket-patong,Supplier,thailand,106
741,326472,rancho-charnvee-resort-country-club-khaoyai,www.gother.com/th-th/hotels/thailand/nakhon-ratchasima/pak-chong/rancho-charnvee-resort-country-club-khaoyai,thailand/nakhon-ratchasima/pak-chong/rancho-charnvee-resort-country-club-khaoyai,Supplier,thailand,106
758,1642,cholchan-pattaya-beach-resort,www.gother.com/th-th/hotels/thailand/chonburi/bang-lamung/cholchan-pattaya-beach-resort,thailand/chonburi/bang-lamung/cholchan-pattaya-beach-resort,Supplier,thailand,106
759,223008,ibis-styles-chiang-mai,www.gother.com/th-th/hotels/thailand/chiang-mai/muang-chiang-mai/ibis-styles-chiang-mai,thailand/chiang-mai/muang-chiang-mai/ibis-styles-chiang-mai,Supplier,thailand,106
770,763168,recall-isaan-isan-concept-at-khaoyai,www.gother.com/th-th/hotels/thailand/nakhon-ratchasima/pak-chong/recall-isaan-isan-concept-at-khaoyai,thailand/nakhon-ratchasima/pak-chong/recall-isaan-isan-concept-at-khaoyai,Supplier,thailand,106
1256,310592,hotel-mystays-ueno-inaricho,www.gother.com/th-th/hotels/japan/tokyo/taito/hotel-mystays-ueno-inaricho,japan/tokyo/taito/hotel-mystays-ueno-inaricho,Supplier,japan,106
1257,790295,eisei-stay,www.gother.com/th-th/hotels/japan/tokyo/toshima/eisei-stay,japan/tokyo/toshima/eisei-stay,Supplier,japan,106
57,451785,A-One-New-Wing-Hotel,www.gother.com/th-th/hotels/thailand/chonburi/north-pattaya/a-one-new-wing-hotel,thailand/chonburi/north-pattaya/a-one-new-wing-hotel,DIRECT,thailand,105
90,137419,Kantary-Hills-Hotel,www.gother.com/th-th/hotels/thailand/chiang-mai/muang-chiang-mai/kantary-hills-hotel,thailand/chiang-mai/muang-chiang-mai/kantary-hills-hotel,DIRECT,thailand,104
208,755425,s22-hotel-surat-thani,www.gother.com/th-th/hotels/thailand/surat-thani/muang-surat-thani/s22-hotel-surat-thani,thailand/surat-thani/muang-surat-thani/s22-hotel-surat-thani,DIRECT,thailand,104
247,2380,Jomtien-Thani-Hotel,www.gother.com/th-th/hotels/thailand/chonburi/pattaya/jomtien-thani-hotel,thailand/chonburi/pattaya/jomtien-thani-hotel,DIRECT,thailand,104
730,828,aonang-colors-hotel-krabi-aonang-beach,www.gother.com/th-th/hotels/thailand/krabi/ao-nang-beach/aonang-colors-hotel-krabi-aonang-beach,thailand/krabi/ao-nang-beach/aonang-colors-hotel-krabi-aonang-beach,Supplier,thailand,104
890,755425,s22-hotel-surat-thani,www.gother.com/th-th/hotels/thailand/surat-thani/muang-surat-thani/s22-hotel-surat-thani,thailand/surat-thani/muang-surat-thani/s22-hotel-surat-thani,Supplier,thailand,104
74,11970,golden-beach-cha-am-hotel,www.gother.com/th-th/hotels/thailand/phetchaburi/cha-am/golden-beach-cha-am-hotel,thailand/phetchaburi/cha-am/golden-beach-cha-am-hotel,DIRECT,thailand,103
738,225936,zenmaya-oceanfront-phuket-trademark-collection-by-wyndham,www.gother.com/th-th/hotels/thailand/phuket/patong/zenmaya-oceanfront-phuket-trademark-collection-by-wyndham,thailand/phuket/patong/zenmaya-oceanfront-phuket-trademark-collection-by-wyndham,Supplier,thailand,103
742,844607,inlaya-ratchaburi,www.gother.com/th-th/hotels/thailand/ratchaburi/muang-ratchaburi/inlaya-ratchaburi,thailand/ratchaburi/muang-ratchaburi/inlaya-ratchaburi,Supplier,thailand,103
753,766001,health-land-resort-spa,www.gother.com/th-th/hotels/thailand/chonburi/bang-lamung/health-land-resort-spa,thailand/chonburi/bang-lamung/health-land-resort-spa,Supplier,thailand,103
776,848539,go-high-o,www.gother.com/th-th/hotels/thailand/nan/pua/go-high-o,thailand/nan/pua/go-high-o,Supplier,thailand,103
780,3247,novotel-rayong-rim-pae-resort,www.gother.com/th-th/hotels/thailand/rayong/klaeng/novotel-rayong-rim-pae-resort,thailand/rayong/klaeng/novotel-rayong-rim-pae-resort,Supplier,thailand,103
1263,643359,hop-inn-tokyo-ueno,www.gother.com/th-th/hotels/japan/tokyo/taito-ku/hop-inn-tokyo-ueno,japan/tokyo/meguro/hop-inn-tokyo-ueno,Supplier,japan,103
734,842714,arbour-hotel-and-residence-pattaya,www.gother.com/th-th/hotels/thailand/chonburi/pattaya/arbour-hotel-and-residence,thailand/chonburi/pattaya/arbour-hotel-and-residence-pattaya,Supplier,thailand,102
825,187995,maruay-garden-hotel,www.gother.com/th-th/hotels/thailand/bangkok/chatuchak/maruay-garden-hotel,thailand/bangkok/chatuchak/maruay-garden-hotel,Supplier,thailand,102
1261,133277,rihga-royal-hotel-tokyo,www.gother.com/th-th/hotels/japan/tokyo/shinjuku/rihga-royal-hotel-tokyo,japan/tokyo/shinjuku/rihga-royal-hotel-tokyo,Supplier,japan,102
1283,310186,apa-hotel-shinjuku-gyoemmae,www.gother.com/th-th/hotels/japan/tokyo/minato/apa-hotel-shinjuku-gyoemmae,japan/tokyo/minato/apa-hotel-shinjuku-gyoemmae,Supplier,japan,102
1512,296,mira-moon,www.gother.com/th-th/hotels/hong-kong/hong-kong/causeway-bay/mira-moon,hong-kong/hong-kong/causeway-bay/mira-moon,Supplier,hong-kong,102
24,2773,the-legend-chiang-rai-boutique-river-resort-spa,www.gother.com/th-th/hotels/thailand/chiang-rai/muang-chiang-rai/the-legend-chiang-rai-boutique-river-resort-spa,thailand/chiang-rai/muang-chiang-rai/the-legend-chiang-rai-boutique-river-resort-spa,DIRECT,thailand,101
54,1057794,cross-vibe-pattaya-seaphere-formerly-x2-vibe-pattaya-seaphere,www.gother.com/th-th/hotels/thailand/chonburi/na-jomtien/cross-vibe-pattaya-seaphere,thailand/chonburi/sattahip/cross-vibe-pattaya-seaphere-formerly-x2-vibe-pattaya-seaphere,DIRECT,thailand,101
736,1057794,cross-vibe-pattaya-seaphere-formerly-x2-vibe-pattaya-seaphere,www.gother.com/th-th/hotels/thailand/chonburi/na-jomtien/cross-vibe-pattaya-seaphere,thailand/chonburi/sattahip/cross-vibe-pattaya-seaphere-formerly-x2-vibe-pattaya-seaphere,Supplier,thailand,101
737,2280,bangkok-marriott-marquis-queen-s-park,www.gother.com/th-th/hotels/thailand/bangkok/khlong-toei/bangkok-marriott-marquis-queen-s-park,thailand/bangkok/khlong-toei/bangkok-marriott-marquis-queen-s-park,Supplier,thailand,101
744,838658,b2-hua-hin-premier-hotel,www.gother.com/th-th/hotels/thailand/prachuap-khiri-khan/hua-hin/b2-hua-hin-premier-hotel,thailand/prachuap-khiri-khan/hua-hin/b2-hua-hin-premier-hotel,Supplier,thailand,101
746,11958,movenpick-asara-resort-spa-hua-hin,www.gother.com/th-th/hotels/thailand/prachuap-khiri-khan/hua-hin/movenpick-asara-resort-spa-hua-hin,thailand/prachuap-khiri-khan/hua-hin/movenpick-asara-resort-spa-hua-hin,Supplier,thailand,101
747,2773,the-legend-chiang-rai-boutique-river-resort-spa,www.gother.com/th-th/hotels/thailand/chiang-rai/muang-chiang-rai/the-legend-chiang-rai-boutique-river-resort-spa,thailand/chiang-rai/muang-chiang-rai/the-legend-chiang-rai-boutique-river-resort-spa,Supplier,thailand,101
754,1495,centara-watergate-pavilion-hotel-bangkok,www.gother.com/th-th/hotels/thailand/bangkok/pratunam/centara-watergate-pavilion-hotel-bangkok,thailand/bangkok/pathum-wan/centara-watergate-pavilion-hotel-bangkok,Supplier,thailand,101
761,758075,barefeet-heaven-hill-naturist-resort,www.gother.com/th-th/hotels/thailand/trang/kantang/barefeet-heaven-hill-naturist-resort,thailand/trang/kantang/barefeet-heaven-hill-naturist-resort,Supplier,thailand,101
782,2214,hotel-vista,www.gother.com/th-th/hotels/thailand/chonburi/central-pattaya/hotel-vista,thailand/chonburi/central-pattaya/hotel-vista,Supplier,thailand,101
969,453709,farisa-garden-hotel-kalasin,www.gother.com/th-th/hotels/thailand/kalasin/muang-kalasin/farisa-garden-hotel-kalasin,thailand/kalasin/muang-kalasin/farisa-garden-hotel-kalasin,Supplier,thailand,101
227,933380,Sittisang-Heritage-House-1920,www.gother.com/th-th/hotels/thailand/kanchanaburi/muang-kanchanaburi/sittisang-heritage-house-1920,thailand/kanchanaburi/muang-kanchanaburi/sittisang-heritage-house-1920,DIRECT,thailand,100
745,848522,sla-sakad,www.gother.com/th-th/hotels/thailand/nan/pua/sla-sakad,thailand/nan/pua/sla-sakad,Supplier,thailand,100
749,451898,thongsathit-hill-resort-khao-yai,www.gother.com/th-th/hotels/thailand/nakhon-ratchasima/khao-yai/thongsathit-hill-resort-khao-yai,thailand/nakhon-ratchasima/khao-yai/thongsathit-hill-resort-khao-yai,Supplier,thailand,100
793,762383,kimpton-maa-lai-bangkok-an-ihg-hotel,www.gother.com/th-th/hotels/thailand/bangkok/pathum-wan/kimpton-maa-lai-bangkok-an-ihg-hotel,thailand/bangkok/pathum-wan/kimpton-maa-lai-bangkok-an-ihg-hotel,Supplier,thailand,100
799,841197,dusitd2-hua-hin,www.gother.com/th-th/hotels/thailand/prachuap-khiri-khan/hua-hin/dusitd2-hua-hin,thailand/prachuap-khiri-khan/hua-hin/dusitd2-hua-hin,Supplier,thailand,100
871,551398,sabai-chiang-rai,www.gother.com/th-th/hotels/thailand/chiang-rai/muang-chiang-rai/sabai-chiang-rai,thailand/chiang-rai/muang-chiang-rai/sabai-chiang-rai,Supplier,thailand,100
1516,141,best-western-hotel-causeway-bay,www.gother.com/th-th/hotels/hong-kong/hong-kong/causeway-bay/best-western-hotel-causeway-bay,hong-kong/hong-kong/causeway-bay/best-western-hotel-causeway-bay,Supplier,hong-kong,100
191,196605,Asia-Cha-Am-Hotel,www.gother.com/th-th/hotels/thailand/phetchaburi/cha-am/asia-cha-am-hotel,thailand/prachuap-khiri-khan/cha-am/asia-cha-am-hotel,DIRECT,thailand,99
751,841196,somerset-pattaya,www.gother.com/th-th/hotels/thailand/chonburi/bang-lamung/somerset-pattaya,thailand/chonburi/bang-lamung/somerset-pattaya,Supplier,thailand,99
757,3727,railay-phutawan-resort,www.gother.com/th-th/hotels/thailand/krabi/muang-krabi/railay-phutawan-resort,thailand/krabi/ao-nang-beach/railay-phutawan-resort,Supplier,thailand,99
820,836452,the-signature-hotel-airport,www.gother.com/th-th/hotels/thailand/songkhla/hat-yai/the-signature-hotel-airport,thailand/songkhla/hat-yai/the-signature-hotel-airport,Supplier,thailand,99
822,677714,bay-beach-resort-jomtien,www.gother.com/th-th/hotels/thailand/chonburi/pattaya/bay-beach-resort-jomtien,thailand/chonburi/pattaya/bay-beach-resort-jomtien,Supplier,thailand,99
1269,671997,vessel-inn-shinsaibashi,www.gother.com/th-th/hotels/japan/osaka/osaka/vessel-inn-shinsaibashi,japan/osaka/osaka/vessel-inn-shinsaibashi,Supplier,japan,99
39,843470,blu-marine-hua-hin-resort-and-villas,www.gother.com/th-th/hotels/thailand/prachuap-khiri-khan/hua-hin/blu-marine-hua-hin-resort-and-villas,thailand/prachuap-khiri-khan/hua-hin/blu-marine-hua-hin-resort-and-villas,DIRECT,thailand,98
261,670537,Baba-Beach-Club-Natai-Luxury-Pool-Villa-Hotel-by-Sri-panwa,www.gother.com/th-th/hotels/thailand/phang-nga/natai-beach/baba-beach-club-natai-luxury-pool-villa-hotel-by-sri-panwa,thailand/phang-nga/natai-beach/baba-beach-club-natai-luxury-pool-villa-hotel-by-sri-panwa,DIRECT,thailand,98
752,402746,hilton-bangkok-grande-asoke,www.gother.com/th-th/hotels/thailand/bangkok/watthana/hilton-bangkok-grande-asoke,thailand/bangkok/watthana/hilton-bangkok-grande-asoke,Supplier,thailand,98
760,452399,the-bazaar-hotel-bangkok,www.gother.com/th-th/hotels/thailand/bangkok/chatuchak/the-bazaar-hotel-bangkok,thailand/bangkok/ratchadaphisek/the-bazaar-hotel-bangkok,Supplier,thailand,98
764,758349,hotel-kuretakeso-thailand-sriracha,www.gother.com/th-th/hotels/thailand/chonburi/si-racha/hotel-kuretakeso-thailand-sriracha,thailand/chonburi/si-racha/hotel-kuretakeso-thailand-sriracha,Supplier,thailand,98
765,851,grand-mercure-bangkok-atrium,www.gother.com/th-th/hotels/thailand/bangkok/huai-khwang/grand-mercure-bangkok-atrium,thailand/bangkok/huai-khwang/grand-mercure-bangkok-atrium,Supplier,thailand,98
823,847172,stratus-resort,www.gother.com/th-th/hotels/thailand/phetchabun/khao-kho/stratus-resort,thailand/phetchabun/khao-kho/stratus-resort,Supplier,thailand,98
48,4360,the-sukosol,www.gother.com/th-th/hotels/thailand/bangkok/ratchathewi/the-sukosol,thailand/bangkok/ratchathewi/the-sukosol,DIRECT,thailand,97
286,766782,The-Chiang-Mai-Old-Town-Hotel,www.gother.com/th-th/hotels/thailand/chiang-mai/muang-chiang-mai/the-chiang-mai-old-town-hotel,thailand/chiang-mai/muang-chiang-mai/the-chiang-mai-old-town-hotel,DIRECT,thailand,97
766,3235,novotel-bangkok-platinum-pratunam,www.gother.com/th-th/hotels/thailand/bangkok/pratunam/novotel-bangkok-platinum-pratunam,thailand/bangkok/pratunam/novotel-bangkok-platinum-pratunam,Supplier,thailand,97
768,848970,veranda-resort-phuket-autograph-collection,www.gother.com/th-th/hotels/thailand/phuket/muang-phuket/veranda-resort-phuket-autograph-collection,thailand/phuket/muang-phuket/veranda-resort-phuket-autograph-collection,Supplier,thailand,97
786,838637,panwaburi-beachfront-resort,www.gother.com/th-th/hotels/thailand/phuket/muang-phuket/panwaburi-beachfront-resort,thailand/phuket/muang-phuket/panwaburi-beachfront-resort,Supplier,thailand,97
834,1041,at-pingnakorn-nimman-hotel,www.gother.com/th-th/hotels/thailand/chiang-mai/nimmanhemin/at-pingnakorn-nimman-hotel,thailand/chiang-mai/nimmanhemin/at-pingnakorn-nimman-hotel,Supplier,thailand,97
1262,6932,namba-oriental-hotel,www.gother.com/th-th/hotels/japan/osaka/osaka/namba-oriental-hotel,japan/osaka/osaka/namba-oriental-hotel,Supplier,japan,97
139,2989,MIDA-RESORT-KANCHANABURI,www.gother.com/th-th/hotels/thailand/kanchanaburi/sai-yok/mida-resort-kanchanaburi,thailand/kanchanaburi/sai-yok/mida-resort-kanchanaburi,DIRECT,thailand,96
476,3852,rocky-s-boutique-resort-veranda-collection-samui,www.gother.com/th-th/hotels/thailand/surat-thani/koh-samui/rocky-s-boutique-resort-veranda-collection-samui,thailand/surat-thani/koh-samui/rocky-s-boutique-resort-veranda-collection-samui,DIRECT,thailand,96
762,845983,tonnam-pool-villa,www.gother.com/th-th/hotels/thailand/chonburi/bang-lamung/tonnam-pool-villa,thailand/chonburi/bang-lamung/tonnam-pool-villa,Supplier,thailand,96
773,847221,elite-atoll-beachfront-hotel,www.gother.com/th-th/hotels/thailand/nakhon-si-thammarat/khanom/elite-atoll-beachfront-hotel,thailand/nakhon-si-thammarat/khanom/elite-atoll-beachfront-hotel,Supplier,thailand,96
1605,885778,taipei-inn,www.gother.com/th-th/hotels/taiwan/taipei/taipei-main-station/taipei-inn,taiwan/taipei/taipei-main-station/taipei-inn,Supplier,taiwan,96
29,233894,the-float-house-river-kwai-resort,www.gother.com/th-th/hotels/thailand/kanchanaburi/sai-yok/the-float-house-river-kwai-resort,thailand/kanchanaburi/sai-yok/the-float-house-river-kwai-resort,DIRECT,thailand,95
777,225940,grand-mercure-phuket-patong,www.gother.com/th-th/hotels/thailand/phuket/patong/grand-mercure-phuket-patong,thailand/phuket/patong/grand-mercure-phuket-patong,Supplier,thailand,95
785,758909,kokotel-chiang-mai-nimman,www.gother.com/th-th/hotels/thailand/chiang-mai/muang-chiang-mai/kokotel-chiang-mai-nimman,thailand/chiang-mai/muang-chiang-mai/kokotel-chiang-mai-nimman,Supplier,thailand,95
1264,850831,hotel-sanrriott-osaka-honmachi,www.gother.com/th-th/hotels/japan/osaka/shinsaibashi/hotel-sanrriott-osaka-honmachi,japan/osaka/shinsaibashi/hotel-sanrriott-osaka-honmachi,Supplier,japan,95
1270,7049,mercure-sapporo,www.gother.com/th-th/hotels/japan/hokkaido/sapporo/mercure-sapporo,japan/hokkaido/sapporo/mercure-sapporo,Supplier,japan,95
1278,849387,minn-ueno,www.gother.com/th-th/hotels/japan/tokyo/taito/minn-ueno,japan/tokyo/taito/minn-ueno,Supplier,japan,95
1813,482782,shanghai-joyful-yard-hotel-free-shuttle-bus-to-pudong-airport-and-disneyland,www.gother.com/th-th/hotels/china/shanghai/pudong/shanghai-joyful-yard-hotel-free-shuttle-bus-to-pudong-airport-and-disneyland,china/shanghai/pudong/shanghai-joyful-yard-hotel-free-shuttle-bus-to-pudong-airport-and-disneyland,Supplier,china,95
763,545656,sky-dome-resotel,www.gother.com/th-th/hotels/thailand/bangkok/lat-phrao/sky-dome-resotel,thailand/bangkok/lat-phrao/sky-dome-resotel,Supplier,thailand,94
771,844565,hideout-koh-kood,www.gother.com/th-th/hotels/thailand/trat/klong-hin-bay/hideout-koh-kood,thailand/trat/koh-kood/hideout-koh-kood,Supplier,thailand,94
812,452464,maldives-beach-resort,www.gother.com/th-th/hotels/thailand/chanthaburi/tha-mai/maldives-beach-resort,thailand/chanthaburi/tha-mai/maldives-beach-resort,Supplier,thailand,94
880,842781,prima-hotel-pattaya,www.gother.com/th-th/hotels/thailand/chonburi/pattaya/prima-hotel-pattaya,thailand/chonburi/pattaya/prima-hotel-pattaya,Supplier,thailand,94
964,188035,siam-mandarina-bangkok-suvarnabhumi-airport-hotel-free-shuttle,www.gother.com/th-th/hotels/thailand/samut-prakarn/bang-phli/siam-mandarina-bangkok-suvarnabhumi-airport-hotel-free-shuttle,thailand/samut-prakarn/bang-phli/siam-mandarina-bangkok-suvarnabhumi-airport-hotel-free-shuttle,Supplier,thailand,94
1065,453850,the-coconut-hotel,www.gother.com/th-th/hotels/thailand/lampang/muang-lampang/the-coconut-hotel,thailand/lampang/muang-lampang/the-coconut-hotel,Supplier,thailand,94
1265,780813,vessel-hotel-campana-susukino,www.gother.com/th-th/hotels/japan/hokkaido/sapporo/vessel-hotel-campana-susukino,japan/hokkaido/sapporo/vessel-hotel-campana-susukino,Supplier,japan,94
1273,785342,hearton-hotel-shinsaibashi-nagahoridori,www.gother.com/th-th/hotels/japan/osaka/osaka/hearton-hotel-shinsaibashi-nagahoridori,japan/osaka/osaka/hearton-hotel-shinsaibashi-nagahoridori,Supplier,japan,94
1814,125072,golden-tulip-bund-new-asia,www.gother.com/th-th/hotels/china/shanghai/hongkou/golden-tulip-bund-new-asia,china/shanghai/huangpu/golden-tulip-bund-new-asia,Supplier,china,94
290,452056,The-Phu-Beach-Hotel,www.gother.com/th-th/hotels/thailand/krabi/muang-krabi/the-phu-beach-hotel,thailand/krabi/muang-krabi/the-phu-beach-hotel,DIRECT,thailand,93
312,848692,Arco-Phuket-Town,www.gother.com/th-th/hotels/thailand/phuket/muang-phuket/arco-phuket-town,thailand/phuket/muang-phuket/arco-phuket-town,DIRECT,thailand,93
784,2080,meli-pattaya-hotel,www.gother.com/th-th/hotels/thailand/chonburi/bang-lamung/meli-pattaya-hotel,thailand/chonburi/pattaya/meli-pattaya-hotel,Supplier,thailand,93
789,452456,chaolao-tosang-beach-hotel,www.gother.com/th-th/hotels/thailand/chanthaburi/tha-mai/chaolao-tosang-beach-hotel,thailand/chanthaburi/chao-lao-beach/chaolao-tosang-beach-hotel,Supplier,thailand,93
810,648913,resort-de-paskani,www.gother.com/th-th/hotels/thailand/prachuap-khiri-khan/hua-hin/resort-de-paskani,thailand/prachuap-khiri-khan/hua-hin/resort-de-paskani,Supplier,thailand,93
887,646516,livotel-hotel-kaset-nawamin-bangkok,www.gother.com/th-th/hotels/thailand/bangkok/chatuchak/livotel-hotel-kaset-nawamin-bangkok,thailand/bangkok/chatuchak/livotel-hotel-kaset-nawamin-bangkok,Supplier,thailand,93
1002,848692,arco-phuket-town,www.gother.com/th-th/hotels/thailand/phuket/muang-phuket/arco-phuket-town,thailand/phuket/muang-phuket/arco-phuket-town,Supplier,thailand,93
1027,841797,grand-bs-airport-hotel-suvarnabhumi,www.gother.com/th-th/hotels/thailand/bangkok/lat-krabang/grand-bs-airport-hotel-suvarnabhumi,thailand/bangkok/lat-krabang/grand-bs-airport-hotel-suvarnabhumi,Supplier,thailand,93
1059,452056,the-phu-beach-hotel,www.gother.com/th-th/hotels/thailand/krabi/muang-krabi/the-phu-beach-hotel,thailand/krabi/muang-krabi/the-phu-beach-hotel,Supplier,thailand,93
1514,266,lan-kwai-fong-hotel-kau-u-fong,www.gother.com/th-th/hotels/hong-kong/hong-kong/central-district/lan-kwai-fong-hotel-kau-u-fong,hong-kong/hong-kong/central-district/lan-kwai-fong-hotel-kau-u-fong,Supplier,hong-kong,93
1515,128218,eaton-hk,www.gother.com/th-th/hotels/hong-kong/kowloon/yau-ma-tei/eaton-hk,hong-kong/kowloon/yau-ma-tei/eaton-hk,Supplier,hong-kong,93
92,2428,kantary-bay-hotel-rayong,www.gother.com/th-th/hotels/thailand/rayong/muang-rayong/kantary-bay-hotel-rayong,thailand/rayong/muang-rayong/kantary-bay-hotel-rayong,DIRECT,thailand,92
769,848155,the-coral-executive-lounge-domestic-dmk-airport,www.gother.com/th-th/hotels/thailand/bangkok/don-muang/the-coral-executive-lounge-domestic-dmk-airport,thailand/bangkok/don-muang/the-coral-executive-lounge-domestic-dmk-airport,Supplier,thailand,92
772,188107,bangkok-inter-place-hotel,www.gother.com/th-th/hotels/thailand/bangkok/bang-kapi/bangkok-inter-place-hotel,thailand/bangkok/bang-kapi/bangkok-inter-place-hotel,Supplier,thailand,92
778,843339,tara-villa,www.gother.com/th-th/hotels/thailand/kanchanaburi/muang-kanchanaburi/tara-villa,thailand/kanchanaburi/muang-kanchanaburi/tara-villa,Supplier,thailand,92
779,326501,sea-two-pool-villa,www.gother.com/th-th/hotels/thailand/chonburi/pattaya/sea-two-pool-villa,thailand/chonburi/pattaya/sea-two-pool-villa,Supplier,thailand,92
1266,310587,hotel-mystays-nippori,www.gother.com/th-th/hotels/japan/tokyo/arakawa/hotel-mystays-nippori,japan/tokyo/arakawa/hotel-mystays-nippori,Supplier,japan,92
1267,829873,vessel-inn-namba,www.gother.com/th-th/hotels/japan/osaka/namba/vessel-inn-namba,japan/osaka/chuo/vessel-inn-namba,Supplier,japan,92
1268,6880,imperial-hotel-osaka,www.gother.com/th-th/hotels/japan/osaka/osaka/imperial-hotel-osaka,japan/osaka/osaka/imperial-hotel-osaka,Supplier,japan,92
1286,792712,hotel-livemax-shinjuku-east,www.gother.com/th-th/hotels/japan/tokyo/shinjuku/hotel-livemax-shinjuku-east,japan/tokyo/shinjuku/hotel-livemax-shinjuku-east,Supplier,japan,92
128,188325,Mida-Hotel-Don-Mueang-Airport,www.gother.com/th-th/hotels/thailand/bangkok/lak-si/mida-hotel-don-mueang-airport,thailand/bangkok/lak-si/mida-hotel-don-mueang-airport,DIRECT,thailand,91
221,251921,Deevana-Plaza-Phuket-Patong,www.gother.com/th-th/hotels/thailand/phuket/patong/deevana-plaza-phuket-patong,thailand/phuket/patong/deevana-plaza-phuket-patong,DIRECT,thailand,91
371,959624,The-Empress-Hotel-Chiang-Mai,www.gother.com/th-th/hotels/thailand/chiang-mai/muang-chiang-mai/the-empress-hotel-chiang-mai,thailand/chiang-mai/muang-chiang-mai/the-empress-hotel-chiang-mai,DIRECT,thailand,91
774,664266,1301hostels-ayutthaya,www.gother.com/th-th/hotels/thailand/ayutthaya/muang-ayutthaya/1301hostels-ayutthaya,thailand/ayutthaya/muang-ayutthaya/1301hostels-ayutthaya,Supplier,thailand,91
788,762686,worita-cove-hotel,www.gother.com/th-th/hotels/thailand/chonburi/sattahip/worita-cove-hotel,thailand/chonburi/sattahip/worita-cove-hotel,Supplier,thailand,91
795,844360,atlantis-manor,www.gother.com/th-th/hotels/thailand/chonburi/muang-chonburi/atlantis-manor,thailand/chonburi/muang-chonburi/atlantis-manor,Supplier,thailand,91
796,844723,pino-latte-khaokho,www.gother.com/th-th/hotels/thailand/phetchabun/khao-kho/pino-latte-khaokho,thailand/phetchabun/khao-kho/pino-latte-khaokho,Supplier,thailand,91
877,959624,the-empress-hotel-chiang-mai,www.gother.com/th-th/hotels/thailand/chiang-mai/muang-chiang-mai/the-empress-hotel-chiang-mai,thailand/chiang-mai/muang-chiang-mai/the-empress-hotel-chiang-mai,Supplier,thailand,91
892,451770,cross-vibe-chiang-mai-decem-nimman-hotel-formerly-x2-vibe-vibe-chiang-mai-decem,www.gother.com/th-th/hotels/thailand/chiang-mai/muang-chiang-mai/cross-vibe-chiang-mai-decem-nimman-hotel-formerly-x2-vibe-vibe-chiang-mai-decem,thailand/chiang-mai/muang-chiang-mai/cross-vibe-chiang-mai-decem-nimman-hotel-formerly-x2-vibe-vibe-chiang-mai-decem,Supplier,thailand,91
925,222979,centara-riverside-hotel-chiang-mai,www.gother.com/th-th/hotels/thailand/chiang-mai/muang-chiang-mai/centara-riverside-hotel-chiang-mai,thailand/chiang-mai/muang-chiang-mai/centara-riverside-hotel-chiang-mai,Supplier,thailand,91
1323,841199,centara-grand-hotel-osaka,www.gother.com/th-th/hotels/japan/osaka/osaka/centara-grand-hotel-osaka,japan/osaka/osaka/centara-grand-hotel-osaka,Supplier,japan,91
275,3728,railay-princess-resort-spa,www.gother.com/th-th/hotels/thailand/krabi/muang-krabi/railay-princess-resort-spa,thailand/krabi/muang-krabi/railay-princess-resort-spa,DIRECT,thailand,90
439,3223,Northgate-Ratchayothin,www.gother.com/th-th/hotels/thailand/bangkok/chatuchak/northgate-ratchayothin,thailand/bangkok/chatuchak/northgate-ratchayothin,DIRECT,thailand,90
787,756893,dinso-resort-villas-phuket-vignette-collection-an-ihg-hotel,www.gother.com/th-th/hotels/thailand/phuket/patong/dinso-resort-villas-phuket-vignette-collection-an-ihg-hotel,thailand/phuket/patong/dinso-resort-villas-phuket-vignette-collection-an-ihg-hotel,Supplier,thailand,90
790,803,aetas-bangkok,www.gother.com/th-th/hotels/thailand/bangkok/pathum-wan/aetas-bangkok,thailand/bangkok/pathum-wan/aetas-bangkok,Supplier,thailand,90
791,4914,wannara-hotel-hua-hin,www.gother.com/th-th/hotels/thailand/prachuap-khiri-khan/hua-hin/wannara-hotel-hua-hin,thailand/prachuap-khiri-khan/hua-hin/wannara-hotel-hua-hin,Supplier,thailand,90
831,841202,pillows-boutique-hotel,www.gother.com/th-th/hotels/thailand/chiang-mai/muang-chiang-mai/pillows-boutique-hotel,thailand/chiang-mai/muang-chiang-mai/pillows-boutique-hotel,Supplier,thailand,90
1271,120217,hilton-tokyo-narita-airport-hotel,www.gother.com/th-th/hotels/japan/tokyo/meguro/hilton-tokyo-narita-airport-hotel,japan/tokyo/meguro/hilton-tokyo-narita-airport-hotel,Supplier,japan,90
159,841754,simplestay-chatuchak-surestay-collection-by-best-western,www.gother.com/th-th/hotels/thailand/bangkok/chatuchak/simplestay-chatuchak-surestay-collection-by-best-western,thailand/bangkok/chatuchak/simplestay-chatuchak-surestay-collection-by-best-western,DIRECT,thailand,89
398,225790,cape-sienna-gourmet-hotel-villas,www.gother.com/th-th/hotels/thailand/phuket/kamala-beach/cape-sienna-gourmet-hotel-villas,thailand/phuket/kamala-beach/cape-sienna-gourmet-hotel-villas,DIRECT,thailand,89
800,2111,dolphin-bay-beach-resort,www.gother.com/th-th/hotels/thailand/surat-thani/koh-pha-ngan/dolphin-bay-beach-resort,thailand/surat-thani/koh-pha-ngan/dolphin-bay-beach-resort,Supplier,thailand,89
815,774288,arize-hotel-sri-racha,www.gother.com/th-th/hotels/thailand/chonburi/si-racha/arize-hotel-sri-racha,thailand/chonburi/si-racha/arize-hotel-sri-racha,Supplier,thailand,89
827,137883,the-imperial-hotel-and-convention-centre-korat,www.gother.com/th-th/hotels/thailand/nakhon-ratchasima/muang-nakhon-ratchasima/the-imperial-hotel-and-convention-centre-korat,thailand/nakhon-ratchasima/muang-nakhon-ratchasima/the-imperial-hotel-and-convention-centre-korat,Supplier,thailand,89
1005,841876,the-alberti,www.gother.com/th-th/hotels/thailand/bangkok/watthana/the-alberti,thailand/bangkok/watthana/the-alberti,Supplier,thailand,89
1188,225790,cape-sienna-gourmet-hotel-villas,www.gother.com/th-th/hotels/thailand/phuket/kamala-beach/cape-sienna-gourmet-hotel-villas,thailand/phuket/kamala-beach/cape-sienna-gourmet-hotel-villas,Supplier,thailand,89
1816,271416,campanile-hotel-xi-an-bell-tower-huimin-street-metro-station,www.gother.com/th-th/hotels/china/shaanxi/xian/campanile-hotel-xi-an-bell-tower-huimin-street-metro-station,china/shaanxi/xian/campanile-hotel-xi-an-bell-tower-huimin-street-metro-station,Supplier,china,89
62,365363,cape-nidhra-hotel,www.gother.com/th-th/hotels/thailand/prachuap-khiri-khan/hua-hin/cape-nidhra-hotel,thailand/prachuap-khiri-khan/hua-hin/cape-nidhra-hotel,DIRECT,thailand,88
125,3568,Phuket-Orchid-Resort,www.gother.com/th-th/hotels/thailand/phuket/karon-beach/phuket-orchid-resort,thailand/phuket/karon-beach/phuket-orchid-resort,DIRECT,thailand,88
211,687248,Lanna-Dusita-Riverside-Boutique-Resort,www.gother.com/th-th/hotels/thailand/chiang-mai/muang-chiang-mai/lanna-dusita-riverside-boutique-resort,thailand/chiang-mai/muang-chiang-mai/lanna-dusita-riverside-boutique-resort,DIRECT,thailand,88
289,765353,katathong-golf-resort-spa,www.gother.com/th-th/hotels/thailand/phang-nga/muang-phang-nga/katathong-golf-resort-spa,thailand/phang-nga/muang-phang-nga/katathong-golf-resort-spa,DIRECT,thailand,88
803,928,andaman-white-beach-resort,www.gother.com/th-th/hotels/thailand/phuket/thalang/andaman-white-beach-resort,thailand/phuket/thalang/andaman-white-beach-resort,Supplier,thailand,88
805,844248,laguna-grand-hotel-and-spa,www.gother.com/th-th/hotels/thailand/songkhla/muang-songkhla/laguna-grand-hotel-and-spa,thailand/songkhla/muang-songkhla/laguna-grand-hotel-and-spa,Supplier,thailand,88
811,3392,paresa-resort-phuket,www.gother.com/th-th/hotels/thailand/phuket/kathu/paresa-resort-phuket,thailand/phuket/kamala-beach/paresa-resort-phuket,Supplier,thailand,88
821,765353,katathong-golf-resort-spa,www.gother.com/th-th/hotels/thailand/phang-nga/muang-phang-nga/katathong-golf-resort-spa,thailand/phang-nga/muang-phang-nga/katathong-golf-resort-spa,Supplier,thailand,88
1272,755270,via-inn-abeno-tennoji,www.gother.com/th-th/hotels/japan/osaka/osaka/via-inn-abeno-tennoji,japan/osaka/osaka/via-inn-abeno-tennoji,Supplier,japan,88
1277,133301,shinjuku-prince-hotel,www.gother.com/th-th/hotels/japan/tokyo/shinjuku/shinjuku-prince-hotel,japan/tokyo/shinjuku/shinjuku-prince-hotel,Supplier,japan,88
265,762181,Hug-Nimman-Hotel,www.gother.com/th-th/hotels/thailand/chiang-mai/nimmanhemin/hug-nimman-hotel,thailand/chiang-mai/nimmanhemin/hug-nimman-hotel,DIRECT,thailand,87
802,3447,pattana-sports-resort,www.gother.com/th-th/hotels/thailand/chonburi/si-racha/pattana-sports-resort,thailand/chonburi/si-racha/pattana-sports-resort,Supplier,thailand,87
818,12145,phulay-bay-a-ritz-carlton-reserve,www.gother.com/th-th/hotels/thailand/krabi/tub-kaek-beach/phulay-bay-a-ritz-carlton-reserve,thailand/krabi/tub-kaek-beach/phulay-bay-a-ritz-carlton-reserve,Supplier,thailand,87
952,762181,hug-nimman-hotel,www.gother.com/th-th/hotels/thailand/chiang-mai/nimmanhemin/hug-nimman-hotel,thailand/chiang-mai/nimmanhemin/hug-nimman-hotel,Supplier,thailand,87
1295,784050,henn-na-hotel-tokyo-haneda,www.gother.com/th-th/hotels/japan/tokyo/ota/henn-na-hotel-tokyo-haneda,japan/tokyo/ota/henn-na-hotel-tokyo-haneda,Supplier,japan,87
1353,222341,smile-hotel-tokyo-nihonbashi,www.gother.com/th-th/hotels/japan/tokyo/chiyoda/smile-hotel-tokyo-nihonbashi,japan/tokyo/chiyoda/smile-hotel-tokyo-nihonbashi,Supplier,japan,87
1535,730730,disney-explorers-lodge,www.gother.com/th-th/hotels/hong-kong/lantau-island/disneyland-resort/disney-explorers-lodge,hong-kong/lantau-island/disneyland-resort/disney-explorers-lodge,Supplier,hong-kong,87
2103,55292,grand-hyatt-seoul,www.gother.com/th-th/hotels/south-korea/seoul/yongsan-gu/grand-hyatt-seoul,south-korea/seoul/yongsan-gu/grand-hyatt-seoul,Supplier,south-korea,87
149,835144,Chatrium-Grand-Bangkok,www.gother.com/th-th/hotels/thailand/bangkok/ratchathewi/chatrium-grand-bangkok,thailand/bangkok/ratchathewi/chatrium-grand-bangkok,DIRECT,thailand,86
318,841256,The-Culture-Samui,www.gother.com/th-th/hotels/thailand/surat-thani/koh-samui/the-culture-samui,thailand/surat-thani/koh-samui/the-culture-samui,DIRECT,thailand,86
362,1037,Hotel-Amber-Sukhumvit-85,www.gother.com/th-th/hotels/thailand/bangkok/phra-khanong/hotel-amber-sukhumvit-85,thailand/bangkok/sukhumvit/hotel-amber-sukhumvit-85,DIRECT,thailand,86
797,3773,rawi-warin-resort-spa,www.gother.com/th-th/hotels/thailand/krabi/koh-lanta/rawi-warin-resort-spa,thailand/krabi/koh-lanta/rawi-warin-resort-spa,Supplier,thailand,86
798,1969,four-seasons-resort-chiang-mai,www.gother.com/th-th/hotels/thailand/chiang-mai/mae-rim/four-seasons-resort-chiang-mai,thailand/chiang-mai/mae-rim/four-seasons-resort-chiang-mai,Supplier,thailand,86
804,846505,zenery-lake-resort,www.gother.com/th-th/hotels/thailand/bueng-kan/bueng-khong-long/zenery-lake-resort,thailand/bueng-kan/bueng-khong-long/zenery-lake-resort,Supplier,thailand,86
806,841256,the-culture-samui,www.gother.com/th-th/hotels/thailand/surat-thani/koh-samui/the-culture-samui,thailand/surat-thani/koh-samui/the-culture-samui,Supplier,thailand,86
816,453066,villa-moreeda,www.gother.com/th-th/hotels/thailand/ratchaburi/suan-phueng/villa-moreeda,thailand/ratchaburi/suan-phueng/villa-moreeda,Supplier,thailand,86
1141,769523,elsie-evans-art-retreat,www.gother.com/th-th/hotels/thailand/rayong/muang-rayong/elsie-evans-art-retreat,thailand/rayong/muang-rayong/elsie-evans-art-retreat,Supplier,thailand,86
1153,1037,hotel-amber-sukhumvit-85,www.gother.com/th-th/hotels/thailand/bangkok/phra-khanong/hotel-amber-sukhumvit-85,thailand/bangkok/sukhumvit/hotel-amber-sukhumvit-85,Supplier,thailand,86
1274,5593,fuji-view-hotel,www.gother.com/th-th/hotels/japan/yamanashi/minamitsuru/fuji-view-hotel,japan/yamanashi/minamitsuru/fuji-view-hotel,Supplier,japan,86
1275,673619,apa-hotel-ueno-ekikita,www.gother.com/th-th/hotels/japan/tokyo/meguro/apa-hotel-ueno-ekikita,japan/tokyo/meguro/apa-hotel-ueno-ekikita,Supplier,japan,86
1524,670871,attitude-on-granville,www.gother.com/th-th/hotels/hong-kong/kowloon/hung-hom/attitude-on-granville,hong-kong/kowloon/hung-hom/attitude-on-granville,Supplier,hong-kong,86
145,841548,Proud-Phu-Fah-Muang-Chiang-Mai,www.gother.com/th-th/hotels/thailand/chiang-mai/muang-chiang-mai/proud-phu-fah-muang-chiang-mai,thailand/chiang-mai/muang-chiang-mai/proud-phu-fah-muang-chiang-mai,DIRECT,thailand,85
213,3951,Sabai-Sabana,www.gother.com/th-th/hotels/thailand/chonburi/pattaya/sabai-sabana,thailand/chonburi/pattaya/sabai-sabana,DIRECT,thailand,85
801,3906,royal-peninsula-hotel-chiangmai,www.gother.com/th-th/hotels/thailand/chiang-mai/muang-chiang-mai/royal-peninsula-hotel-chiangmai,thailand/chiang-mai/muang-chiang-mai/royal-peninsula-hotel-chiangmai,Supplier,thailand,85
851,12225,the-kee-resort-spa,www.gother.com/th-th/hotels/thailand/phuket/kathu/the-kee-resort-spa,thailand/phuket/patong/the-kee-resort-spa,Supplier,thailand,85
894,847386,o-yua-resort,www.gother.com/th-th/hotels/thailand/nakhon-nayok/muang-nakhon-nayok/o-yua-resort,thailand/nakhon-nayok/muang-nakhon-nayok/o-yua-resort,Supplier,thailand,85
1517,756327,hyatt-centric-victoria-harbour,www.gother.com/th-th/hotels/hong-kong/hong-kong/north-point/hyatt-centric-victoria-harbour,hong-kong/hong-kong/north-point/hyatt-centric-victoria-harbour,Supplier,hong-kong,85
1527,350,royal-plaza-hotel,www.gother.com/th-th/hotels/hong-kong/kowloon/yau-tsim-mong/royal-plaza-hotel,hong-kong/kowloon/yau-tsim-mong/royal-plaza-hotel,Supplier,hong-kong,85
807,646778,mulberry-house,www.gother.com/th-th/hotels/taiwan/taitung/beinan/mulberry-house,thailand/nakhon-ratchasima/muang-nakhon-ratchasima/mulberry-house,Supplier,thailand,84
808,1512,grande-centre-point-hotel-ratchadamri,www.gother.com/th-th/hotels/thailand/bangkok/pathum-wan/grande-centre-point-ploenchit-bangkok,thailand/bangkok/pathum-wan/grande-centre-point-hotel-ratchadamri,Supplier,thailand,84
813,451790,bibury-resort,www.gother.com/th-th/hotels/thailand/ratchaburi/suan-phueng/bibury-resort,thailand/ratchaburi/suan-phueng/bibury-resort,Supplier,thailand,84
826,1484,avani-khon-kaen-hotel-convention-centre,www.gother.com/th-th/hotels/thailand/khon-kaen/muang-khon-kaen/avani-khon-kaen-hotel-convention-centre,thailand/khon-kaen/muang-khon-kaen/avani-khon-kaen-hotel-convention-centre,Supplier,thailand,84
838,769541,nadee-10-resort-hotel,www.gother.com/th-th/hotels/thailand/khon-kaen/muang-khon-kaen/nadee-10-resort-hotel,thailand/khon-kaen/muang-khon-kaen/nadee-10-resort-hotel,Supplier,thailand,84
867,188336,tk-palace-hotel-and-convention,www.gother.com/th-th/hotels/thailand/bangkok/lak-si/tk-palace-hotel-and-convention,thailand/bangkok/lak-si/tk-palace-hotel-and-convention,Supplier,thailand,84
1281,790695,quintessa-hotel-tokyo-ginza,www.gother.com/th-th/hotels/japan/tokyo/chuo/quintessa-hotel-tokyo-ginza,japan/tokyo/chuo/quintessa-hotel-tokyo-ginza,Supplier,japan,84
107,137017,Emporium-Suites-by-Chatrium,www.gother.com/th-th/hotels/thailand/bangkok/khlong-toei/emporium-suites-by-chatrium,thailand/bangkok/khlong-toei/emporium-suites-by-chatrium,DIRECT,thailand,83
229,484969,Penpark-Place,www.gother.com/th-th/hotels/thailand/bangkok/phra-nakhon/penpark-place,thailand/bangkok/phra-nakhon/penpark-place,DIRECT,thailand,83
814,769210,baansuan-resort,www.gother.com/th-th/hotels/thailand/surat-thani/don-sak/baansuan-resort,thailand/surat-thani/don-sak/baansuan-resort,Supplier,thailand,83
817,325062,vulcano-hotel-at-nimman,www.gother.com/th-th/hotels/thailand/chiang-mai/muang-chiang-mai/vulcano-hotel-at-nimman,thailand/chiang-mai/muang-chiang-mai/vulcano-hotel-at-nimman,Supplier,thailand,83
819,187991,grand-diamond-suites-hotel,www.gother.com/th-th/hotels/thailand/bangkok/pratunam/grand-diamond-suites-hotel,thailand/bangkok/ratchathewi/grand-diamond-suites-hotel,Supplier,thailand,83
828,637590,the-scenery-city-hotel,www.gother.com/th-th/hotels/thailand/chonburi/pattaya/the-scenery-city-hotel,thailand/chonburi/pattaya/the-scenery-city-hotel,Supplier,thailand,83
844,1263,banyan-tree-phuket,www.gother.com/th-th/hotels/thailand/phuket/thalang/banyan-tree-phuket,thailand/phuket/thalang/banyan-tree-phuket,Supplier,thailand,83
886,233653,pathumwan-princess-hotel,www.gother.com/th-th/hotels/thailand/bangkok/pathum-wan/pathumwan-princess-hotel,thailand/bangkok/pathum-wan/pathumwan-princess-hotel,Supplier,thailand,83
901,3875,the-royal-city-hotel,www.gother.com/th-th/hotels/thailand/bangkok/bang-phlat/the-royal-city-hotel,thailand/bangkok/bang-phlat/the-royal-city-hotel,Supplier,thailand,83
1276,6907,kansai-airport-washington-hotel,www.gother.com/th-th/hotels/japan/osaka/izumisano/kansai-airport-washington-hotel,japan/osaka/izumisano/kansai-airport-washington-hotel,Supplier,japan,83
1304,849376,here-tokyo-ueno,www.gother.com/th-th/hotels/japan/tokyo/taito/here-tokyo-ueno,japan/tokyo/taito/here-tokyo-ueno,Supplier,japan,83
1817,897064,jinglai-hotel-shanghai-bund-east-nanjing-road-pedestrian-street,www.gother.com/th-th/hotels/china/shanghai/huangpu/jinglai-hotel-shanghai-bund-east-nanjing-road-pedestrian-street,china/shanghai/huangpu/jinglai-hotel-shanghai-bund-east-nanjing-road-pedestrian-street,Supplier,china,83
30,233891,Home-Phutoey-River-Kwai,www.gother.com/th-th/hotels/thailand/kanchanaburi/sai-yok/home-phutoey-river-kwai,thailand/kanchanaburi/sai-yok/home-phutoey-river-kwai,DIRECT,thailand,82
840,844766,dusit-princess-phatthalung,www.gother.com/th-th/hotels/thailand/phatthalung/muang-phatthalung/dusit-princess-phatthalung,thailand/phatthalung/muang-phatthalung/dusit-princess-phatthalung,Supplier,thailand,82
852,844765,sripakpra-boutique-resort-phatthalung,www.gother.com/th-th/hotels/thailand/phatthalung/khuan-khanun/sripakpra-boutique-resort-phatthalung,thailand/phatthalung/khuan-khanun/sripakpra-boutique-resort-phatthalung,Supplier,thailand,82
895,847402,phumontra-resort-nakhon-nayok,www.gother.com/th-th/hotels/thailand/nakhon-nayok/muang-nakhon-nayok/phumontra-resort-nakhon-nayok,thailand/nakhon-nayok/muang-nakhon-nayok/phumontra-resort-nakhon-nayok,Supplier,thailand,82
1534,384,the-luxe-manor,www.gother.com/th-th/hotels/hong-kong/kowloon/tsim-sha-tsui/the-luxe-manor,hong-kong/kowloon/tsim-sha-tsui/the-luxe-manor,Supplier,hong-kong,82
110,715913,La-Vela-Khao-Lak,www.gother.com/th-th/hotels/thailand/phang-nga/khao-lak/la-vela-khao-lak,thailand/phang-nga/khao-lak/la-vela-khao-lak,DIRECT,thailand,81
390,3443,Patong-Resort-Hotel,www.gother.com/th-th/hotels/thailand/phuket/kathu/patong-resort-hotel,thailand/phuket/kathu/patong-resort-hotel,DIRECT,thailand,81
836,836228,siri-regent,www.gother.com/th-th/hotels/thailand/nakhon-phanom/muang-nakhon-phanom/siri-regent,thailand/nakhon-phanom/muang-nakhon-phanom/siri-regent,Supplier,thailand,81
854,771993,la-isla-pranburi-beach-resort,www.gother.com/th-th/hotels/thailand/prachuap-khiri-khan/sam-roi-yot/la-isla-pranburi-beach-resort,thailand/prachuap-khiri-khan/sam-roi-yot/la-isla-pranburi-beach-resort,Supplier,thailand,81
875,755096,brighton-grand-hotel-pattaya,www.gother.com/th-th/hotels/thailand/chonburi/pattaya/brighton-grand-hotel-pattaya,thailand/chonburi/pattaya/brighton-grand-hotel-pattaya,Supplier,thailand,81
990,324607,sala-ayutthaya,www.gother.com/th-th/hotels/thailand/ayutthaya/muang-ayutthaya/sala-ayutthaya,thailand/ayutthaya/muang-ayutthaya/sala-ayutthaya,Supplier,thailand,81
1151,3443,patong-resort-hotel,www.gother.com/th-th/hotels/thailand/phuket/kathu/patong-resort-hotel,thailand/phuket/kathu/patong-resort-hotel,Supplier,thailand,81
1279,86751,via-inn-shinjuku-jr-west-group,www.gother.com/th-th/hotels/japan/tokyo/shinjuku/via-inn-shinjuku-jr-west-group,japan/tokyo/shinjuku/via-inn-shinjuku-jr-west-group,Supplier,japan,81
1819,9153,the-westin-bund-center-shanghai,www.gother.com/th-th/hotels/china/shanghai/huangpu/the-westin-bund-center-shanghai,china/shanghai/huangpu/the-westin-bund-center-shanghai,Supplier,china,81
197,1030876,Payaa-Hotel,www.gother.com/th-th/hotels/thailand/chonburi/pattaya/payaa-hotel,thailand/chonburi/pattaya/payaa-hotel,DIRECT,thailand,80
236,933381,Dear-Sunday-Hometel-Bangkok,www.gother.com/th-th/hotels/thailand/bangkok/bang-rak/dear-sunday-hometel-bangkok,thailand/bangkok/bang-rak/dear-sunday-hometel-bangkok,DIRECT,thailand,80
824,1030876,payaa-hotel,www.gother.com/th-th/hotels/thailand/chonburi/pattaya/payaa-hotel,thailand/chonburi/pattaya/payaa-hotel,Supplier,thailand,80
829,451933,the-loft-seaside-sriracha-hotel,www.gother.com/th-th/hotels/thailand/chonburi/si-racha/the-loft-seaside-sriracha-hotel,thailand/chonburi/si-racha/the-loft-seaside-sriracha-hotel,Supplier,thailand,80
833,844436,chewa-khong-hotel-nakhon-phanom,www.gother.com/th-th/hotels/thailand/nakhon-phanom/muang-nakhon-phanom/chewa-khong-hotel-nakhon-phanom,thailand/nakhon-phanom/muang-nakhon-phanom/chewa-khong-hotel-nakhon-phanom,Supplier,thailand,80
839,12266,namaka-resort-kamala,www.gother.com/th-th/hotels/thailand/phuket/kamala-beach/namaka-resort-kamala,thailand/phuket/kamala-beach/namaka-resort-kamala,Supplier,thailand,80
866,836079,12-the-residence-hotel-apartment,www.gother.com/th-th/hotels/thailand/bangkok/don-muang/12-the-residence-hotel-apartment,thailand/bangkok/don-muang/12-the-residence-hotel-apartment,Supplier,thailand,80
955,772459,front-samet-beach-house-with-swimming-pool,www.gother.com/th-th/hotels/thailand/rayong/klaeng/front-samet-beach-house-with-swimming-pool,thailand/rayong/klaeng/front-samet-beach-house-with-swimming-pool,Supplier,thailand,80
1294,775983,hotel-comfact,www.gother.com/th-th/hotels/japan/tokyo/taito/hotel-comfact,japan/tokyo/taito/hotel-comfact,Supplier,japan,80
1528,834380,soravit-on-granville,www.gother.com/th-th/hotels/hong-kong/kowloon/tsim-sha-tsui/soravit-on-granville,hong-kong/kowloon/tsim-sha-tsui/soravit-on-granville,Supplier,hong-kong,80
1818,897160,country-inn-suites-by-radisson-shanghai-railway-station,www.gother.com/th-th/hotels/china/shanghai/jing-an-and-sha-railway-station/country-inn-suites-by-radisson-shanghai-railway-station,china/shanghai/jing-an-and-sha-railway-station/country-inn-suites-by-radisson-shanghai-railway-station,Supplier,china,80
131,326090,mida-grande-hotel-dhavaravati-nakhon-pathom,www.gother.com/th-th/hotels/thailand/nakhon-pathom/muang-nakhon-pathom/mida-grande-hotel-dhavaravati-nakhon-pathom,thailand/nakhon-pathom/muang-nakhon-pathom/mida-grande-hotel-dhavaravati-nakhon-pathom,DIRECT,thailand,79
424,234074,Way-Hotel-Pattaya,www.gother.com/th-th/hotels/thailand/chonburi/north-pattaya/way-hotel-pattaya,thailand/chonburi/north-pattaya/way-hotel-pattaya,DIRECT,thailand,79
426,971780,The-Regizt-Hotel-Pattaya,www.gother.com/th-th/hotels/thailand/chonburi/bang-lamung/the-regizt-hotel-pattaya,thailand/chonburi/bang-lamung/the-regizt-hotel-pattaya,DIRECT,thailand,79
835,971780,the-regizt-hotel-pattaya,www.gother.com/th-th/hotels/thailand/chonburi/bang-lamung/the-regizt-hotel-pattaya,thailand/chonburi/bang-lamung/the-regizt-hotel-pattaya,Supplier,thailand,79
850,234074,way-hotel-pattaya,www.gother.com/th-th/hotels/thailand/chonburi/north-pattaya/way-hotel-pattaya,thailand/chonburi/north-pattaya/way-hotel-pattaya,Supplier,thailand,79
856,222867,pullman-khon-kaen-raja-orchid-hotel,www.gother.com/th-th/hotels/thailand/khon-kaen/muang-khon-kaen/pullman-khon-kaen-raja-orchid-hotel,thailand/khon-kaen/muang-khon-kaen/pullman-khon-kaen-raja-orchid-hotel,Supplier,thailand,79
879,775116,bangkok-marriott-hotel-the-surawongse,www.gother.com/th-th/hotels/thailand/bangkok/bang-rak/bangkok-marriott-hotel-the-surawongse,thailand/bangkok/bang-rak/bangkok-marriott-hotel-the-surawongse,Supplier,thailand,79
1285,100294,hotel-livemax-higashi-ueno,www.gother.com/th-th/hotels/japan/tokyo/taito/hotel-livemax-higashi-ueno,japan/tokyo/taito/hotel-livemax-higashi-ueno,Supplier,japan,79
1289,781751,hotel-wing-international-select-ueno-okachimachi,www.gother.com/th-th/hotels/japan/tokyo/taito/hotel-wing-international-select-ueno-okachimachi,japan/tokyo/taito/hotel-wing-international-select-ueno-okachimachi,Supplier,japan,79
23,2158,hmong-hilltribe-lodge,www.gother.com/th-th/hotels/thailand/chiang-mai/mae-rim/hmong-hilltribe-lodge,thailand/chiang-mai/mae-rim/hmong-hilltribe-lodge,DIRECT,thailand,78
846,771167,ibis-styles-bangkok-ratchada,www.gother.com/th-th/hotels/thailand/bangkok/huai-khwang/ibis-styles-bangkok-ratchada,thailand/bangkok/huai-khwang/ibis-styles-bangkok-ratchada,Supplier,thailand,78
847,513916,the-rich-hotel,www.gother.com/th-th/hotels/thailand/nakhon-ratchasima/muang-nakhon-ratchasima/the-rich-hotel,thailand/nakhon-ratchasima/muang-nakhon-ratchasima/the-rich-hotel,Supplier,thailand,78
848,841324,holiday-inn-express-rayong,www.gother.com/th-th/hotels/thailand/rayong/muang-rayong/holiday-inn-express-rayong,thailand/rayong/muang-rayong/holiday-inn-express-rayong,Supplier,thailand,78
864,838469,mandarin-eastville-pattaya,www.gother.com/th-th/hotels/thailand/chonburi/bang-lamung/mandarin-eastville-pattaya,thailand/chonburi/bang-lamung/mandarin-eastville-pattaya,Supplier,thailand,78
870,325467,the-golden-wells-residence,www.gother.com/th-th/hotels/thailand/chiang-mai/muang-chiang-mai/the-golden-wells-residence,thailand/chiang-mai/muang-chiang-mai/the-golden-wells-residence,Supplier,thailand,78
921,838636,the-quarter-chaophraya-by-uhg,www.gother.com/th-th/hotels/thailand/bangkok/khlong-san/the-quarter-chaophraya-by-uhg,thailand/bangkok/khlong-san/the-quarter-chaophraya-by-uhg,Supplier,thailand,78
957,4854,vic3-bangkok,www.gother.com/th-th/hotels/thailand/bangkok/phaya-thai/vic3-bangkok,thailand/bangkok/phaya-thai/vic3-bangkok,Supplier,thailand,78
968,2155,hintok-river-camp-hell-fire-pass-hotel,www.gother.com/th-th/hotels/thailand/kanchanaburi/sai-yok/hintok-river-camp-hell-fire-pass-hotel,thailand/kanchanaburi/sai-yok/hintok-river-camp-hell-fire-pass-hotel,Supplier,thailand,78
1280,132372,rihga-royal-hotel-kyoto,www.gother.com/th-th/hotels/japan/kyoto/kyoto/rihga-royal-hotel-kyoto,japan/kyoto/kyoto/rihga-royal-hotel-kyoto,Supplier,japan,78
1282,777384,apa-hotel-namba-minami-daikokucho-ekimae,www.gother.com/th-th/hotels/japan/osaka/osaka/apa-hotel-namba-minami-daikokucho-ekimae,japan/osaka/osaka/apa-hotel-namba-minami-daikokucho-ekimae,Supplier,japan,78
1284,372108,jr-east-hotel-mets-mejiro,www.gother.com/th-th/hotels/japan/tokyo/toshima/jr-east-hotel-mets-mejiro,japan/tokyo/toshima/jr-east-hotel-mets-mejiro,Supplier,japan,78
1822,62689,hotel-indigo-shanghai-on-the-bund,www.gother.com/th-th/hotels/china/shanghai/huangpu/hotel-indigo-shanghai-on-the-bund,china/shanghai/hongkou/hotel-indigo-shanghai-on-the-bund,Supplier,china,78
2102,1038633,l7-hongdae,www.gother.com/th-th/hotels/south-korea/seoul/hongdae/l7-hongdae,south-korea/seoul/mapo-gu/l7-hongdae,Supplier,south-korea,78
18,212560,le-vimarn-cottages-spa,www.gother.com/th-th/hotels/thailand/rayong/koh-samet/le-vimarn-cottages-spa,thailand/rayong/koh-samet/le-vimarn-cottages-spa,DIRECT,thailand,77
34,2685,Lampang-River-Lodge,www.gother.com/th-th/hotels/thailand/lampang/muang-lampang/lampang-river-lodge,thailand/lampang/muang-lampang/lampang-river-lodge,DIRECT,thailand,77
446,844357,s-sriracha-hotel-residence,www.gother.com/th-th/hotels/thailand/chonburi/si-racha/s-sriracha-hotel-residence,thailand/chonburi/si-racha/s-sriracha-hotel-residence,DIRECT,thailand,77
845,765611,ban-rim-lay-bangsaen,www.gother.com/th-th/hotels/thailand/chonburi/bang-saen/ban-rim-lay-bangsaen,thailand/chonburi/bang-saen/ban-rim-lay-bangsaen,Supplier,thailand,77
859,842212,the-white-hotel-by-charoensri,www.gother.com/th-th/hotels/thailand/udon-thani/muang-udon-thani/the-white-hotel-by-charoensri,thailand/udon-thani/muang-udon-thani/the-white-hotel-by-charoensri,Supplier,thailand,77
865,744348,grand-palazzo-hotel-pattaya,www.gother.com/th-th/hotels/thailand/chonburi/pattaya/grand-palazzo-hotel-pattaya,thailand/chonburi/pattaya/grand-palazzo-hotel-pattaya,Supplier,thailand,77
873,842730,glow-pattaya,www.gother.com/th-th/hotels/thailand/chonburi/south-pattaya/glow-pattaya,thailand/chonburi/south-pattaya/glow-pattaya,Supplier,thailand,77
882,212560,le-vimarn-cottages-spa,www.gother.com/th-th/hotels/thailand/rayong/koh-samet/le-vimarn-cottages-spa,thailand/rayong/koh-samet/le-vimarn-cottages-spa,Supplier,thailand,77
893,771050,villa-pason,www.gother.com/th-th/hotels/thailand/phetchabun/khao-kho/villa-pason,thailand/phetchabun/khao-kho/villa-pason,Supplier,thailand,77
923,451875,splendid-hotel-khaoyai,www.gother.com/th-th/hotels/thailand/nakhon-ratchasima/khao-yai/splendid-hotel-khaoyai,thailand/nakhon-ratchasima/khao-yai/splendid-hotel-khaoyai,Supplier,thailand,77
1138,756938,kalima-resort-and-villas-khao-lak,www.gother.com/th-th/hotels/thailand/phang-nga/khao-lak/kalima-resort-and-villas-khao-lak,thailand/phang-nga/khao-lak/kalima-resort-and-villas-khao-lak,Supplier,thailand,77
1287,67365,vessel-inn-asakusa-tsukuba-express,www.gother.com/th-th/hotels/japan/tokyo/taito/vessel-inn-asakusa-tsukuba-express,japan/tokyo/taito/vessel-inn-asakusa-tsukuba-express,Supplier,japan,77
1609,709127,hotel-papa-whale,www.gother.com/th-th/hotels/taiwan/taipei/wanhua-district/hotel-papa-whale,taiwan/taipei/wanhua/hotel-papa-whale,Supplier,taiwan,77
1838,897514,intercontinental-shanghai-wonderland,www.gother.com/th-th/hotels/china/shanghai/songjiang/intercontinental-shanghai-wonderland,china/shanghai/SongJiang-and-University-Town/intercontinental-shanghai-wonderland,Supplier,china,77
239,709957,The-Corner-Lodge,www.gother.com/th-th/hotels/thailand/chonburi/pattaya/the-corner-lodge,thailand/chonburi/pattaya/the-corner-lodge,DIRECT,thailand,76
311,847976,Sanctuary-Kanchanaburi,www.gother.com/th-th/hotels/thailand/kanchanaburi/sai-yok/sanctuary-kanchanaburi,thailand/kanchanaburi/sai-yok/sanctuary-kanchanaburi,DIRECT,thailand,76
444,2352,Jasmine-Resort-Hotel-Bangkok,www.gother.com/th-th/hotels/thailand/bangkok/watthana/jasmine-resort-hotel-bangkok,thailand/bangkok/watthana/jasmine-resort-hotel-bangkok,DIRECT,thailand,76
841,228604,santhiya-koh-yao-yai-resort-spa-compulsory-join-santhiya-speedboat-from-to-ao-po-grand-marina,www.gother.com/th-th/hotels/thailand/phang-nga/koh-yao/santhiya-koh-yao-yai-resort-spa,thailand/phuket/koh-yao/santhiya-koh-yao-yai-resort-spa-compulsory-join-santhiya-speedboat-from-to-ao-po-grand-marina,Supplier,thailand,76
842,2352,jasmine-resort-hotel-bangkok,www.gother.com/th-th/hotels/thailand/bangkok/watthana/jasmine-resort-hotel-bangkok,thailand/bangkok/watthana/jasmine-resort-hotel-bangkok,Supplier,thailand,76
861,325320,samed-grandview-resort,www.gother.com/th-th/hotels/thailand/rayong/koh-samet/samed-grandview-resort,thailand/rayong/koh-samet/samed-grandview-resort,Supplier,thailand,76
862,847976,sanctuary-kanchanaburi,www.gother.com/th-th/hotels/thailand/kanchanaburi/sai-yok/sanctuary-kanchanaburi,thailand/kanchanaburi/sai-yok/sanctuary-kanchanaburi,Supplier,thailand,76
876,848002,capital-o-75451-podstel-hostel-bangkok,www.gother.com/th-th/hotels/thailand/bangkok/chatuchak/capital-o-75451-podstel-hostel-bangkok,thailand/bangkok/chatuchak/capital-o-75451-podstel-hostel-bangkok,Supplier,thailand,76
904,759136,chantra-khiri-chalet-chiang-mai,www.gother.com/th-th/hotels/thailand/chiang-mai/hang-dong/chantra-khiri-chalet-chiang-mai,thailand/chiang-mai/hang-dong/chantra-khiri-chalet-chiang-mai,Supplier,thailand,76
911,646725,vx-the-fifty-hostel,www.gother.com/th-th/hotels/thailand/bangkok/khlong-toei/vx-the-fifty-hostel,thailand/bangkok/khlong-toei/vx-the-fifty-hostel,Supplier,thailand,76
1052,1342,bhukitta-boutique-hotel,www.gother.com/th-th/hotels/thailand/phuket/muang-phuket/bhukitta-boutique-hotel,thailand/phuket/muang-phuket/bhukitta-boutique-hotel,Supplier,thailand,76
1082,3757,rati-lanna-riverside-spa-resort,www.gother.com/th-th/hotels/thailand/chiang-mai/muang-chiang-mai/rati-lanna-riverside-spa-resort,thailand/chiang-mai/muang-chiang-mai/rati-lanna-riverside-spa-resort,Supplier,thailand,76
1291,671787,apa-hotel-tkp-nippori-ekimae,www.gother.com/th-th/hotels/japan/tokyo/kita/apa-hotel-tkp-nippori-ekimae,japan/tokyo/arakawa/apa-hotel-tkp-nippori-ekimae,Supplier,japan,76
1293,849249,hotel-livemax-tokyo-shiomi-ekimae,www.gother.com/th-th/hotels/japan/tokyo/koto/hotel-livemax-tokyo-shiomi-ekimae,japan/tokyo/koto/hotel-livemax-tokyo-shiomi-ekimae,Supplier,japan,76
1303,679516,hotel-imalle-haneda,www.gother.com/th-th/hotels/japan/tokyo/taito/hotel-imalle-haneda,japan/tokyo/taito/hotel-imalle-haneda,Supplier,japan,76
413,233829,Hotel-M-Chiangmai,www.gother.com/th-th/hotels/thailand/chiang-mai/muang-chiang-mai/hotel-m-chiangmai,thailand/chiang-mai/muang-chiang-mai/hotel-m-chiangmai,DIRECT,thailand,75
888,841678,bedgasm-hotel-x-cafe-nimman,www.gother.com/th-th/hotels/thailand/chiang-mai/nimmanhemin/bedgasm-hotel-x-cafe-nimman,thailand/chiang-mai/muang-chiang-mai/bedgasm-hotel-x-cafe-nimman,Supplier,thailand,75
913,843494,sea-sand-sun-hua-hin-by-jc-kevin-hotel-resort,www.gother.com/th-th/hotels/thailand/phetchaburi/cha-am/sea-sand-sun-hua-hin-by-jc-kevin-hotel-resort,thailand/phetchaburi/cha-am/sea-sand-sun-hua-hin-by-jc-kevin-hotel-resort,Supplier,thailand,75
958,535468,hallo-villa-khanom,www.gother.com/th-th/hotels/thailand/nakhon-si-thammarat/khanom/hallo-villa-khanom,thailand/nakhon-si-thammarat/khanom/hallo-villa-khanom,Supplier,thailand,75
1001,846463,aunchaleena-grand-hotel,www.gother.com/th-th/hotels/thailand/bangkok/wang-thonglang/aunchaleena-grand-hotel,thailand/bangkok/wang-thonglang/aunchaleena-grand-hotel,Supplier,thailand,75
1045,841340,chatnipa-beach-resort-by-morseng,www.gother.com/th-th/hotels/thailand/rayong/muang-rayong/chatnipa-beach-resort-by-morseng,thailand/rayong/muang-rayong/chatnipa-beach-resort-by-morseng,Supplier,thailand,75
1288,6920,hotel-relief-namba-daikokucho,www.gother.com/th-th/hotels/japan/osaka/namba/hotel-relief-namba-daikokucho,japan/osaka/namba/hotel-relief-namba-daikokucho,Supplier,japan,75
1290,850642,hotel-keihan-namba-grande,www.gother.com/th-th/hotels/japan/osaka/namba/hotel-keihan-namba-grande,japan/osaka/namba/hotel-keihan-namba-grande,Supplier,japan,75
1292,849187,apa-hotel-akabane-iwabuchi-ekimae,www.gother.com/th-th/hotels/japan/tokyo/kita/apa-hotel-akabane-iwabuchi-ekimae,japan/tokyo/kita/apa-hotel-akabane-iwabuchi-ekimae,Supplier,japan,75
1299,83737,hotel-keihan-kyobashi-grande,www.gother.com/th-th/hotels/japan/osaka/osaka/hotel-keihan-kyobashi-grande,japan/osaka/osaka/hotel-keihan-kyobashi-grande,Supplier,japan,75
1827,184563,holiday-inn-shanghai-nanjing-road,www.gother.com/th-th/hotels/china/shanghai/huangpu/holiday-inn-shanghai-nanjing-road,china/shanghai/huangpu/holiday-inn-shanghai-nanjing-road,Supplier,china,75
222,2543,Khum-Phucome-Hotel,www.gother.com/th-th/hotels/thailand/chiang-mai/muang-chiang-mai/khum-phucome-hotel,thailand/chiang-mai/muang-chiang-mai/khum-phucome-hotel,DIRECT,thailand,74
223,898078,The-Orange-Grand-Resort,www.gother.com/th-th/hotels/thailand/ubon-ratchathani/det-udom/the-orange-grand-resort,thailand/ubon-ratchathani/det-udom/the-orange-grand-resort,DIRECT,thailand,74
316,962440,WABI-SABI-Onsen-Villa-Hua-Hin,www.gother.com/th-th/hotels/thailand/prachuap-khiri-khan/hua-hin/wabi-sabi-onsen-villa-hua-hin,thailand/prachuap-khiri-khan/hua-hin/wabi-sabi-onsen-villa-hua-hin,DIRECT,thailand,74
367,762878,Ozone-Hotel-Khao-Yai,www.gother.com/th-th/hotels/thailand/nakhon-ratchasima/khao-yai/ozone-hotel-khao-yai,thailand/nakhon-ratchasima/khao-yai/ozone-hotel-khao-yai,DIRECT,thailand,74
855,843362,town-square-suite-by-toscana-valley,www.gother.com/th-th/hotels/thailand/nakhon-ratchasima/khao-yai/town-square-suite-by-toscana-valley,thailand/nakhon-ratchasima/khao-yai/town-square-suite-by-toscana-valley,Supplier,thailand,74
858,325443,crystal-suites-suvarnabhumi-airport,www.gother.com/th-th/hotels/thailand/bangkok/lat-krabang/crystal-suites-suvarnabhumi-airport,thailand/bangkok/lat-krabang/crystal-suites-suvarnabhumi-airport,Supplier,thailand,74
863,842147,narra-hotel,www.gother.com/th-th/hotels/thailand/bangkok/lak-si/narra-hotel,thailand/bangkok/lak-si/narra-hotel,Supplier,thailand,74
912,962440,wabi-sabi-onsen-villa-hua-hin,www.gother.com/th-th/hotels/thailand/prachuap-khiri-khan/hua-hin/wabi-sabi-onsen-villa-hua-hin,thailand/prachuap-khiri-khan/hua-hin/wabi-sabi-onsen-villa-hua-hin,Supplier,thailand,74
928,762878,ozone-hotel-khao-yai,www.gother.com/th-th/hotels/thailand/nakhon-ratchasima/khao-yai/ozone-hotel-khao-yai,thailand/nakhon-ratchasima/khao-yai/ozone-hotel-khao-yai,Supplier,thailand,74
967,847348,halff-hotel,www.gother.com/th-th/hotels/thailand/chanthaburi/muang-chanthaburi/halff-hotel,thailand/chanthaburi/muang-chanthaburi/halff-hotel,Supplier,thailand,74
1296,782021,prime-stage-otsuka-ikebukuro-p204,www.gother.com/th-th/hotels/japan/tokyo/toshima/prime-stage-otsuka-ikebukuro-p204,japan/tokyo/toshima/prime-stage-otsuka-ikebukuro-p204,Supplier,japan,74
1305,6900,hotel-nikko-osaka,www.gother.com/th-th/hotels/japan/osaka/osaka/hotel-nikko-osaka,japan/osaka/osaka/hotel-nikko-osaka,Supplier,japan,74
1519,253,jw-marriott-hotel-hong-kong,www.gother.com/th-th/hotels/hong-kong/hong-kong/admiralty/jw-marriott-hotel-hong-kong,hong-kong/hong-kong/central-district/jw-marriott-hotel-hong-kong,Supplier,hong-kong,74
1520,293,mini-hotel-causeway-bay,www.gother.com/th-th/hotels/hong-kong/hong-kong/causeway-bay/mini-hotel-causeway-bay,hong-kong/hong-kong/causeway-bay/mini-hotel-causeway-bay,Supplier,hong-kong,74
167,772702,The-Ryad-Rayong,www.gother.com/th-th/hotels/thailand/rayong/klaeng/the-ryad-rayong,thailand/rayong/klaeng/the-ryad-rayong,DIRECT,thailand,73
243,764523,One-Patio-Hotel-Pattaya,www.gother.com/th-th/hotels/thailand/chonburi/bang-lamung/one-patio-hotel-pattaya,thailand/chonburi/bang-lamung/one-patio-hotel-pattaya,DIRECT,thailand,73
408,754085,Check-in-Resort-Koh-Larn,www.gother.com/th-th/hotels/thailand/chonburi/koh-larn/check-in-resort-koh-larn,thailand/chonburi/koh-larn/check-in-resort-koh-larn,DIRECT,thailand,73
878,847980,515-victory-hotel,www.gother.com/th-th/hotels/thailand/bangkok/ratchathewi/515-victory-hotel,thailand/bangkok/ratchathewi/515-victory-hotel,Supplier,thailand,73
881,3153,navalai-river-resort,www.gother.com/th-th/hotels/thailand/bangkok/phra-nakhon/navalai-river-resort,thailand/bangkok/phra-nakhon/navalai-river-resort,Supplier,thailand,73
883,3947,empress-pattaya-hotel,www.gother.com/th-th/hotels/thailand/chonburi/pattaya/empress-pattaya-hotel,thailand/chonburi/pattaya/empress-pattaya-hotel,Supplier,thailand,73
900,769069,blu-monkey-hub-and-hotel-suratthani,www.gother.com/th-th/hotels/thailand/surat-thani/muang-surat-thani/blu-monkey-hub-and-hotel-suratthani,thailand/surat-thani/muang-surat-thani/blu-monkey-hub-and-hotel-suratthani,Supplier,thailand,73
902,848499,station-phu-thap-buek-resort,www.gother.com/th-th/hotels/thailand/phetchabun/lom-kao/station-phu-thap-buek-resort,thailand/phetchabun/lom-kao/station-phu-thap-buek-resort,Supplier,thailand,73
909,843311,the-campster-kanchanaburi,www.gother.com/th-th/hotels/thailand/kanchanaburi/muang-kanchanaburi/the-campster-kanchanaburi,thailand/kanchanaburi/muang-kanchanaburi/the-campster-kanchanaburi,Supplier,thailand,73
916,838594,journeyhub-pattaya-central,www.gother.com/th-th/hotels/thailand/chonburi/pattaya/journeyhub-pattaya-central,thailand/chonburi/pattaya/journeyhub-pattaya-central,Supplier,thailand,73
919,901,anantara-vacation-club-mai-khao-phuket,www.gother.com/th-th/hotels/thailand/phuket/thalang/anantara-vacation-club-mai-khao-phuket,thailand/phuket/mai-khao-beach/anantara-vacation-club-mai-khao-phuket,Supplier,thailand,73
939,841669,arbor-s-house,www.gother.com/th-th/hotels/thailand/chiang-mai/nimmanhemin/arbor-s-house,thailand/chiang-mai/nimmanhemin/arbor-s-house,Supplier,thailand,73
944,727394,hatyai-signature-hotel,www.gother.com/th-th/hotels/thailand/songkhla/hat-yai/hatyai-signature-hotel,thailand/songkhla/hat-yai/hatyai-signature-hotel,Supplier,thailand,73
1057,754085,check-in-resort-koh-larn,www.gother.com/th-th/hotels/thailand/chonburi/koh-larn/check-in-resort-koh-larn,thailand/chonburi/koh-larn/check-in-resort-koh-larn,Supplier,thailand,73
1297,6914,hotel-monterey-la-soeur-osaka,www.gother.com/th-th/hotels/japan/osaka/osaka/hotel-monterey-la-soeur-osaka,japan/osaka/osaka/hotel-monterey-la-soeur-osaka,Supplier,japan,73
1298,7374,hotel-gajoen-tokyo,www.gother.com/th-th/hotels/japan/tokyo/meguro/hotel-gajoen-tokyo,japan/tokyo/meguro/hotel-gajoen-tokyo,Supplier,japan,73
1314,6936,holiday-inn-osaka-namba,www.gother.com/th-th/hotels/japan/osaka/osaka/holiday-inn-osaka-namba,japan/osaka/osaka/holiday-inn-osaka-namba,Supplier,japan,73
81,2378,jomtien-palm-beach-hotel-and-resort,www.gother.com/th-th/hotels/thailand/chonburi/pattaya/jomtien-palm-beach-hotel-and-resort,thailand/chonburi/pattaya/jomtien-palm-beach-hotel-and-resort,DIRECT,thailand,72
89,451829,classic-kameo-hotel-services-apartment,www.gother.com/th-th/hotels/thailand/rayong/muang-rayong/classic-kameo-hotel-rayong,thailand/ayutthaya/muang-ayutthaya/classic-kameo-hotel-services-apartment,DIRECT,thailand,72
246,848021,R2-Bed-and-Pool,www.gother.com/th-th/hotels/thailand/kanchanaburi/muang-kanchanaburi/r2-bed-and-pool,thailand/kanchanaburi/muang-kanchanaburi/r2-bed-and-pool,DIRECT,thailand,72
272,452494,Chatrium-Golf-Resort-Soi-Dao-Chanthaburi,www.gother.com/th-th/hotels/thailand/chanthaburi/pong-nam-ron/chatrium-golf-resort-soi-dao-chanthaburi,thailand/chanthaburi/pong-nam-ron/chatrium-golf-resort-soi-dao-chanthaburi,DIRECT,thailand,72
869,772416,somerset-harbourview-sri-racha,www.gother.com/th-th/hotels/thailand/chonburi/si-racha/somerset-harbourview-sri-racha,thailand/chonburi/si-racha/somerset-harbourview-sri-racha,Supplier,thailand,72
872,325478,quip-bed-breakfast-phuket-hotel,www.gother.com/th-th/hotels/thailand/phuket/muang-phuket/quip-bed-breakfast-phuket-hotel,thailand/phuket/muang-phuket/quip-bed-breakfast-phuket-hotel,Supplier,thailand,72
874,451829,classic-kameo-hotel-services-apartment,www.gother.com/th-th/hotels/thailand/rayong/muang-rayong/classic-kameo-hotel-rayong,thailand/ayutthaya/muang-ayutthaya/classic-kameo-hotel-services-apartment,Supplier,thailand,72
885,842953,somerset-sukhumvit-71-bangkok,www.gother.com/th-th/hotels/thailand/bangkok/watthana/somerset-sukhumvit-71-bangkok,thailand/bangkok/watthana/somerset-sukhumvit-71-bangkok,Supplier,thailand,72
891,842143,check-in-hostel-donmuang-airport,www.gother.com/th-th/hotels/thailand/bangkok/don-muang/check-in-hostel-donmuang-airport,thailand/bangkok/don-muang/check-in-hostel-donmuang-airport,Supplier,thailand,72
898,452407,my-vimarn-hua-hin,www.gother.com/th-th/hotels/thailand/prachuap-khiri-khan/hua-hin/my-vimarn-hua-hin,thailand/prachuap-khiri-khan/hua-hin/my-vimarn-hua-hin,Supplier,thailand,72
906,1791,dheva-mantra-resort,www.gother.com/th-th/hotels/thailand/kanchanaburi/muang-kanchanaburi/dheva-mantra-resort,thailand/kanchanaburi/muang-kanchanaburi/dheva-mantra-resort,Supplier,thailand,72
907,650706,baan-i-taley-on-sea,www.gother.com/th-th/hotels/thailand/chonburi/koh-larn/baan-i-taley-on-sea,thailand/chonburi/koh-larn/baan-i-taley-on-sea,Supplier,thailand,72
934,759045,hotel-gahn-khao-lak,www.gother.com/th-th/hotels/thailand/phang-nga/khao-lak/hotel-gahn-khao-lak,thailand/phang-nga/khao-lak/hotel-gahn-khao-lak,Supplier,thailand,72
938,771202,blu395,www.gother.com/th-th/hotels/thailand/bangkok/phaya-thai/blu395,thailand/bangkok/phaya-thai/blu395,Supplier,thailand,72
954,765625,grand-fortune-hotel-nakhon-si-thammarat,www.gother.com/th-th/hotels/thailand/nakhon-si-thammarat/muang-nakhon-si-thammarat/grand-fortune-hotel-nakhon-si-thammarat,thailand/nakhon-si-thammarat/muang-nakhon-si-thammarat/grand-fortune-hotel-nakhon-si-thammarat,Supplier,thailand,72
1300,829843,sotetsu-grand-fresa-takadanobaba,www.gother.com/th-th/hotels/japan/tokyo/shinjuku/sotetsu-grand-fresa-takadanobaba,japan/tokyo/shinjuku/sotetsu-grand-fresa-takadanobaba,Supplier,japan,72
1307,186038,hyatt-regency-tokyo,www.gother.com/th-th/hotels/japan/tokyo/shinjuku/hyatt-regency-tokyo,japan/tokyo/shinjuku/hyatt-regency-tokyo,Supplier,japan,72
1326,793110,hotel-co-sagami,www.gother.com/th-th/hotels/japan/tokyo/shinjuku/hotel-co-sagami,japan/tokyo/shinjuku/hotel-co-sagami,Supplier,japan,72
1334,7457,shinagawa-tobu-hotel,www.gother.com/th-th/hotels/japan/tokyo/minato/shinagawa-tobu-hotel,japan/tokyo/minato/shinagawa-tobu-hotel,Supplier,japan,72
1522,194358,ramada-hong-kong-grand-view,www.gother.com/th-th/hotels/hong-kong/hong-kong/north-point/ramada-hong-kong-grand-view,hong-kong/hong-kong/north-point/ramada-hong-kong-grand-view,Supplier,hong-kong,72
25,138213,legendha-sukhothai,www.gother.com/th-th/hotels/thailand/sukhothai/muang-sukhothai/legendha-sukhothai,thailand/sukhothai/muang-sukhothai/legendha-sukhothai,DIRECT,thailand,71
99,4723,thumrin-thana-hotel,www.gother.com/th-th/hotels/thailand/trang/muang-trang/thumrin-thana-hotel,thailand/trang/muang-trang/thumrin-thana-hotel,DIRECT,thailand,71
245,844186,White-Whale-Beachfront-Pool-Villa,www.gother.com/th-th/hotels/thailand/surat-thani/koh-samui/white-whale-beachfront-pool-villa,thailand/surat-thani/koh-samui/white-whale-beachfront-pool-villa,DIRECT,thailand,71
407,763357,Canalis-Suvarnabhumi-Airport-Hotel,www.gother.com/th-th/hotels/thailand/bangkok/lat-krabang/canalis-suvarnabhumi-airport-hotel,thailand/bangkok/lat-krabang/canalis-suvarnabhumi-airport-hotel,DIRECT,thailand,71
884,844220,the-nest-private-beach-resort,www.gother.com/th-th/hotels/thailand/chumphon/muang-chumphon/the-nest-private-beach-resort,thailand/chumphon/muang-chumphon/the-nest-private-beach-resort,Supplier,thailand,71
899,137469,doi-tung-lodge,www.gother.com/th-th/hotels/thailand/chiang-rai/mae-fa-luang/doi-tung-lodge,thailand/chiang-rai/mae-fa-luang/doi-tung-lodge,Supplier,thailand,71
940,838398,centra-by-centara-cha-am-beach-resort-hua-hin,www.gother.com/th-th/hotels/thailand/phetchaburi/cha-am/centra-by-centara-cha-am-beach-resort-hua-hin,thailand/phetchaburi/cha-am/centra-by-centara-cha-am-beach-resort-hua-hin,Supplier,thailand,71
975,763357,canalis-suvarnabhumi-airport-hotel,www.gother.com/th-th/hotels/thailand/bangkok/lat-krabang/canalis-suvarnabhumi-airport-hotel,thailand/bangkok/lat-krabang/canalis-suvarnabhumi-airport-hotel,Supplier,thailand,71
1039,4124,sylvan-koh-chang,www.gother.com/th-th/hotels/thailand/trat/koh-chang/sylvan-koh-chang,thailand/trat/koh-chang/sylvan-koh-chang,Supplier,thailand,71
1301,849566,vessel-inn-takadanobaba-ekimae,www.gother.com/th-th/hotels/japan/tokyo/shinjuku/vessel-inn-takadanobaba-ekimae,japan/tokyo/shinjuku/vessel-inn-takadanobaba-ekimae,Supplier,japan,71
1313,368307,nishitetsu-inn-nihonbashi,www.gother.com/th-th/hotels/japan/tokyo/chuo/nishitetsu-inn-nihonbashi,japan/tokyo/chuo/nishitetsu-inn-nihonbashi,Supplier,japan,71
1315,6904,grand-prince-hotel-osaka-bay,www.gother.com/th-th/hotels/japan/osaka/osaka/grand-prince-hotel-osaka-bay,japan/osaka/osaka/grand-prince-hotel-osaka-bay,Supplier,japan,71
1319,791113,apa-hotel-asakusa-ekimae,www.gother.com/th-th/hotels/japan/tokyo/taito/apa-hotel-asakusa-ekimae,japan/tokyo/taito/apa-hotel-asakusa-ekimae,Supplier,japan,71
1325,786363,hotel-livemax-budget-tokyo-hamura-ekimae,www.gother.com/th-th/hotels/japan/tokyo/hamura/hotel-livemax-budget-tokyo-hamura-ekimae,japan/tokyo/hamura/hotel-livemax-budget-tokyo-hamura-ekimae,Supplier,japan,71
1606,885776,check-inn-taipei-main-station,www.gother.com/th-th/hotels/taiwan/taipei/taipei-main-station/check-inn-taipei-main-station,taiwan/taipei/taipei-main-station/check-inn-taipei-main-station,Supplier,taiwan,71
2104,757240,l7-hongdae-by-lotte,www.gother.com/th-th/hotels/south-korea/seoul/mapo-gu/l7-hongdae-by-lotte-hotels,south-korea/seoul/mapo-gu/l7-hongdae-by-lotte,Supplier,south-korea,71
235,767572,Siam-Plug-In-Hostel,www.gother.com/th-th/hotels/thailand/bangkok/khlong-san/siam-plug-in-hostel,thailand/bangkok/khlong-san/siam-plug-in-hostel,DIRECT,thailand,70
908,847,amanta-hotel-residence-ratchada,www.gother.com/th-th/hotels/thailand/bangkok/din-daeng/amanta-hotel-residence-ratchada,thailand/bangkok/din-daeng/amanta-hotel-residence-ratchada,Supplier,thailand,70
930,637141,lala-mukha-tented-resort-khao-yai,www.gother.com/th-th/hotels/thailand/nakhon-ratchasima/pak-chong/lala-mukha-tented-resort-khao-yai,thailand/nakhon-ratchasima/pak-chong/lala-mukha-tented-resort-khao-yai,Supplier,thailand,70
943,2247,ibis-bangkok-sathorn,www.gother.com/th-th/hotels/thailand/bangkok/sathon/ibis-bangkok-sathorn,thailand/bangkok/sathon/ibis-bangkok-sathorn,Supplier,thailand,70
948,843548,the-splash-koh-chang,www.gother.com/th-th/hotels/thailand/trat/koh-chang/the-splash-koh-chang,thailand/trat/koh-chang/the-splash-koh-chang,Supplier,thailand,70
951,841811,novotel-bangkok-future-park-rangsit,www.gother.com/th-th/hotels/thailand/pathum-thani/thanyaburi/novotel-bangkok-future-park-rangsit,thailand/pathum-thani/thanyaburi/novotel-bangkok-future-park-rangsit,Supplier,thailand,70
1112,137963,pinnacle-grand-jomtien-resort-and-beach-club,www.gother.com/th-th/hotels/thailand/chonburi/sattahip/pinnacle-grand-jomtien-resort-and-beach-club,thailand/chonburi/sattahip/pinnacle-grand-jomtien-resort-and-beach-club,Supplier,thailand,70
1308,6529,nishitetsu-grand-hotel,www.gother.com/th-th/hotels/japan/fukuoka/fukuoka/nishitetsu-grand-hotel,japan/fukuoka/fukuoka/nishitetsu-grand-hotel,Supplier,japan,70
1317,849474,hotel-plus-hostel-tokyo-asakusa-1,www.gother.com/th-th/hotels/japan/tokyo/taito/hotel-plus-hostel-tokyo-asakusa-1,japan/tokyo/taito/hotel-plus-hostel-tokyo-asakusa-1,Supplier,japan,70
1321,778018,sophiearth-apartment,www.gother.com/th-th/hotels/japan/tokyo/taito/sophiearth-apartment,japan/tokyo/shinjuku/sophiearth-apartment,Supplier,japan,70
1607,222185,moshamanla-hotel-ximen-branch,www.gother.com/th-th/hotels/taiwan/taipei/ximending/moshamanla-hotel-ximen-branch,taiwan/taipei/wanhua/moshamanla-hotel-ximen-branch,Supplier,taiwan,70
1820,54037,intercontinental-shanghai-jingan,www.gother.com/th-th/hotels/china/shanghai/jing-an/intercontinental-shanghai-jingan,china/shanghai/jing-an/intercontinental-shanghai-jingan,Supplier,china,70
1821,117276,conrad-shanghai,www.gother.com/th-th/hotels/china/shanghai/huangpu/conrad-shanghai,china/shanghai/hongkou/conrad-shanghai,Supplier,china,70
237,846469,Siam-Twin-Charoenkrung,www.gother.com/th-th/hotels/thailand/bangkok/bang-kho-laem/siam-twin-charoenkrung,thailand/bangkok/bang-kho-laem/siam-twin-charoenkrung,DIRECT,thailand,69
896,845700,la-maison-blanche,www.gother.com/th-th/hotels/thailand/chiang-rai/muang-chiang-rai/la-maison-blanche,thailand/chiang-rai/muang-chiang-rai/la-maison-blanche,Supplier,thailand,69
897,325873,kallapangha-resort,www.gother.com/th-th/hotels/thailand/surat-thani/koh-tao/kallapangha-resort,thailand/prachuap-khiri-khan/muang-prachuap-khiri-khan/kallapangha-resort,Supplier,thailand,69
915,4517,novotel-phuket-city-phokeethra,www.gother.com/th-th/hotels/thailand/phuket/muang-phuket/novotel-phuket-city-phokeethra,thailand/phuket/muang-phuket/novotel-phuket-city-phokeethra,Supplier,thailand,69
926,765087,the-peem-hotel,www.gother.com/th-th/hotels/thailand/nakhon-nayok/muang-nakhon-nayok/the-peem-hotel,thailand/nakhon-nayok/muang-nakhon-nayok/the-peem-hotel,Supplier,thailand,69
965,325009,siamdasada-khaoyai,www.gother.com/th-th/hotels/thailand/prachinburi/muang-prachinburi/siamdasada-khaoyai,thailand/prachinburi/muang-prachinburi/siamdasada-khaoyai,Supplier,thailand,69
973,224887,amari-vogue-krabi,www.gother.com/th-th/hotels/thailand/krabi/tub-kaek-beach/amari-vogue-krabi,thailand/krabi/tub-kaek-beach/amari-vogue-krabi,Supplier,thailand,69
1012,760712,swiss-valley-hip-resort-ratchaburi,www.gother.com/th-th/hotels/thailand/ratchaburi/suan-phueng/swiss-valley-hip-resort-ratchaburi,thailand/ratchaburi/suan-phueng/swiss-valley-hip-resort-ratchaburi,Supplier,thailand,69
1036,734420,the-core-gallery-hotel,www.gother.com/th-th/hotels/thailand/chiang-mai/muang-chiang-mai/the-core-gallery-hotel,thailand/chiang-mai/muang-chiang-mai/the-core-gallery-hotel,Supplier,thailand,69
1107,4169,shangri-la-bangkok,www.gother.com/th-th/hotels/thailand/bangkok/bang-rak/shangri-la-bangkok,thailand/bangkok/bang-rak/shangri-la-bangkok,Supplier,thailand,69
1302,792171,mitsui-garden-hotel-ueno-tokyo-newly-renovated-in-2023,www.gother.com/th-th/hotels/japan/ishikawa/kanazawa/mitsui-garden-hotel-kanazawa,japan/tokyo/taito/mitsui-garden-hotel-ueno-tokyo-newly-renovated-in-2023,Supplier,japan,69
1306,637572,apa-hotel-shinjuku-kabukicho-tower,www.gother.com/th-th/hotels/japan/tokyo/shinjuku/apa-hotel-shinjuku-kabukicho-tower,japan/tokyo/shinjuku/apa-hotel-shinjuku-kabukicho-tower,Supplier,japan,69
1309,829954,toyoko-inn-fuji-kawaguchiko-ohashi,www.gother.com/th-th/hotels/japan/yamaguchi/yamaguchi/toyoko-inn-fuji-kawaguchiko-ohashi,japan/yamaguchi/yamaguchi/toyoko-inn-fuji-kawaguchiko-ohashi,Supplier,japan,69
1311,223747,swissotel-nankai-osaka,www.gother.com/th-th/hotels/japan/osaka/osaka/swissotel-nankai-osaka,japan/osaka/osaka/swissotel-nankai-osaka,Supplier,japan,69
1322,133145,conrad-tokyo,www.gother.com/th-th/hotels/japan/tokyo/minato/conrad-tokyo,japan/tokyo/minato/conrad-tokyo,Supplier,japan,69
1328,850518,apa-hotel-resort-osaka-namba-ekimae-tower,www.gother.com/th-th/hotels/japan/osaka/namba/apa-hotel-resort-osaka-namba-ekimae-tower,japan/osaka/namba/apa-hotel-resort-osaka-namba-ekimae-tower,Supplier,japan,69
1521,834594,hotel-ease-mong-kok,www.gother.com/th-th/hotels/hong-kong/kowloon/yau-tsim-mong/hotel-ease-mong-kok,hong-kong/kowloon/yau-tsim-mong/hotel-ease-mong-kok,Supplier,hong-kong,69
114,841251,Best-Western-Nada-Don-Mueang-Airport-Hotel,www.gother.com/th-th/hotels/thailand/bangkok/bang-khen/best-western-nada-don-mueang-airport-hotel,thailand/bangkok/bang-khen/best-western-nada-don-mueang-airport-hotel,DIRECT,thailand,68
440,842668,le-bali-resort-spa,www.gother.com/th-th/hotels/thailand/chonburi/bang-lamung/le-bali-resort-spa,thailand/chonburi/bang-lamung/le-bali-resort-spa,DIRECT,thailand,68
905,188058,convenient-grand-plus-hotel-suvarnabhumi,www.gother.com/th-th/hotels/thailand/samut-prakarn/bang-sao-thong/convenient-grand-plus-hotel-suvarnabhumi,thailand/bangkok/lat-krabang/convenient-grand-plus-hotel-suvarnabhumi,Supplier,thailand,68
924,473679,chalelarn-hotel-hua-hin,www.gother.com/th-th/hotels/thailand/prachuap-khiri-khan/hua-hin/chalelarn-hotel-hua-hin,thailand/prachuap-khiri-khan/hua-hin/chalelarn-hotel-hua-hin,Supplier,thailand,68
929,841358,novotel-rayong-star-convention-centre,www.gother.com/th-th/hotels/thailand/rayong/muang-rayong/novotel-rayong-star-convention-centre,thailand/rayong/muang-rayong/novotel-rayong-star-convention-centre,Supplier,thailand,68
931,761566,isanook-hua-hin-resort-and-suites,www.gother.com/th-th/hotels/thailand/prachuap-khiri-khan/hua-hin/isanook-hua-hin-resort-and-suites,thailand/prachuap-khiri-khan/hua-hin/isanook-hua-hin-resort-and-suites,Supplier,thailand,68
960,452395,fusion-suites-phuket-patong,www.gother.com/th-th/hotels/thailand/phuket/patong/fusion-suites-phuket-patong,thailand/phuket/patong/fusion-suites-phuket-patong,Supplier,thailand,68
1046,2982,courtyard-phuket-town,www.gother.com/th-th/hotels/thailand/phuket/muang-phuket/courtyard-phuket-town,thailand/phuket/muang-phuket/courtyard-phuket-town,Supplier,thailand,68
1118,843373,hotel-la-casetta-by-toscana-valley,www.gother.com/th-th/hotels/thailand/nakhon-ratchasima/pak-chong/hotel-la-casetta-by-toscana-valley,thailand/nakhon-ratchasima/pak-chong/hotel-la-casetta-by-toscana-valley,Supplier,thailand,68
1159,738886,hop-inn-chiang-mai,www.gother.com/th-th/hotels/thailand/chiang-mai/muang-chiang-mai/hop-inn-chiang-mai,thailand/chiang-mai/muang-chiang-mai/hop-inn-chiang-mai,Supplier,thailand,68
1310,311278,shinjuku-washington-hotel-annex,www.gother.com/th-th/hotels/japan/tokyo/shinjuku/shinjuku-washington-hotel-annex,japan/tokyo/shinjuku/shinjuku-washington-hotel-annex,Supplier,japan,68
1312,789941,shinjuku-sky-hostel,www.gother.com/th-th/hotels/japan/tokyo/shinjuku/shinjuku-sky-hostel,japan/tokyo/shinjuku/shinjuku-sky-hostel,Supplier,japan,68
1320,186037,keio-plaza-hotel-tokyo,www.gother.com/th-th/hotels/japan/tokyo/shinjuku/keio-plaza-hotel-tokyo,japan/tokyo/shinjuku/keio-plaza-hotel-tokyo,Supplier,japan,68
1324,849732,apa-hotel-ueno-okachimachi-ekimae-minami,www.gother.com/th-th/hotels/japan/tokyo/taito/apa-hotel-ueno-okachimachi-ekimae-minami,japan/tokyo/taito/apa-hotel-ueno-okachimachi-ekimae-minami,Supplier,japan,68
216,187089,de-chai-the-colonial-hotel-spa,www.gother.com/th-th/hotels/thailand/chiang-mai/muang-chiang-mai/de-chai-the-colonial-hotel-spa,thailand/chiang-mai/muang-chiang-mai/de-chai-the-colonial-hotel-spa,DIRECT,thailand,67
910,764895,tt-hostel-chiang-rai,www.gother.com/th-th/hotels/thailand/chiang-rai/muang-chiang-rai/tt-hostel-chiang-rai,thailand/chiang-rai/muang-chiang-rai/tt-hostel-chiang-rai,Supplier,thailand,67
914,841575,siri-nakornpink-chiang-mai-hotel,www.gother.com/th-th/hotels/thailand/chiang-mai/muang-chiang-mai/siri-nakornpink-chiang-mai-hotel,thailand/chiang-mai/muang-chiang-mai/siri-nakornpink-chiang-mai-hotel,Supplier,thailand,67
917,841452,hak-sa-bai-hotel,www.gother.com/th-th/hotels/thailand/chiang-rai/muang-chiang-rai/hak-sa-bai-hotel,thailand/chiang-rai/muang-chiang-rai/hak-sa-bai-hotel,Supplier,thailand,67
918,740360,capital-o-727-be-one-resort,www.gother.com/th-th/hotels/thailand/chiang-rai/muang-chiang-rai/capital-o-727-be-one-resort,thailand/chiang-rai/muang-chiang-rai/capital-o-727-be-one-resort,Supplier,thailand,67
933,233544,hotel-muse-bangkok-autograph-collection,www.gother.com/th-th/hotels/thailand/bangkok/pathum-wan/hotel-muse-bangkok-autograph-collection,thailand/bangkok/pathum-wan/hotel-muse-bangkok-autograph-collection,Supplier,thailand,67
942,451854,patra-boutique-hotel,www.gother.com/th-th/hotels/thailand/bangkok/ratchathewi/patra-boutique-hotel,thailand/bangkok/ratchathewi/patra-boutique-hotel,Supplier,thailand,67
947,842381,a2-pool-resort,www.gother.com/th-th/hotels/thailand/phuket/muang-phuket/a2-pool-resort,thailand/phuket/muang-phuket/a2-pool-resort,Supplier,thailand,67
962,752644,aree-art-residence,www.gother.com/th-th/hotels/thailand/bangkok/phaya-thai/aree-art-residence,thailand/bangkok/phaya-thai/aree-art-residence,Supplier,thailand,67
970,604517,chumphon-cabana-resort,www.gother.com/th-th/hotels/thailand/chumphon/pathio/chumphon-cabana-resort,thailand/chumphon/pathio/chumphon-cabana-resort,Supplier,thailand,67
978,4610,the-mangrove-by-blu-monkey,www.gother.com/th-th/hotels/thailand/phuket/muang-phuket/the-mangrove-by-blu-monkey,thailand/phuket/muang-phuket/the-mangrove-by-blu-monkey,Supplier,thailand,67
979,774802,rest-sea-resort-koh-kood,www.gother.com/th-th/hotels/thailand/trat/koh-kood/rest-sea-resort-koh-kood,thailand/trat/koh-kood/rest-sea-resort-koh-kood,Supplier,thailand,67
1022,731065,varinah-resort,www.gother.com/th-th/hotels/thailand/prachuap-khiri-khan/sam-roi-yot/varinah-resort,thailand/prachuap-khiri-khan/sam-roi-yot/varinah-resort,Supplier,thailand,67
1318,6889,dotonbori-hotel,www.gother.com/th-th/hotels/japan/osaka/osaka/dotonbori-hotel,japan/osaka/osaka/dotonbori-hotel,Supplier,japan,67
1327,850516,bakuro-by-doyanen,www.gother.com/th-th/hotels/japan/osaka/osaka-city-south/bakuro-by-doyanen,japan/osaka/osaka-city-south/bakuro-by-doyanen,Supplier,japan,67
1330,782689,hotel-livemax-machida-ekimae,www.gother.com/th-th/hotels/japan/tokyo/machida/hotel-livemax-machida-ekimae,japan/tokyo/machida/hotel-livemax-machida-ekimae,Supplier,japan,67
1332,788660,capsule-hotel-block-room,www.gother.com/th-th/hotels/japan/tokyo/kita/capsule-hotel-block-room,japan/tokyo/kita/capsule-hotel-block-room,Supplier,japan,67
117,4543,Beyond-Karon,www.gother.com/th-th/hotels/thailand/phuket/karon-beach/beyond-karon,thailand/phuket/karon-beach/beyond-karon,DIRECT,thailand,66
124,762076,Pamookkoo-Resort,www.gother.com/th-th/hotels/thailand/phuket/kata-beach/pamookkoo-resort,thailand/phuket/kata-beach/pamookkoo-resort,DIRECT,thailand,66
442,2348,Jasmine-City-Hotel-Bangkok,www.gother.com/th-th/hotels/thailand/bangkok/watthana/jasmine-city-hotel-bangkok,thailand/bangkok/watthana/jasmine-city-hotel-bangkok,DIRECT,thailand,66
932,2348,jasmine-city-hotel-bangkok,www.gother.com/th-th/hotels/thailand/bangkok/watthana/jasmine-city-hotel-bangkok,thailand/bangkok/watthana/jasmine-city-hotel-bangkok,Supplier,thailand,66
935,841842,glow-bangkok-riverside,www.gother.com/th-th/hotels/thailand/bangkok/dusit/glow-bangkok-riverside,thailand/bangkok/dusit/glow-bangkok-riverside,Supplier,thailand,66
936,452117,cmor-by-recall-hotels,www.gother.com/th-th/hotels/thailand/chiang-mai/muang-chiang-mai/cmor-by-recall-hotels-chiang-mai,thailand/chiang-mai/muang-chiang-mai/cmor-by-recall-hotels,Supplier,thailand,66
937,453510,chiang-rai-lake-hill-resort,www.gother.com/th-th/hotels/thailand/chiang-rai/muang-chiang-rai/chiang-rai-lake-hill-resort,thailand/chiang-rai/muang-chiang-rai/chiang-rai-lake-hill-resort,Supplier,thailand,66
949,772793,the-rodman-hotel,www.gother.com/th-th/hotels/thailand/chiang-mai/muang-chiang-mai/the-rodman-hotel,thailand/chiang-mai/muang-chiang-mai/the-rodman-hotel,Supplier,thailand,66
950,836196,sann-boutique-hotel,www.gother.com/th-th/hotels/thailand/chiang-rai/muang-chiang-rai/sann-boutique-hotel,thailand/chiang-rai/muang-chiang-rai/sann-boutique-hotel,Supplier,thailand,66
953,196386,hotel-j-residence,www.gother.com/th-th/hotels/thailand/chonburi/central-pattaya/hotel-j-residence,thailand/chonburi/central-pattaya/hotel-j-residence,Supplier,thailand,66
974,774965,puadeview-boutique-resort,www.gother.com/th-th/hotels/thailand/nan/pua/puadeview-boutique-resort,thailand/nan/pua/puadeview-boutique-resort,Supplier,thailand,66
986,252382,ibis-styles-krabi-ao-nang,www.gother.com/th-th/hotels/thailand/krabi/ao-nang-beach/ibis-styles-krabi-ao-nang,thailand/krabi/ao-nang-beach/ibis-styles-krabi-ao-nang,Supplier,thailand,66
1029,653396,duangtawan-hotel,www.gother.com/th-th/hotels/thailand/rayong/muang-rayong/duangtawan-beach-resort,thailand/chiang-mai/muang-chiang-mai/duangtawan-hotel,Supplier,thailand,66
1085,764010,mae-kampong-hill,www.gother.com/th-th/hotels/thailand/chiang-mai/mae-on/mae-kampong-hill,thailand/chiang-mai/mae-on/mae-kampong-hill,Supplier,thailand,66
1316,132762,hotel-hillarys,www.gother.com/th-th/hotels/japan/osaka/osaka/hotel-hillarys,japan/osaka/osaka/hotel-hillarys,Supplier,japan,66
1344,7438,the-b-ikebukuro,www.gother.com/th-th/hotels/japan/tokyo/toshima/the-b-ikebukuro,japan/tokyo/toshima/the-b-ikebukuro,Supplier,japan,66
1523,239,hyatt-regency-hong-kong-tsim-sha-tsui,www.gother.com/th-th/hotels/hong-kong/kowloon/tsim-sha-tsui/hyatt-regency-hong-kong-tsim-sha-tsui,hong-kong/kowloon/tsim-sha-tsui/hyatt-regency-hong-kong-tsim-sha-tsui,Supplier,hong-kong,66
1608,164733,wonstar-hotel,www.gother.com/th-th/hotels/taiwan/taipei/wanhua-district/wonstar-hotel,taiwan/taipei/wanhua-district/wonstar-hotel,Supplier,taiwan,66
75,324972,Manhattan-Pattaya-Hotel,www.gother.com/th-th/hotels/thailand/chonburi/pattaya/manhattan-pattaya-hotel,thailand/chonburi/bang-lamung/manhattan-pattaya-hotel,DIRECT,thailand,65
94,841303,Shambhala-Hotel-Pattaya,www.gother.com/th-th/hotels/thailand/chonburi/pattaya/shambhala-hotel-pattaya,thailand/chonburi/pattaya/shambhala-hotel-pattaya,DIRECT,thailand,65
233,846718,Na-Tanao-1969,www.gother.com/th-th/hotels/thailand/bangkok/phra-nakhon/na-tanao-1969,thailand/bangkok/phra-nakhon/na-tanao-1969,DIRECT,thailand,65
945,841419,grace-hostel,www.gother.com/th-th/hotels/thailand/chiang-rai/muang-chiang-rai/grace-hostel,thailand/chiang-rai/muang-chiang-rai/grace-hostel,Supplier,thailand,65
946,562524,chiang-rai-park-resort,www.gother.com/th-th/hotels/thailand/chiang-rai/muang-chiang-rai/chiang-rai-park-resort,thailand/chiang-rai/muang-chiang-rai/chiang-rai-park-resort,Supplier,thailand,65
956,561932,rinlada-house,www.gother.com/th-th/hotels/thailand/chiang-rai/muang-chiang-rai/rinlada-house,thailand/chiang-rai/muang-chiang-rai/rinlada-house,Supplier,thailand,65
980,2062,grand-hyatt-erawan-bangkok,www.gother.com/th-th/hotels/thailand/bangkok/pathum-wan/grand-hyatt-erawan-bangkok,thailand/bangkok/pathum-wan/grand-hyatt-erawan-bangkok,Supplier,thailand,65
985,453422,queen-palace-hotel,www.gother.com/th-th/hotels/thailand/tak/mae-sot/queen-palace-hotel,thailand/tak/mae-sot/queen-palace-hotel,Supplier,thailand,65
995,843328,kwai-tara-riverside-villas,www.gother.com/th-th/hotels/thailand/kanchanaburi/sai-yok/kwai-tara-riverside-villas,thailand/kanchanaburi/sai-yok/kwai-tara-riverside-villas,Supplier,thailand,65
1040,3877,royal-cliff-beach-hotel-pattaya,www.gother.com/th-th/hotels/thailand/chonburi/south-pattaya/royal-cliff-beach-hotel-pattaya,thailand/chonburi/south-pattaya/royal-cliff-beach-hotel-pattaya,Supplier,thailand,65
1050,324972,manhattan-pattaya-hotel,www.gother.com/th-th/hotels/thailand/chonburi/pattaya/manhattan-pattaya-hotel,thailand/chonburi/bang-lamung/manhattan-pattaya-hotel,Supplier,thailand,65
1104,842133,b2-don-mueang-premier-hotel,www.gother.com/th-th/hotels/thailand/bangkok/bang-khen/b2-don-mueang-premier-hotel,thailand/bangkok/bang-khen/b2-don-mueang-premier-hotel,Supplier,thailand,65
1123,843364,dna-super-ozone-resort-khao-yai,www.gother.com/th-th/hotels/thailand/nakhon-ratchasima/khao-yai/dna-super-ozone-resort-khao-yai,thailand/nakhon-ratchasima/khao-yai/dna-super-ozone-resort-khao-yai,Supplier,thailand,65
1331,792324,hotel-monday-premium-uenookachimachi,www.gother.com/th-th/hotels/japan/tokyo/taito/hotel-monday-premium-uenookachimachi,japan/tokyo/taito/hotel-monday-premium-uenookachimachi,Supplier,japan,65
1525,834595,dash-living-on-prat,www.gother.com/th-th/hotels/hong-kong/kowloon/yau-tsim-mong/dash-living-on-prat,hong-kong/kowloon/yau-tsim-mong/dash-living-on-prat,Supplier,hong-kong,65
1539,128305,best-western-plus-tsim-sha-tsui,www.gother.com/th-th/hotels/hong-kong/kowloon/tsim-sha-tsui/best-western-plus-tsim-sha-tsui,hong-kong/kowloon/tsim-sha-tsui/best-western-plus-tsim-sha-tsui,Supplier,hong-kong,65
1823,897184,atour-x-hotel-shanghai-the-bund-east-nanjing-road-metro-station,www.gother.com/th-th/hotels/china/shanghai/huangpu/atour-x-hotel-shanghai-the-bund-east-nanjing-road-metro-station,china/shanghai/huangpu/atour-x-hotel-shanghai-the-bund-east-nanjing-road-metro-station,Supplier,china,65
116,843198,Radisson-RED-Phuket-Patong-Beach,www.gother.com/th-th/hotels/thailand/phuket/kathu/radisson-red-phuket-patong-beach,thailand/phuket/kathu/radisson-red-phuket-patong-beach,DIRECT,thailand,64
162,836211,seekers-finders-rama-iv-hotel-surestay-collection-by-best-western,www.gother.com/th-th/hotels/thailand/bangkok/khlong-toei/seekers-finders-rama-iv-hotel-surestay-collection-by-best-western,thailand/bangkok/khlong-toei/seekers-finders-rama-iv-hotel-surestay-collection-by-best-western,DIRECT,thailand,64
961,844541,baan-maesot-plus,www.gother.com/th-th/hotels/thailand/tak/mae-sot/baan-maesot-plus,thailand/tak/mae-sot/baan-maesot-plus,Supplier,thailand,64
971,763454,baan-issara,www.gother.com/th-th/hotels/thailand/surat-thani/koh-samui/baan-issara,thailand/surat-thani/koh-samui/baan-issara,Supplier,thailand,64
976,844402,yotaka-khanom,www.gother.com/th-th/hotels/thailand/nakhon-si-thammarat/khanom/yotaka-khanom,thailand/nakhon-si-thammarat/khanom/yotaka-khanom,Supplier,thailand,64
977,838634,the-salil-hotel-riverside-bangkok,www.gother.com/th-th/hotels/thailand/bangkok/bang-kho-laem/the-salil-hotel-riverside-bangkok,thailand/bangkok/bang-kho-laem/the-salil-hotel-riverside-bangkok,Supplier,thailand,64
987,841465,dugong-village,www.gother.com/th-th/hotels/thailand/trang/sikao/dugong-village,thailand/trang/sikao/dugong-village,Supplier,thailand,64
988,846503,anantara-pura-resort,www.gother.com/th-th/hotels/thailand/bueng-kan/bueng-khong-long/anantara-pura-resort,thailand/bueng-kan/bueng-khong-long/anantara-pura-resort,Supplier,thailand,64
994,2876,mai-samui-beach-resort-spa,www.gother.com/th-th/hotels/thailand/surat-thani/koh-samui/mai-samui-beach-resort-spa,thailand/surat-thani/koh-samui/mai-samui-beach-resort-spa,Supplier,thailand,64
999,4569,glacier-hotel-khon-kaen,www.gother.com/th-th/hotels/thailand/khon-kaen/muang-khon-kaen/glacier-hotel-khon-kaen,thailand/khon-kaen/muang-khon-kaen/glacier-hotel-khon-kaen,Supplier,thailand,64
1000,325890,de-hug-hotel-and-residence,www.gother.com/th-th/hotels/thailand/chiang-rai/muang-chiang-rai/de-hug-hotel-and-residence,thailand/chiang-rai/muang-chiang-rai/de-hug-hotel-and-residence,Supplier,thailand,64
1013,559432,smith-residence,www.gother.com/th-th/hotels/thailand/surat-thani/muang-surat-thani/smith-residence,thailand/surat-thani/muang-surat-thani/smith-residence,Supplier,thailand,64
1023,188540,radisson-blu-plaza-bangkok,www.gother.com/th-th/hotels/thailand/bangkok/watthana/radisson-blu-plaza-bangkok,thailand/bangkok/watthana/radisson-blu-plaza-bangkok,Supplier,thailand,64
1071,843360,historykan-kanchanaburi-hotel,www.gother.com/th-th/hotels/thailand/kanchanaburi/muang-kanchanaburi/historykan-kanchanaburi-hotel,thailand/kanchanaburi/muang-kanchanaburi/historykan-kanchanaburi-hotel,Supplier,thailand,64
1108,452575,rabiangprai-valley,www.gother.com/th-th/hotels/thailand/nakhon-nayok/muang-nakhon-nayok/rabiangprai-valley,thailand/nakhon-nayok/muang-nakhon-nayok/rabiangprai-valley,Supplier,thailand,64
1329,792488,cypressinn-tokyo,www.gother.com/th-th/hotels/japan/osaka/chuo/cypressinn-tokyo,japan/osaka/chuo/cypressinn-tokyo,Supplier,japan,64
1336,851111,hotel-livemax-hakataekimae,www.gother.com/th-th/hotels/japan/fukuoka/hakata/hotel-livemax-hakataekimae,japan/fukuoka/hakata/hotel-livemax-hakataekimae,Supplier,japan,64
1830,150948,beijing-xinqiao-hotel,www.gother.com/th-th/hotels/china/beijing/dongcheng/beijing-xinqiao-hotel,china/beijing/dongcheng/beijing-xinqiao-hotel,Supplier,china,64
307,766769,Golden-Sea-Hua-Hin,www.gother.com/th-th/hotels/thailand/prachuap-khiri-khan/hua-hin/golden-sea-hua-hin,thailand/prachuap-khiri-khan/hua-hin/golden-sea-hua-hin,DIRECT,thailand,63
391,326481,U-Pattaya,www.gother.com/th-th/hotels/thailand/chonburi/sattahip/u-pattaya,thailand/chonburi/sattahip/u-pattaya,DIRECT,thailand,63
627,326481,u-pattaya,www.gother.com/th-th/hotels/thailand/chonburi/sattahip/u-pattaya,thailand/chonburi/sattahip/u-pattaya-hotel,Supplier,thailand,63
966,663485,koh-sichang-rimtalay-resort,www.gother.com/th-th/hotels/thailand/chonburi/ko-sichang/koh-sichang-rimtalay-resort,thailand/chonburi/ko-sichang/koh-sichang-rimtalay-resort,Supplier,thailand,63
972,252350,amari-buriram-united,www.gother.com/th-th/hotels/thailand/buriram/muang-buriram/amari-buriram-united,thailand/buriram/muang-buriram/amari-buriram-united,Supplier,thailand,63
981,838632,eastin-grand-hotel-phayathai,www.gother.com/th-th/hotels/thailand/bangkok/ratchathewi/eastin-grand-hotel-phayathai,thailand/bangkok/ratchathewi/eastin-grand-hotel-phayathai,Supplier,thailand,63
982,769077,chiangmai-tree-hostel,www.gother.com/th-th/hotels/thailand/chiang-mai/muang-chiang-mai/chiangmai-tree-hostel,thailand/chiang-mai/muang-chiang-mai/chiangmai-tree-hostel,Supplier,thailand,63
992,452090,little-nyonya-hotel,www.gother.com/th-th/hotels/thailand/phuket/muang-phuket/little-nyonya-hotel,thailand/phuket/muang-phuket/little-nyonya-hotel,Supplier,thailand,63
1004,3691,pullman-phuket-arcadia-naithon-beach-resort,www.gother.com/th-th/hotels/thailand/phuket/thalang/pullman-phuket-arcadia-naithon-beach-resort,thailand/phuket/thalang/pullman-phuket-arcadia-naithon-beach-resort,Supplier,thailand,63
1007,252405,livotel-hotel-lat-phrao-bangkok,www.gother.com/th-th/hotels/thailand/bangkok/bang-kapi/livotel-hotel-lat-phrao-bangkok,thailand/bangkok/bang-kapi/livotel-hotel-lat-phrao-bangkok,Supplier,thailand,63
1014,324591,nak-nakara-hotel,www.gother.com/th-th/hotels/thailand/chiang-rai/muang-chiang-rai/nak-nakara-hotel,thailand/chiang-rai/muang-chiang-rai/nak-nakara-hotel,Supplier,thailand,63
1038,137193,the-peninsula-bangkok,www.gother.com/th-th/hotels/thailand/bangkok/khlong-san/the-peninsula-bangkok,thailand/bangkok/khlong-san/the-peninsula-bangkok,Supplier,thailand,63
1042,3006,miracle-grand-convention-hotel,www.gother.com/th-th/hotels/thailand/bangkok/lak-si/miracle-grand-convention-hotel,thailand/bangkok/lak-si/miracle-grand-convention-hotel,Supplier,thailand,63
1048,452894,see-stars-forest-resort,www.gother.com/th-th/hotels/thailand/sakon-nakhon/sawang-daen-din/see-stars-forest-resort,thailand/sakon-nakhon/sawang-daen-din/see-stars-forest-resort,Supplier,thailand,63
1049,234042,pattaya-park-beach-resort,www.gother.com/th-th/hotels/thailand/chonburi/south-pattaya/pattaya-park-beach-resort,thailand/chonburi/south-pattaya/pattaya-park-beach-resort,Supplier,thailand,63
1122,766769,golden-sea-hua-hin,www.gother.com/th-th/hotels/thailand/prachuap-khiri-khan/hua-hin/golden-sea-hua-hin,thailand/prachuap-khiri-khan/hua-hin/golden-sea-hua-hin,Supplier,thailand,63
1333,7536,hotel-new-ueno,www.gother.com/th-th/hotels/japan/tokyo/taito/hotel-new-ueno,japan/tokyo/taito/hotel-new-ueno,Supplier,japan,63
1337,248100,hotel-livemax-budget-nippori,www.gother.com/th-th/hotels/japan/tokyo/taito/hotel-livemax-budget-nippori,japan/tokyo/taito/hotel-livemax-budget-nippori,Supplier,japan,63
1346,818700,hotel-villa-fontaine-grand-haneda-airport,www.gother.com/th-th/hotels/japan/tokyo/ota/hotel-villa-fontaine-grand-haneda-airport,japan/tokyo/ota/hotel-villa-fontaine-grand-haneda-airport,Supplier,japan,63
1529,834466,regala-skycity-hotel,www.gother.com/th-th/hotels/hong-kong/lantau-island/hong-kong-international-airport/regala-skycity-hotel,hong-kong/lantau-island/hong-kong-international-airport/regala-skycity-hotel,Supplier,hong-kong,63
1530,211,harbour-grand-hong-kong-hotel,www.gother.com/th-th/hotels/hong-kong/hong-kong/north-point/harbour-grand-hong-kong-hotel,hong-kong/hong-kong/north-point/harbour-grand-hong-kong-hotel,Supplier,hong-kong,63
360,451728,The-Grass-Serviced-Suites,www.gother.com/th-th/hotels/thailand/chonburi/pattaya/the-grass-serviced-suites,thailand/chonburi/pattaya/the-grass-serviced-suites,DIRECT,thailand,62
983,4329,the-suan-dusit-place,www.gother.com/th-th/hotels/thailand/bangkok/dusit/the-suan-dusit-place,thailand/bangkok/dusit/the-suan-dusit-place,Supplier,thailand,62
991,3923,rua-rasada-hotel-the-ideal-venue-for-meetings-events,www.gother.com/th-th/hotels/thailand/trang/muang-trang/rua-rasada-hotel-the-ideal-venue-for-meetings-events,thailand/trang/muang-trang/rua-rasada-hotel-the-ideal-venue-for-meetings-events,Supplier,thailand,62
997,763961,ibis-styles-bangkok-sukhumvit-4,www.gother.com/th-th/hotels/thailand/bangkok/khlong-toei/ibis-styles-bangkok-sukhumvit-4,thailand/bangkok/khlong-toei/ibis-styles-bangkok-sukhumvit-4,Supplier,thailand,62
1017,452556,nisasiri-boutique-resort,www.gother.com/th-th/hotels/thailand/chanthaburi/laem-sing/nisasiri-boutique-resort,thailand/chanthaburi/laem-sing/nisasiri-boutique-resort,Supplier,thailand,62
1021,4826,v-villas-hua-hin-mgallery,www.gother.com/th-th/hotels/thailand/prachuap-khiri-khan/hua-hin/v-villas-hua-hin-mgallery,thailand/prachuap-khiri-khan/hua-hin/v-villas-hua-hin-mgallery,Supplier,thailand,62
1030,741749,don-muang-hotel,www.gother.com/th-th/hotels/thailand/bangkok/don-muang/don-muang-hotel,thailand/bangkok/don-muang/don-muang-hotel,Supplier,thailand,62
1031,1768,dara-hotel,www.gother.com/th-th/hotels/thailand/phuket/muang-phuket/dara-hotel,thailand/phuket/muang-phuket/dara-hotel,Supplier,thailand,62
1033,774396,at-pingnakorn-riverside-hotel,www.gother.com/th-th/hotels/thailand/chiang-mai/muang-chiang-mai/at-pingnakorn-riverside-hotel,thailand/chiang-mai/muang-chiang-mai/at-pingnakorn-riverside-hotel,Supplier,thailand,62
1035,252036,we-valley-hotel,www.gother.com/th-th/hotels/thailand/chiang-mai/muang-chiang-mai/we-valley-hotel,thailand/chiang-mai/muang-chiang-mai/we-valley-hotel,Supplier,thailand,62
1064,846295,the-quarter-ramkhamhaeng-by-uhg,www.gother.com/th-th/hotels/thailand/bangkok/bang-kapi/the-quarter-ramkhamhaeng-by-uhg,thailand/bangkok/bang-kapi/the-quarter-ramkhamhaeng-by-uhg,Supplier,thailand,62
1076,835517,blu-monkey-hub-and-hotel-chanthaburi,www.gother.com/th-th/hotels/thailand/chanthaburi/muang-chanthaburi/blu-monkey-hub-and-hotel-chanthaburi,thailand/chanthaburi/muang-chanthaburi/blu-monkey-hub-and-hotel-chanthaburi,Supplier,thailand,62
1340,6891,hotel-kansai,www.gother.com/th-th/hotels/japan/osaka/osaka/hotel-kansai,japan/osaka/osaka/hotel-kansai,Supplier,japan,62
1342,133125,citadines-central-shinjuku-tokyo,www.gother.com/th-th/hotels/japan/tokyo/shinjuku/citadines-central-shinjuku-tokyo,japan/tokyo/shinjuku/citadines-central-shinjuku-tokyo,Supplier,japan,62
1526,834387,hotel-ease-access-tsuen-wan,www.gother.com/th-th/hotels/hong-kong/new-territories/kwai-chung/hotel-ease-access-tsuen-wan,hong-kong/new-territories/kwai-chung/hotel-ease-access-tsuen-wan,Supplier,hong-kong,62
1531,292978,iclub-fortress-hill-hotel,www.gother.com/th-th/hotels/hong-kong/hong-kong/north-point/iclub-fortress-hill-hotel,hong-kong/hong-kong/north-point/iclub-fortress-hill-hotel,Supplier,hong-kong,62
1536,128304,best-western-plus-hotel-hong-kong,www.gother.com/th-th/hotels/hong-kong/hong-kong/hong-kong-island-west/best-western-plus-hotel-hong-kong,hong-kong/hong-kong/hong-kong-island-west/best-western-plus-hotel-hong-kong,Supplier,hong-kong,62
1824,61763,waldorf-astoria-shanghai-on-the-bund,www.gother.com/th-th/hotels/china/shanghai/huangpu/waldorf-astoria-shanghai-on-the-bund,china/shanghai/huangpu/waldorf-astoria-shanghai-on-the-bund,Supplier,china,62
1825,9178,hilton-shanghai,www.gother.com/th-th/hotels/china/shanghai/jing-an/hilton-shanghai,china/shanghai/jing-an/hilton-shanghai,Supplier,china,62
234,846830,Samer-Boutique-Stay,www.gother.com/th-th/hotels/thailand/bangkok/phra-nakhon/samer-boutique-stay,thailand/bangkok/phra-nakhon/samer-boutique-stay,DIRECT,thailand,61
343,4804,Two-Three-A-Homely-Hotel,www.gother.com/th-th/hotels/thailand/bangkok/watthana/two-three-a-homely-hotel,thailand/bangkok/watthana/two-three-a-homely-hotel,DIRECT,thailand,61
984,4804,two-three-a-homely-hotel,www.gother.com/th-th/hotels/thailand/bangkok/watthana/two-three-a-homely-hotel,thailand/bangkok/watthana/two-three-a-homely-hotel,Supplier,thailand,61
996,233569,intercontinental-bangkok,www.gother.com/th-th/hotels/thailand/bangkok/pathum-wan/intercontinental-bangkok,thailand/bangkok/lumpini/intercontinental-bangkok,Supplier,thailand,61
998,762003,green-riverside-homestay,www.gother.com/th-th/hotels/thailand/ayutthaya/muang-ayutthaya/green-riverside-homestay,thailand/ayutthaya/muang-ayutthaya/green-riverside-homestay,Supplier,thailand,61
1003,453354,silayok-grand-hotel,www.gother.com/th-th/hotels/thailand/tak/muang-tak/silayok-grand-hotel,thailand/tak/muang-tak/silayok-grand-hotel,Supplier,thailand,61
1006,325593,the-castello-resort,www.gother.com/th-th/hotels/thailand/chonburi/koh-larn/the-castello-resort,thailand/chonburi/koh-larn/the-castello-resort,Supplier,thailand,61
1018,762703,loyy-hotel,www.gother.com/th-th/hotels/thailand/chiang-mai/muang-chiang-mai/loyy-hotel,thailand/chiang-mai/muang-chiang-mai/loyy-hotel,Supplier,thailand,61
1019,2592,koh-mook-sivalai-beach-resort,www.gother.com/th-th/hotels/thailand/trang/kantang/koh-mook-sivalai-beach-resort,thailand/trang/kantang/koh-mook-sivalai-beach-resort,Supplier,thailand,61
1034,1003,arinara-beach-resort-phuket,www.gother.com/th-th/hotels/thailand/phuket/bang-tao-beach/arinara-beach-resort-phuket,thailand/phuket/bang-tao-beach/arinara-beach-resort-phuket,Supplier,thailand,61
1041,233675,rama-gardens-hotel,www.gother.com/th-th/hotels/thailand/bangkok/lak-si/rama-gardens-hotel,thailand/bangkok/lak-si/rama-gardens-hotel,Supplier,thailand,61
1044,845649,laemsui-beach,www.gother.com/th-th/hotels/thailand/surat-thani/chaiya/laemsui-beach,thailand/surat-thani/chaiya/laemsui-beach,Supplier,thailand,61
1061,452022,buri-siri-boutique-hotel,www.gother.com/th-th/hotels/thailand/chiang-mai/muang-chiang-mai/buri-siri-boutique-hotel,thailand/chiang-mai/muang-chiang-mai/buri-siri-boutique-hotel,Supplier,thailand,61
1063,762796,the-ocean-residence,www.gother.com/th-th/hotels/thailand/nakhon-ratchasima/muang-nakhon-ratchasima/the-ocean-residence,thailand/nakhon-ratchasima/muang-nakhon-ratchasima/the-ocean-residence,Supplier,thailand,61
1078,233883,wora-bura-hua-hin-resort-spa,www.gother.com/th-th/hotels/thailand/prachuap-khiri-khan/hua-hin/wora-bura-hua-hin-resort-spa,thailand/prachuap-khiri-khan/hua-hin/wora-bura-hua-hin-resort-spa,Supplier,thailand,61
1081,763725,sleep-mai-chiang-mai-airport-lifestyle-hotel,www.gother.com/th-th/hotels/thailand/chiang-mai/muang-chiang-mai/sleep-mai-chiang-mai-airport-lifestyle-hotel,thailand/chiang-mai/muang-chiang-mai/sleep-mai-chiang-mai-airport-lifestyle-hotel,Supplier,thailand,61
1103,841229,arun-khiri-chiang-mai-hotel,www.gother.com/th-th/hotels/thailand/chiang-mai/muang-chiang-mai/arun-khiri-chiang-mai-hotel,thailand/chiang-mai/muang-chiang-mai/arun-khiri-chiang-mai-hotel,Supplier,thailand,61
1111,3416,patong-bay-residence,www.gother.com/th-th/hotels/thailand/phuket/patong/patong-bay-residence,thailand/phuket/patong/patong-bay-residence,Supplier,thailand,61
1155,452961,natural-park-resort-de-wang-thong,www.gother.com/th-th/hotels/thailand/phitsanulok/wang-thong/natural-park-resort-de-wang-thong,thailand/phitsanulok/wang-thong/natural-park-resort-de-wang-thong,Supplier,thailand,61
1172,841362,hilton-garden-inn-rayong,www.gother.com/th-th/hotels/thailand/rayong/muang-rayong/hilton-garden-inn-rayong,thailand/rayong/muang-rayong/hilton-garden-inn-rayong,Supplier,thailand,61
1176,774596,de-capoc-resort,www.gother.com/th-th/hotels/thailand/phetchabun/khao-kho/de-capoc-resort,thailand/phetchabun/khao-kho/de-capoc-resort,Supplier,thailand,61
1338,193514,tenza-hotel-at-hakata-station,www.gother.com/th-th/hotels/japan/fukuoka/hakata/tenza-hotel-at-hakata-station,japan/fukuoka/hakata/tenza-hotel-at-hakata-station,Supplier,japan,61
1341,851084,cross-life-hakata-yanagibashi,www.gother.com/th-th/hotels/japan/fukuoka/tenjin/cross-life-hakata-yanagibashi,japan/fukuoka/tenjin/cross-life-hakata-yanagibashi,Supplier,japan,61
1345,5656,hotel-mt-fuji,www.gother.com/th-th/hotels/japan/yamanashi/minamitsuru/hotel-mt-fuji,japan/yamanashi/minamitsuru/hotel-mt-fuji,Supplier,japan,61
1354,478871,daiichi-inn-ikebukuro,www.gother.com/th-th/hotels/japan/miyagi/sendai/daiichi-inn-park,japan/tokyo/toshima/daiichi-inn-ikebukuro,Supplier,japan,61
1399,186273,lotte-city-hotel-kinshicho-tokyo,www.gother.com/th-th/hotels/japan/tokyo/sumida/lotte-city-hotel-kinshicho-tokyo,japan/tokyo/sumida/lotte-city-hotel-kinshicho-tokyo,Supplier,japan,61
1532,834462,four-points-by-sheraton-hong-kong-tung-chung,www.gother.com/th-th/hotels/hong-kong/lantau-island/tung-chung/four-points-by-sheraton-hong-kong-tung-chung,hong-kong/lantau-island/tung-chung/four-points-by-sheraton-hong-kong-tung-chung,Supplier,hong-kong,61
465,326850,Lub-d-Bangkok-Siam,www.gother.com/th-th/hotels/thailand/bangkok/pathum-wan/lub-d-bangkok-siam,thailand/bangkok/pathum-wan/lub-d-bangkok-siam,DIRECT,thailand,60
1008,453357,fortune-d-hotel-maesot,www.gother.com/th-th/hotels/thailand/tak/mae-sot/fortune-d-hotel-maesot,thailand/tak/mae-sot/fortune-d-hotel-maesot,Supplier,thailand,60
1009,773149,ck-hills-hotel,www.gother.com/th-th/hotels/thailand/tak/mae-sot/ck-hills-hotel,thailand/tak/mae-sot/ck-hills-hotel,Supplier,thailand,60
1010,774241,bansuansiriwat,www.gother.com/th-th/hotels/thailand/tak/ban-tak/bansuansiriwat,thailand/tak/ban-tak/bansuansiriwat,Supplier,thailand,60
1015,838148,kk-boutique-inn,www.gother.com/th-th/hotels/thailand/tak/mae-sot/kk-boutique-inn,thailand/tak/mae-sot/kk-boutique-inn,Supplier,thailand,60
1016,844543,baan-fa-la-mai-resort,www.gother.com/th-th/hotels/thailand/tak/ban-tak/baan-fa-la-mai-resort,thailand/tak/ban-tak/baan-fa-la-mai-resort,Supplier,thailand,60
1020,252020,awa-resort-koh-chang,www.gother.com/th-th/hotels/thailand/trat/koh-chang/awa-resort-koh-chang,thailand/trat/koh-chang/awa-resort-koh-chang,Supplier,thailand,60
1024,657016,magmai-riverside-homestay,www.gother.com/th-th/hotels/thailand/tak/muang-tak/magmai-riverside-homestay,thailand/tak/muang-tak/magmai-riverside-homestay,Supplier,thailand,60
1051,3929,rummana-boutique-resort,www.gother.com/th-th/hotels/thailand/surat-thani/koh-samui/rummana-boutique-resort,thailand/surat-thani/koh-samui/rummana-boutique-resort,Supplier,thailand,60
1062,4696,twin-towers-hotel,www.gother.com/th-th/hotels/thailand/bangkok/pathum-wan/twin-towers-hotel,thailand/bangkok/pathum-wan/twin-towers-hotel,Supplier,thailand,60
1066,554502,patong-sunset-villa-phuket,www.gother.com/th-th/hotels/thailand/phuket/kathu/patong-sunset-villa-phuket,thailand/phuket/kathu/patong-sunset-villa-phuket,Supplier,thailand,60
1072,841558,donchan-grand-hotel,www.gother.com/th-th/hotels/thailand/chiang-mai/muang-chiang-mai/donchan-grand-hotel,thailand/chiang-mai/muang-chiang-mai/donchan-grand-hotel,Supplier,thailand,60
1075,1792,dhevan-dara-beach-villa-kui-buri,www.gother.com/th-th/hotels/thailand/prachuap-khiri-khan/kui-buri/dhevan-dara-beach-villa-kui-buri,thailand/prachuap-khiri-khan/kui-buri/dhevan-dara-beach-villa-kui-buri,Supplier,thailand,60
1079,452408,suvarnabhumi-ville-airport-hotel,www.gother.com/th-th/hotels/thailand/samut-prakarn/bang-phli/suvarnabhumi-ville-airport-hotel,thailand/samut-prakarn/bang-phli/suvarnabhumi-ville-airport-hotel,Supplier,thailand,60
1084,775367,prime-town-posh-port-hotel-phuket,www.gother.com/th-th/hotels/thailand/phuket/muang-phuket/prime-town-posh-port-hotel-phuket,thailand/phuket/muang-phuket/prime-town-posh-port-hotel-phuket,Supplier,thailand,60
1090,225881,andamantra-resort-and-villa-phuket,www.gother.com/th-th/hotels/thailand/phuket/patong/andamantra-resort-and-villa-phuket,thailand/phuket/patong/andamantra-resort-and-villa-phuket,Supplier,thailand,60
1093,3746,ramada-plaza-by-wyndham-bangkok-menam-riverside,www.gother.com/th-th/hotels/thailand/bangkok/bang-kho-laem/ramada-plaza-by-wyndham-bangkok-menam-riverside,thailand/bangkok/bang-kho-laem/ramada-plaza-by-wyndham-bangkok-menam-riverside,Supplier,thailand,60
1137,758383,movenpick-suriwongse-chiang-mai,www.gother.com/th-th/hotels/thailand/chiang-mai/muang-chiang-mai/movenpick-suriwongse-chiang-mai,thailand/chiang-mai/muang-chiang-mai/movenpick-suriwongse-chiang-mai,Supplier,thailand,60
1335,55284,hotel-mystays-premier-narita,www.gother.com/th-th/hotels/japan/chiba/narita/hotel-mystays-premier-narita,japan/chiba/narita/hotel-mystays-premier-narita,Supplier,japan,60
1343,790810,apa-hotel-resort-ryogoku-eki-tower,www.gother.com/th-th/hotels/japan/tokyo/sumida/apa-hotel-resort-ryogoku-eki-tower,japan/tokyo/sumida/apa-hotel-resort-ryogoku-eki-tower,Supplier,japan,60
1347,850654,toyoko-inn-osaka-namba,www.gother.com/th-th/hotels/japan/osaka/namba/toyoko-inn-osaka-namba,japan/osaka/namba/toyoko-inn-osaka-namba,Supplier,japan,60
1350,784509,grids-tokyo-ueno-hotelhostel,www.gother.com/th-th/hotels/japan/tokyo/taito/grids-tokyo-ueno-hotelhostel,japan/tokyo/taito/grids-tokyo-ueno-hotelhostel,Supplier,japan,60
1351,789228,nohga-hotel-ueno-tokyo,www.gother.com/th-th/hotels/japan/tokyo/taito/nohga-hotel-ueno-tokyo,japan/tokyo/taito/nohga-hotel-ueno-tokyo,Supplier,japan,60
85,774708,Sonia-Residence,www.gother.com/th-th/hotels/thailand/chonburi/bang-lamung/sonia-residence,thailand/chonburi/bang-lamung/sonia-residence,DIRECT,thailand,59
161,841221,Best-Western-Ratchada-Hotel,www.gother.com/th-th/hotels/thailand/bangkok/din-daeng/best-western-ratchada-hotel,thailand/bangkok/din-daeng/best-western-ratchada-hotel,DIRECT,thailand,59
238,943332,Liver-Bird-Ratchada,www.gother.com/th-th/hotels/thailand/bangkok/huai-khwang/liver-bird-ratchada,thailand/bangkok/huai-khwang/liver-bird-ratchada,DIRECT,thailand,59
285,451958,The-Chiang-Mai-Riverside,www.gother.com/th-th/hotels/thailand/chiang-mai/muang-chiang-mai/the-chiang-mai-riverside,thailand/chiang-mai/muang-chiang-mai/the-chiang-mai-riverside,DIRECT,thailand,59
295,1030652,Crystal-Srivaree-Suvarnabhumi-Hotel,www.gother.com/th-th/hotels/thailand/bangkok/crystal-srivaree-suvarnabhumi-hotel,thailand/samut-prakarn/bang-sao-thong/crystal-srivaree-suvarnabhumi-hotel,DIRECT,thailand,59
363,842708,Altera-Hotel-and-Residence,www.gother.com/th-th/hotels/thailand/chonburi/pattaya/altera-hotel-and-residence,thailand/chonburi/pattaya/altera-hotel-and-residence,DIRECT,thailand,59
471,1039314,GO-Hotel-Bangkok-Suvarnabhumi-Airport,www.gother.com/th-th/hotels/thailand/bangkok/lat-krabang/go-hotel-bangkok-suvarnabhumi-airport,thailand/bangkok/lat-krabang/go-hotel-bangkok-suvarnabhumi-airport,DIRECT,thailand,59
1025,765647,mali-kradan,www.gother.com/th-th/hotels/thailand/trang/koh-kradan/mali-kradan,thailand/trang/koh-kradan/mali-kradan,Supplier,thailand,59
1026,324862,my-place-surat-hotel,www.gother.com/th-th/hotels/thailand/surat-thani/muang-surat-thani/my-place-surat-hotel,thailand/surat-thani/muang-surat-thani/my-place-surat-hotel,Supplier,thailand,59
1028,841973,floral-court-hotel-residence-sukhumvit-13,www.gother.com/th-th/hotels/thailand/bangkok/watthana/floral-court-hotel-residence-sukhumvit-13,thailand/bangkok/watthana/floral-court-hotel-residence-sukhumvit-13,Supplier,thailand,59
1032,252206,centara-life-government-complex-hotel-convention-centre-chaeng-watthana,www.gother.com/th-th/hotels/thailand/bangkok/lak-si/centara-life-government-complex-hotel-convention-centre-chaeng-watthana,thailand/bangkok/lak-si/centara-life-government-complex-hotel-convention-centre-chaeng-watthana,Supplier,thailand,59
1047,4738,tohsang-heritage-khongjiam,www.gother.com/th-th/hotels/thailand/ubon-ratchathani/khong-chiam/tohsang-heritage-khongjiam,thailand/ubon-ratchathani/khong-chiam/tohsang-heritage-khongjiam,Supplier,thailand,59
1055,326384,lanna-rice-barn-homestay,www.gother.com/th-th/hotels/thailand/chiang-mai/muang-chiang-mai/lanna-rice-barn-homestay,thailand/chiang-mai/muang-chiang-mai/lanna-rice-barn-homestay,Supplier,thailand,59
1060,762346,b-boutique-residence,www.gother.com/th-th/hotels/thailand/surat-thani/muang-surat-thani/b-boutique-residence,thailand/surat-thani/muang-surat-thani/b-boutique-residence,Supplier,thailand,59
1074,844231,sairee-cottage-resort,www.gother.com/th-th/hotels/thailand/surat-thani/koh-tao/sairee-cottage-resort,thailand/surat-thani/koh-tao/sairee-cottage-resort,Supplier,thailand,59
1089,842096,benjarong-hotel-bangkok,www.gother.com/th-th/hotels/thailand/bangkok/chatuchak/benjarong-hotel-bangkok,thailand/bangkok/chatuchak/benjarong-hotel-bangkok,Supplier,thailand,59
1125,824,alexander-hotel,www.gother.com/th-th/hotels/thailand/bangkok/bang-kapi/alexander-hotel,thailand/bangkok/bang-kapi/alexander-hotel,Supplier,thailand,59
1164,451958,the-chiang-mai-riverside,www.gother.com/th-th/hotels/thailand/chiang-mai/muang-chiang-mai/the-chiang-mai-riverside,thailand/chiang-mai/muang-chiang-mai/the-chiang-mai-riverside,Supplier,thailand,59
1196,758574,ana-park-chiang-mai,www.gother.com/th-th/hotels/thailand/chiang-mai/muang-chiang-mai/ana-park-chiang-mai,thailand/chiang-mai/muang-chiang-mai/ana-park-chiang-mai,Supplier,thailand,59
1349,311011,millennium-mitsui-garden-hotel-tokyo-ginza,www.gother.com/th-th/hotels/japan/tokyo/ginza/millennium-mitsui-garden-hotel-tokyo-ginza,japan/tokyo/ginza/millennium-mitsui-garden-hotel-tokyo-ginza,Supplier,japan,59
1352,648508,smile-hotel-tokyo-shinkoiwa,www.gother.com/th-th/hotels/japan/tokyo/katsushika/smile-hotel-tokyo-shinkoiwa,japan/tokyo/katsushika/smile-hotel-tokyo-shinkoiwa,Supplier,japan,59
1379,787977,apa-hotel-yamanote-otsukaeki-tower,www.gother.com/th-th/hotels/japan/tokyo/toshima/apa-hotel-yamanote-otsukaeki-tower,japan/tokyo/toshima/apa-hotel-yamanote-otsukaeki-tower,Supplier,japan,59
1389,792435,hotel-livemax-hachioji-ekimae,www.gother.com/th-th/hotels/japan/tokyo/hachioji/hotel-livemax-hachioji-ekimae,japan/tokyo/hachioji/hotel-livemax-hachioji-ekimae,Supplier,japan,59
1540,128309,regal-hongkong-hotel,www.gother.com/th-th/hotels/hong-kong/hong-kong/causeway-bay/regal-hongkong-hotel,hong-kong/hong-kong/causeway-bay/regal-hongkong-hotel,Supplier,hong-kong,59
1831,735519,courtyard-shanghai-international-tourism-and-resorts-zone,www.gother.com/th-th/hotels/china/shanghai/huangpu/courtyard-shanghai-international-tourism-and-resorts-zone,china/shanghai/huangpu/courtyard-shanghai-international-tourism-and-resorts-zone,Supplier,china,59
1836,63894,seventh-heaven-hotel,www.gother.com/th-th/hotels/china/shanghai/hongkou/seventh-heaven-hotel,china/shanghai/hongkou/seventh-heaven-hotel,Supplier,china,59
133,12362,paradise-kohyao-resort,www.gother.com/th-th/hotels/thailand/phang-nga/koh-yao/paradise-kohyao-resort,thailand/phang-nga/koh-yao/paradise-kohyao-resort,DIRECT,thailand,58
170,451915,Aster-Hotel-and-Residence,www.gother.com/th-th/hotels/thailand/chonburi/bang-lamung/aster-hotel-and-residence,thailand/chonburi/bang-lamung/aster-hotel-and-residence,DIRECT,thailand,58
215,326641,De-Chai-Oriental-Nimman-Hotel,www.gother.com/th-th/hotels/thailand/chiang-mai/nimmanhemin/de-chai-oriental-nimman-hotel,thailand/chiang-mai/nimmanhemin/de-chai-oriental-nimman-hotel,DIRECT,thailand,58
218,842375,Chino-Town-at-Yaowarat-Phuket,www.gother.com/th-th/hotels/thailand/phuket/muang-phuket/chino-town-at-yaowarat-phuket,thailand/phuket/muang-phuket/chino-town-at-yaowarat-phuket,DIRECT,thailand,58
306,844540,O2-Hotel-Maesot,www.gother.com/th-th/hotels/thailand/tak/mae-sot/o2-hotel-maesot,thailand/tak/mae-sot/o2-hotel-maesot,DIRECT,thailand,58
903,375439,Cape-Racha-Sriracha,www.gother.com/th-th/hotels/thailand/chonburi/si-racha/cape-racha-sriracha,thailand/chonburi/si-racha/cape-racha-sriracha,DIRECT,thailand,58
1037,452411,the-salil-hotel-sukhumvit-57-thonglor,www.gother.com/th-th/hotels/thailand/bangkok/watthana/the-salil-hotel-sukhumvit-57-thonglor,thailand/bangkok/watthana/the-salil-hotel-sukhumvit-57-thonglor,Supplier,thailand,58
1043,768475,kachonghills-tented-resort-trang,www.gother.com/th-th/hotels/thailand/trang/na-yong/kachonghills-tented-resort-trang,thailand/trang/na-yong/kachonghills-tented-resort-trang,Supplier,thailand,58
1058,731122,the-sriracha-residence,www.gother.com/th-th/hotels/thailand/chonburi/si-racha/the-sriracha-residence,thailand/chonburi/si-racha/the-sriracha-residence,Supplier,thailand,58
1067,844540,o2-hotel-maesot,www.gother.com/th-th/hotels/thailand/tak/mae-sot/o2-hotel-maesot,thailand/tak/mae-sot/o2-hotel-maesot,Supplier,thailand,58
1068,844400,luxtalay-khanom-hotel,www.gother.com/th-th/hotels/thailand/nakhon-si-thammarat/khanom/luxtalay-khanom-hotel,thailand/nakhon-si-thammarat/khanom/luxtalay-khanom-hotel,Supplier,thailand,58
1077,841383,500-rai-floating-resort,www.gother.com/th-th/hotels/thailand/surat-thani/ban-ta-khun/500-rai-floating-resort,thailand/surat-thani/ban-ta-khun/500-rai-floating-resort,Supplier,thailand,58
1088,841551,hotel-mayu-chiang-mai,www.gother.com/th-th/hotels/thailand/chiang-mai/muang-chiang-mai/hotel-mayu-chiang-mai,thailand/chiang-mai/muang-chiang-mai/hotel-mayu-chiang-mai,Supplier,thailand,58
1099,848572,patamma-hideaway-resort,www.gother.com/th-th/hotels/thailand/nan/phu-phiang/patamma-hideaway-resort,thailand/nan/phu-phiang/patamma-hideaway-resort,Supplier,thailand,58
1152,137136,mandarin-hotel-managed-by-centre-point,www.gother.com/th-th/hotels/thailand/bangkok/bang-rak/mandarin-hotel-managed-by-centre-point,thailand/bangkok/bang-rak/mandarin-hotel-managed-by-centre-point,Supplier,thailand,58
1348,792479,sotetsu-fresa-inn-osaka-shinsaibashi,www.gother.com/th-th/hotels/japan/osaka/osaka/sotetsu-fresa-inn-osaka-shinsaibashi,japan/osaka/osaka/sotetsu-fresa-inn-osaka-shinsaibashi,Supplier,japan,58
1357,7441,shangri-la-tokyo,www.gother.com/th-th/hotels/japan/tokyo/chiyoda/shangri-la-tokyo,japan/tokyo/chiyoda/shangri-la-tokyo,Supplier,japan,58
1533,279,hotel-madera-hong-kong,www.gother.com/th-th/hotels/hong-kong/kowloon/jordan/hotel-madera-hong-kong,hong-kong/kowloon/jordan/hotel-madera-hong-kong,Supplier,hong-kong,58
1541,834727,ramada-grand-tsim-sha-tsui,www.gother.com/th-th/hotels/hong-kong/kowloon/yau-tsim-mong/ramada-grand-tsim-sha-tsui,hong-kong/kowloon/yau-tsim-mong/ramada-grand-tsim-sha-tsui,Supplier,hong-kong,58
1834,229598,novotel-shanghai-atlantis,www.gother.com/th-th/hotels/china/shanghai/pudong/novotel-shanghai-atlantis,china/shanghai/pudong/novotel-shanghai-atlantis,Supplier,china,58
43,841291,kastel-bangkok-hotel-by-loft-bkk,www.gother.com/th-th/hotels/thailand/bangkok/din-daeng/kastel-bangkok-hotel-by-loft-bkk,thailand/bangkok/din-daeng/kastel-bangkok-hotel-by-loft-bkk,DIRECT,thailand,57
95,475458,Pung-Waan-Resort,www.gother.com/th-th/hotels/thailand/kanchanaburi/sai-yok/pung-waan-resort,thailand/kanchanaburi/sai-yok/pung-waan-resort,DIRECT,thailand,57
96,475458,pung-waan-resort,www.gother.com/th-th/hotels/thailand/kanchanaburi/sai-yok/pung-waan-resort,thailand/kanchanaburi/sai-yok/pung-waan-resort,DIRECT,thailand,57
409,234260,Sunset-Beach-Resort,www.gother.com/th-th/hotels/thailand/phuket/kathu/sunset-beach-resort,thailand/phuket/kathu/sunset-beach-resort,DIRECT,thailand,57
460,1034352,Golden-Empire-Suvarnabhumi-Hotel,www.gother.com/th-th/hotels/thailand/nakhon-ratchasima/thepharak/golden-empire-suvarnabhumi-hotel,thailand/samut-prakarn/bang-phli/golden-empire-suvarnabhumi-hotel,DIRECT,thailand,57
1053,137832,rayavadee-hotel,www.gother.com/th-th/hotels/thailand/krabi/muang-krabi/rayavadee-hotel,thailand/krabi/ao-nang-beach/rayavadee-hotel,Supplier,thailand,57
1054,835589,mayuu-ayutthaya-hotel,www.gother.com/th-th/hotels/thailand/ayutthaya/muang-ayutthaya/mayuu-ayutthaya-hotel,thailand/ayutthaya/muang-ayutthaya/mayuu-ayutthaya-hotel,Supplier,thailand,57
1056,846464,chaleena-princess-ramkhamhaeng,www.gother.com/th-th/hotels/thailand/bangkok/wang-thonglang/chaleena-princess-ramkhamhaeng,thailand/bangkok/wang-thonglang/chaleena-princess-ramkhamhaeng,Supplier,thailand,57
1069,451859,lilawalai-resort,www.gother.com/th-th/hotels/thailand/nakhon-ratchasima/khao-yai/lilawalai-resort,thailand/nakhon-ratchasima/khao-yai/lilawalai-resort,Supplier,thailand,57
1070,648475,korat-hotel,www.gother.com/th-th/hotels/thailand/nakhon-ratchasima/muang-nakhon-ratchasima/korat-hotel,thailand/nakhon-ratchasima/muang-nakhon-ratchasima/korat-hotel,Supplier,thailand,57
1097,767154,na-tree-tara-riverside-resort-amphawa-damnoensaduak,www.gother.com/th-th/hotels/thailand/samut-songkhram/amphawa/na-tree-tara-riverside-resort-amphawa-damnoensaduak,thailand/samut-songkhram/amphawa/na-tree-tara-riverside-resort-amphawa-damnoensaduak,Supplier,thailand,57
1100,753244,koh-sichang-unseen,www.gother.com/th-th/hotels/thailand/chonburi/ko-sichang/koh-sichang-unseen,thailand/chonburi/ko-sichang/koh-sichang-unseen,Supplier,thailand,57
1105,762959,veravian-resort,www.gother.com/th-th/hotels/thailand/nakhon-ratchasima/wang-nam-khiao/veravian-resort,thailand/nakhon-ratchasima/wang-nam-khiao/veravian-resort,Supplier,thailand,57
1114,2407,kalima-resort-spa,www.gother.com/th-th/hotels/thailand/phuket/kathu/kalima-resort-spa,thailand/phuket/patong/kalima-resort-spa,Supplier,thailand,57
1115,842800,garden-cliff-resort-spa,www.gother.com/th-th/hotels/thailand/chonburi/pattaya/garden-cliff-resort-spa,thailand/chonburi/pattaya/garden-cliff-resort-spa,Supplier,thailand,57
1143,4661,the-nai-harn,www.gother.com/th-th/hotels/thailand/phuket/rawai/the-nai-harn,thailand/phuket/rawai/the-nai-harn,Supplier,thailand,57
1154,1492,centara-q-resort-rayong,www.gother.com/th-th/hotels/thailand/rayong/klaeng/centara-q-resort-rayong,thailand/rayong/laem-mae-phim/centara-q-resort-rayong,Supplier,thailand,57
1186,844344,go-hotel-si-racha-at-central-si-racha,www.gother.com/th-th/hotels/thailand/chonburi/si-racha/go-hotel-si-racha-at-central-si-racha,thailand/chonburi/si-racha/go-hotel-si-racha-at-central-si-racha,Supplier,thailand,57
1359,849368,dots-tokyo,www.gother.com/th-th/hotels/japan/tokyo/taito/dots-tokyo,japan/tokyo/taito/dots-tokyo,Supplier,japan,57
1363,755273,hotel-wing-international-premium-osaka-shinsekai,www.gother.com/th-th/hotels/japan/osaka/osaka/hotel-wing-international-premium-osaka-shinsekai,japan/osaka/osaka/hotel-wing-international-premium-osaka-shinsekai,Supplier,japan,57
1390,133129,hotel-century-southern-tower,www.gother.com/th-th/hotels/japan/tokyo/shinjuku/hotel-century-southern-tower,japan/tokyo/shinjuku/hotel-century-southern-tower,Supplier,japan,57
1537,834640,hotel-hart,www.gother.com/th-th/hotels/hong-kong/hong-kong/tsim-sha-tsui/hotel-hart,hong-kong/kowloon/yau-tsim-mong/hotel-hart,Supplier,hong-kong,57
1829,897217,jinjiang-metropolo-classiq-shanghai-nanjing-road-walking-street-nanjing-hotel,www.gother.com/th-th/hotels/china/shanghai/huangpu/jinjiang-metropolo-classiq-shanghai-nanjing-road-walking-street-nanjing-hotel,china/shanghai/huangpu/jinjiang-metropolo-classiq-shanghai-nanjing-road-walking-street-nanjing-hotel,Supplier,china,57
2114,854133,h-avenue-hotel-idae-sinchon,www.gother.com/th-th/hotels/south-korea/seoul/sinchon/h-avenue-hotel-idae-sinchon,south-korea/seoul/sinchon/h-avenue-hotel-idae-sinchon,Supplier,south-korea,57
122,2423,Beyond-Samui,www.gother.com/th-th/hotels/thailand/surat-thani/chaweng/beyond-samui,thailand/surat-thani/chaweng/beyond-samui,DIRECT,thailand,56
137,3831,riva-surya-bangkok-hotel,www.gother.com/th-th/hotels/thailand/bangkok/phra-nakhon/riva-surya-bangkok-hotel,thailand/bangkok/phra-nakhon/riva-surya-bangkok-hotel,DIRECT,thailand,56
1073,769461,b2-riverside-premier-hotel,www.gother.com/th-th/hotels/thailand/chiang-mai/muang-chiang-mai/b2-riverside-premier-hotel,thailand/chiang-mai/muang-chiang-mai/b2-riverside-premier-hotel,Supplier,thailand,56
1096,3188,nimman-mai-design-hotel-chiang-mai,www.gother.com/th-th/hotels/thailand/chiang-mai/nimmanhemin/nimman-mai-design-hotel-chiang-mai,thailand/chiang-mai/nimmanhemin/nimman-mai-design-hotel-chiang-mai,Supplier,thailand,56
1109,3908,royal-phuket-city-hotel,www.gother.com/th-th/hotels/thailand/phuket/muang-phuket/royal-phuket-city-hotel,thailand/phuket/muang-phuket/royal-phuket-city-hotel,Supplier,thailand,56
1117,843308,kiri-vari-art-gallaria,www.gother.com/th-th/hotels/thailand/nan/bo-kluea/kiri-vari-art-gallaria,thailand/nan/bo-kluea/kiri-vari-art-gallaria,Supplier,thailand,56
1132,188352,i-residence-hotel-silom,www.gother.com/th-th/hotels/thailand/bangkok/bang-rak/i-residence-hotel-silom,thailand/bangkok/bang-rak/i-residence-hotel-silom,Supplier,thailand,56
1136,841798,oriole-residence,www.gother.com/th-th/hotels/thailand/samut-prakarn/bang-phli/oriole-residence,thailand/samut-prakarn/bang-phli/oriole-residence,Supplier,thailand,56
1146,3722,pullman-phuket-panwa-beach-resort,www.gother.com/th-th/hotels/thailand/phuket/muang-phuket/pullman-phuket-panwa-beach-resort,thailand/phuket/muang-phuket/pullman-phuket-panwa-beach-resort,Supplier,thailand,56
1150,1057397,penthouse-pattaya,www.gother.com/th-th/hotels/thailand/rayong/ban-chang/penthouse-pattaya,thailand/chonburi/pattaya/penthouse-pattaya,Supplier,thailand,56
1355,850229,hotel-livemax-premium-sapporo-odorikoen,www.gother.com/th-th/hotels/japan/hokkaido/sapporo/hotel-livemax-premium-sapporo-odorikoen,japan/hokkaido/sapporo/hotel-livemax-premium-sapporo-odorikoen,Supplier,japan,56
1356,7007,premier-hotel-tsubaki-sapporo,www.gother.com/th-th/hotels/japan/hokkaido/sapporo/premier-hotel-tsubaki-sapporo,japan/hokkaido/sapporo/premier-hotel-tsubaki-sapporo,Supplier,japan,56
1360,6923,art-hotel-osaka-baytower,www.gother.com/th-th/hotels/japan/osaka/osaka/art-hotel-osaka-baytower,japan/osaka/osaka/art-hotel-osaka-baytower,Supplier,japan,56
1364,310757,hotel-mystays-maihama,www.gother.com/th-th/hotels/japan/chiba/urayasu/hotel-mystays-maihama,japan/chiba/urayasu/hotel-mystays-maihama,Supplier,japan,56
1366,7547,tokyo-ueno-new-izu-hotel,www.gother.com/th-th/hotels/japan/tokyo/taito/tokyo-ueno-new-izu-hotel,japan/tokyo/taito/tokyo-ueno-new-izu-hotel,Supplier,japan,56
1543,273,le-meridien-hong-kong-cyberport,www.gother.com/th-th/hotels/hong-kong/hong-kong/cyberport/le-meridien-hong-kong-cyberport,hong-kong/hong-kong/cyberport/le-meridien-hong-kong-cyberport,Supplier,hong-kong,56
1826,270720,jing-an-shangri-la,www.gother.com/th-th/hotels/china/shanghai/huangpu/jing-an-shangri-la,china/shanghai/huangpu/jing-an-shangri-la,Supplier,china,56
1828,8700,novotel-peace-beijing-hotel,www.gother.com/th-th/hotels/china/beijing/dongcheng/novotel-peace-beijing-hotel,china/beijing/dongcheng/novotel-peace-beijing-hotel,Supplier,china,56
45,402744,Apple-A-Day-Resort,www.gother.com/th-th/hotels/thailand/krabi/ao-nang-beach/apple-a-day-resort,thailand/krabi/ao-nang-beach/apple-a-day-resort,DIRECT,thailand,55
101,4295,springfield-village-golf-spa-555,www.gother.com/th-th/hotels/thailand/phetchaburi/cha-am/springfield-village-golf-spa,thailand/phetchaburi/cha-am/springfield-village-golf-spa-555,DIRECT,thailand,55
105,452216,best-western-plus-wanda-grand-hotel,www.gother.com/th-th/hotels/thailand/bangkok/asoke/best-western-plus-wanda-grand-hotel,thailand/bangkok/pak-kret/best-western-plus-wanda-grand-hotel,DIRECT,thailand,55
410,761041,Oceanfront-Beach-Resort,www.gother.com/th-th/hotels/thailand/phuket/patong/oceanfront-beach-resort,thailand/phuket/patong/oceanfront-beach-resort,DIRECT,thailand,55
1080,4295,springfield-village-golf-spa-555,www.gother.com/th-th/hotels/thailand/phetchaburi/cha-am/springfield-village-golf-spa,thailand/phetchaburi/cha-am/springfield-village-golf-spa-555,Supplier,thailand,55
1083,738895,rinrada-loft-resident,www.gother.com/th-th/hotels/thailand/chiang-mai/muang-chiang-mai/rinrada-loft-resident,thailand/chiang-mai/muang-chiang-mai/rinrada-loft-resident,Supplier,thailand,55
1086,774178,khanom-beach-resort-spa,www.gother.com/th-th/hotels/thailand/nakhon-si-thammarat/khanom/khanom-beach-resort-spa,thailand/nakhon-si-thammarat/khanom/khanom-beach-resort-spa,Supplier,thailand,55
1087,1029964,lannawild,www.gother.com/th-th/hotels/thailand/chiang-mai/mae-on/lannawild,thailand/chiang-mai/mae-on/lannawild,Supplier,thailand,55
1091,4181,siam-siam-design-hotel-bangkok,www.gother.com/th-th/hotels/thailand/bangkok/pathum-wan/siam-siam-design-hotel-bangkok,thailand/bangkok/pathum-wan/siam-siam-design-hotel-bangkok,Supplier,thailand,55
1094,3904,novotel-bangkok-sukhumvit-20,www.gother.com/th-th/hotels/thailand/bangkok/khlong-toei/novotel-bangkok-sukhumvit-20,thailand/bangkok/khlong-toei/novotel-bangkok-sukhumvit-20,Supplier,thailand,55
1098,1080480,moonlight-house,www.gother.com/th-th/hotels/south-korea/gyeongbuk-do/uljin/moonlight-house,thailand/nakhon-ratchasima/muang-nakhon-ratchasima/moonlight-house,Supplier,thailand,55
1110,760953,navakitel-design-hotel,www.gother.com/th-th/hotels/thailand/nakhon-si-thammarat/muang-nakhon-si-thammarat/navakitel-design-hotel,thailand/nakhon-si-thammarat/muang-nakhon-si-thammarat/navakitel-design-hotel,Supplier,thailand,55
1116,451804,the-journey-hotel-laksi,www.gother.com/th-th/hotels/thailand/bangkok/lak-si/the-journey-hotel-laksi,thailand/bangkok/lak-si/the-journey-hotel-laksi,Supplier,thailand,55
1119,847209,hotel-villa-aokhanom-beachfront,www.gother.com/th-th/hotels/thailand/nakhon-si-thammarat/khanom/hotel-villa-aokhanom-beachfront,thailand/nakhon-si-thammarat/khanom/hotel-villa-aokhanom-beachfront,Supplier,thailand,55
1121,1984,furamaxclusive-asoke-bangkok,www.gother.com/th-th/hotels/thailand/bangkok/watthana/furamaxclusive-asoke-bangkok,thailand/bangkok/watthana/furamaxclusive-asoke-bangkok,Supplier,thailand,55
1128,4587,the-imperial-river-house-resort,www.gother.com/th-th/hotels/thailand/chiang-rai/muang-chiang-rai/the-imperial-river-house-resort,thailand/chiang-rai/muang-chiang-rai/the-imperial-river-house-resort,Supplier,thailand,55
1134,192325,pearl-hotel-phuket,www.gother.com/th-th/hotels/thailand/phuket/muang-phuket/pearl-hotel-phuket,thailand/phuket/muang-phuket/pearl-hotel-phuket,Supplier,thailand,55
1135,843236,phunawa-resort-phuket-karon-beach,www.gother.com/th-th/hotels/thailand/phuket/karon-beach/phunawa-resort-phuket-karon-beach,thailand/phuket/karon-beach/phunawa-resort-phuket-karon-beach,Supplier,thailand,55
1161,1313,best-beach-villa,www.gother.com/th-th/hotels/thailand/chonburi/central-pattaya/best-beach-villa,thailand/chonburi/central-pattaya/best-beach-villa,Supplier,thailand,55
1358,782724,hotel-forza-sapporo-station,www.gother.com/th-th/hotels/japan/hokkaido/sapporo/hotel-forza-sapporo-station,japan/hokkaido/sapporo/hotel-forza-sapporo-station,Supplier,japan,55
1361,850812,the-onefive-osaka-namba-dotonbori,www.gother.com/th-th/hotels/japan/osaka/shinsaibashi/the-onefive-osaka-namba-dotonbori,japan/osaka/shinsaibashi/the-onefive-osaka-namba-dotonbori,Supplier,japan,55
1362,368572,tokyo-plaza-hotel,www.gother.com/th-th/hotels/japan/tokyo/shinjuku/tokyo-plaza-hotel,japan/tokyo/shinjuku/tokyo-plaza-hotel,Supplier,japan,55
1365,133508,comfort-hotel-yamagata,www.gother.com/th-th/hotels/japan/yamagata/yamagata/comfort-hotel-yamagata,japan/yamagata/yamagata/comfort-hotel-yamagata,Supplier,japan,55
1367,367855,sunshine-city-prince-hotel-ikebukuro-tokyo,www.gother.com/th-th/hotels/japan/tokyo/toshima/sunshine-city-prince-hotel-ikebukuro-tokyo,japan/tokyo/toshima/sunshine-city-prince-hotel-ikebukuro-tokyo,Supplier,japan,55
1371,188656,apa-hotel-namba-shinsaibashi,www.gother.com/th-th/hotels/japan/osaka/osaka/apa-hotel-namba-shinsaibashi,japan/osaka/osaka/apa-hotel-namba-shinsaibashi,Supplier,japan,55
1372,829942,the-b-ginza,www.gother.com/th-th/hotels/japan/tokyo/chuo/the-b-ginza,japan/tokyo/chuo/the-b-ginza,Supplier,japan,55
1377,7314,candeo-hotels-ueno-koen,www.gother.com/th-th/hotels/japan/tokyo/taito/candeo-hotels-ueno-koen,japan/tokyo/taito/candeo-hotels-ueno-koen,Supplier,japan,55
1545,321,park-hotel-hong-kong,www.gother.com/th-th/hotels/hong-kong/kowloon/tsim-sha-tsui/park-hotel-hong-kong,hong-kong/kowloon/tsim-sha-tsui/park-hotel-hong-kong,Supplier,hong-kong,55
1832,897027,jinglai-hotel-light-luxury-shanghai-bund-joy-city-branch,www.gother.com/th-th/hotels/china/shanghai/jing-an/jinglai-hotel-light-luxury-shanghai-bund-joy-city-branch,china/shanghai/jing-an/jinglai-hotel-light-luxury-shanghai-bund-joy-city-branch,Supplier,china,55
2105,53713,seokyo-hotel,www.gother.com/th-th/hotels/south-korea/seoul/mapo-gu/seokyo-hotel,south-korea/seoul/mapo-gu/seokyo-hotel,Supplier,south-korea,55
185,451827,Sea-Crest-by-Jomtien-Hotel,www.gother.com/th-th/hotels/thailand/chonburi/bang-lamung/sea-crest-by-jomtien-hotel,thailand/chonburi/bang-lamung/sea-crest-by-jomtien-hotel,DIRECT,thailand,54
224,758827,Borsaen-Villa,www.gother.com/th-th/hotels/thailand/phang-nga/thap-put/borsaen-villa,thailand/phang-nga/thap-put/borsaen-villa,DIRECT,thailand,54
327,326009,The-Sunreno-Hotel-Bangkok,www.gother.com/th-th/hotels/thailand/bangkok/bang-kho-laem/the-sunreno-hotel-bangkok,thailand/bangkok/bang-kho-laem/the-sunreno-hotel-bangkok,DIRECT,thailand,54
1092,191027,saii-phi-phi-island-village,www.gother.com/th-th/hotels/thailand/krabi/phi-phi/saii-phi-phi-island-village,thailand/krabi/phi-phi/saii-phi-phi-island-village,Supplier,thailand,54
1095,452580,the-one-residence-hotel,www.gother.com/th-th/hotels/thailand/bangkok/prawet/the-one-residence-hotel,thailand/bangkok/bang-na/the-one-residence-hotel,Supplier,thailand,54
1101,2253,ibis-phuket-patong,www.gother.com/th-th/hotels/thailand/phuket/patong/ibis-phuket-patong,thailand/phuket/patong/ibis-phuket-patong,Supplier,thailand,54
1127,841245,villa-escape-burasari,www.gother.com/th-th/hotels/thailand/phuket/muang-phuket/villa-escape-burasari,thailand/phuket/muang-phuket/villa-escape-burasari,Supplier,thailand,54
1145,838710,relo-the-urban-escape,www.gother.com/th-th/hotels/thailand/phetchaburi/cha-am/relo-the-urban-escape,thailand/phetchaburi/cha-am/relo-the-urban-escape,Supplier,thailand,54
1175,3240,centara-hotel-hat-yai,www.gother.com/th-th/hotels/thailand/songkhla/hat-yai/centara-hotel-hat-yai,thailand/songkhla/hat-yai/centara-hotel-hat-yai,Supplier,thailand,54
1184,452340,nana-chat-bangsaen-hotel,www.gother.com/th-th/hotels/thailand/chonburi/muang-chonburi/nana-chat-bangsaen-hotel,thailand/chonburi/bang-saen/nana-chat-bangsaen-hotel,Supplier,thailand,54
1193,843352,leaf-lake-kan-resort,www.gother.com/th-th/hotels/thailand/kanchanaburi/si-sawat/leaf-lake-kan-resort,thailand/kanchanaburi/si-sawat/leaf-lake-kan-resort,Supplier,thailand,54
1194,2043,trang-hotel-bangkok,www.gother.com/th-th/hotels/thailand/bangkok/phra-nakhon/trang-hotel-bangkok,thailand/bangkok/phra-nakhon/trang-hotel-bangkok,Supplier,thailand,54
1430,700989,hotel-jal-city-haneda-tokyo-west-wing,www.gother.com/th-th/hotels/japan/tokyo/taito/hotel-jal-city-haneda-tokyo-west-wing,japan/tokyo/taito/hotel-jal-city-haneda-tokyo-west-wing,Supplier,japan,54
1554,294,mini-central,www.gother.com/th-th/hotels/hong-kong/hong-kong/central-district/mini-central,hong-kong/hong-kong/central-district/mini-central,Supplier,hong-kong,54
1833,9188,grand-hyatt-shanghai,www.gother.com/th-th/hotels/china/shanghai/pudong/grand-hyatt-shanghai,china/shanghai/pudong/grand-hyatt-shanghai,Supplier,china,54
2113,56215,jw-marriott-hotel-seoul,www.gother.com/th-th/hotels/south-korea/seoul/seocho-gu/jw-marriott-hotel-seoul,south-korea/seoul/seocho-gu/jw-marriott-hotel-seoul,Supplier,south-korea,54
212,843356,Ruknam-Resort,www.gother.com/th-th/hotels/thailand/kanchanaburi/si-sawat/ruknam-resort,thailand/kanchanaburi/si-sawat/ruknam-resort,DIRECT,thailand,53
336,835632,VELA-Dhi-Udon-Thani,www.gother.com/th-th/hotels/thailand/udon-thani/muang-udon-thani/vela-dhi-udon-thani,thailand/udon-thani/muang-udon-thani/vela-dhi-udon-thani,DIRECT,thailand,53
1106,959434,shangri-la-hotel-bangkok,www.gother.com/th-th/hotels/thailand/bangkok/bang-rak/shangri-la-hotel-bangkok,thailand/bangkok/bang-rak/shangri-la-hotel-bangkok,Supplier,thailand,53
1113,3448,pattara-resort-spa,www.gother.com/th-th/hotels/thailand/phitsanulok/muang-phitsanulok/pattara-resort-spa,thailand/phitsanulok/muang-phitsanulok/pattara-resort-spa,Supplier,thailand,53
1120,482541,hip-hotel-bangkok,www.gother.com/th-th/hotels/thailand/bangkok/din-daeng/hip-hotel-bangkok,thailand/bangkok/din-daeng/hip-hotel-bangkok,Supplier,thailand,53
1124,842664,baancoconutkohlarn,www.gother.com/th-th/hotels/thailand/chonburi/koh-larn/baancoconutkohlarn,thailand/chonburi/koh-larn/baancoconutkohlarn,Supplier,thailand,53
1139,712924,koh-kood-paradise-beach,www.gother.com/th-th/hotels/thailand/trat/koh-kood/koh-kood-paradise-beach,thailand/trat/koh-kood/koh-kood-paradise-beach,Supplier,thailand,53
1144,4101,sc-park-hotel,www.gother.com/th-th/hotels/thailand/bangkok/wang-thonglang/sc-park-hotel,thailand/bangkok/wang-thonglang/sc-park-hotel,Supplier,thailand,53
1148,3752,rarinjinda-wellness-spa-resort,www.gother.com/th-th/hotels/thailand/chiang-mai/muang-chiang-mai/rarinjinda-wellness-spa-resort,thailand/chiang-mai/muang-chiang-mai/rarinjinda-wellness-spa-resort,Supplier,thailand,53
1157,843603,khao-lak-marriott-beach-resort-spa,www.gother.com/th-th/hotels/thailand/phang-nga/takua-pa/khao-lak-marriott-beach-resort-spa,thailand/phang-nga/takua-pa/khao-lak-marriott-beach-resort-spa,Supplier,thailand,53
1162,845683,b2-chiang-rai-boutique-budget,www.gother.com/th-th/hotels/thailand/chiang-rai/muang-chiang-rai/b2-chiang-rai-boutique-budget,thailand/chiang-rai/muang-chiang-rai/b2-chiang-rai-boutique-budget,Supplier,thailand,53
1163,252070,baan-din-ki,www.gother.com/th-th/hotels/thailand/chiang-mai/muang-chiang-mai/baan-din-ki,thailand/chiang-mai/muang-chiang-mai/baan-din-ki,Supplier,thailand,53
1182,835632,vela-dhi-udon-thani,www.gother.com/th-th/hotels/thailand/udon-thani/muang-udon-thani/vela-dhi-udon-thani,thailand/udon-thani/muang-udon-thani/vela-dhi-udon-thani,Supplier,thailand,53
1369,7465,ueno-first-city-hotel,www.gother.com/th-th/hotels/japan/tokyo/taito/ueno-first-city-hotel,japan/tokyo/taito/ueno-first-city-hotel,Supplier,japan,53
1370,67157,oriental-hotel-tokyo-bay,www.gother.com/th-th/hotels/japan/tokyo/meguro/oriental-hotel-tokyo-bay,japan/tokyo/shinjuku/oriental-hotel-tokyo-bay,Supplier,japan,53
1374,849613,hotel-groove-shinjuku-a-parkroyal-hotel,www.gother.com/th-th/hotels/japan/tokyo/shinjuku/hotel-groove-shinjuku-a-parkroyal-hotel,japan/tokyo/shinjuku/hotel-groove-shinjuku-a-parkroyal-hotel,Supplier,japan,53
1378,188662,apa-hotel-osaka-higobashi-ekimae,www.gother.com/th-th/hotels/japan/osaka/osaka/apa-hotel-osaka-higobashi-ekimae,japan/osaka/osaka/apa-hotel-osaka-higobashi-ekimae,Supplier,japan,53
1381,780812,hotel-resol-ueno,www.gother.com/th-th/hotels/japan/tokyo/taito/hotel-resol-ueno,japan/tokyo/taito/hotel-resol-ueno,Supplier,japan,53
1407,6948,the-onefive-osaka-sakaisuji,www.gother.com/th-th/hotels/japan/osaka/osaka/the-onefive-osaka-sakaisuji,japan/osaka/osaka/the-onefive-osaka-sakaisuji,Supplier,japan,53
1542,211,harbour-grand-hong-kong,www.gother.com/th-th/hotels/hong-kong/hong-kong/north-point/harbour-grand-hong-kong-hotel,hong-kong/hong-kong/north-point/harbour-grand-hong-kong,Supplier,hong-kong,53
1611,885767,ximen-le-room-hotel-kaifeng-taipei,www.gother.com/th-th/hotels/taiwan/taipei/taipei-main-station/ximen-le-room-hotel-kaifeng-taipei,taiwan/taipei/taipei-main-station/ximen-le-room-hotel-kaifeng-taipei,Supplier,taiwan,53
1847,897387,leleju-boutique-apartment,www.gother.com/th-th/hotels/china/shanghai/yangpu/leleju-boutique-apartment,china/shanghai/yangpu/leleju-boutique-apartment,Supplier,china,53
445,763290,Jasmine-59-Hotel-Bangkok,www.gother.com/th-th/hotels/thailand/bangkok/watthana/jasmine-59-hotel-bangkok,thailand/bangkok/watthana/jasmine-59-hotel-bangkok,DIRECT,thailand,52
1126,188370,the-st-regis-bangkok,www.gother.com/th-th/hotels/thailand/bangkok/pathum-wan/the-st-regis-bangkok,thailand/bangkok/pathum-wan/the-st-regis-bangkok,Supplier,thailand,52
1130,3886,royal-rattanakosin-hotel,www.gother.com/th-th/hotels/thailand/bangkok/phra-nakhon/royal-rattanakosin-hotel,thailand/bangkok/phra-nakhon/royal-rattanakosin-hotel,Supplier,thailand,52
1131,4545,the-blue-sky-resort-koh-payam,www.gother.com/th-th/hotels/thailand/ranong/koh-phayam/the-blue-sky-resort-koh-payam,thailand/ranong/koh-phayam/the-blue-sky-resort-koh-payam,Supplier,thailand,52
1133,651621,paree-hut-resort,www.gother.com/th-th/hotels/thailand/chonburi/ko-sichang/paree-hut-resort,thailand/chonburi/ko-sichang/paree-hut-resort,Supplier,thailand,52
1140,763290,jasmine-59-hotel-bangkok,www.gother.com/th-th/hotels/thailand/bangkok/watthana/jasmine-59-hotel-bangkok,thailand/bangkok/watthana/jasmine-59-hotel-bangkok,Supplier,thailand,52
1156,763565,modena-by-fraser-buriram,www.gother.com/th-th/hotels/thailand/buriram/muang-buriram/modena-by-fraser-buriram,thailand/buriram/muang-buriram/modena-by-fraser-buriram,Supplier,thailand,52
1165,12267,thavorn-beach-village-resort-spa-phuket,www.gother.com/th-th/hotels/thailand/phuket/kathu/thavorn-beach-village-resort-spa-phuket,thailand/phuket/kathu/thavorn-beach-village-resort-spa-phuket,Supplier,thailand,52
1167,766962,l-air-du-pran,www.gother.com/th-th/hotels/thailand/prachuap-khiri-khan/pran-buri/l-air-du-pran,thailand/prachuap-khiri-khan/pran-buri/l-air-du-pran,Supplier,thailand,52
1168,453860,khanom-cabana-beach-resort,www.gother.com/th-th/hotels/thailand/nakhon-si-thammarat/khanom/khanom-cabana-beach-resort,thailand/nakhon-si-thammarat/khanom/khanom-cabana-beach-resort,Supplier,thailand,52
1173,2117,haadtien-beach-resort,www.gother.com/th-th/hotels/thailand/surat-thani/koh-tao/haadtien-beach-resort,thailand/surat-thani/koh-tao/haadtien-beach-resort,Supplier,thailand,52
1179,3945,s31-sukhumvit-hotel,www.gother.com/th-th/hotels/thailand/bangkok/watthana/s31-sukhumvit-hotel,thailand/bangkok/watthana/s31-sukhumvit-hotel,Supplier,thailand,52
1180,144623,aleenta-hua-hin-pranburi-resort-and-spa,www.gother.com/th-th/hotels/thailand/prachuap-khiri-khan/pran-buri/aleenta-hua-hin-pranburi-resort-and-spa,thailand/prachuap-khiri-khan/pran-buri/aleenta-hua-hin-pranburi-resort-and-spa,Supplier,thailand,52
1183,3804,renaissance-phuket-resort-spa,www.gother.com/th-th/hotels/thailand/phuket/thalang/renaissance-phuket-resort-spa,thailand/phuket/thalang/renaissance-phuket-resort-spa,Supplier,thailand,52
1197,760624,raya-heritage,www.gother.com/th-th/hotels/thailand/chiang-mai/muang-chiang-mai/raya-heritage,thailand/chiang-mai/muang-chiang-mai/raya-heritage,Supplier,thailand,52
1368,850852,hotel-livemax-osaka-hommachi,www.gother.com/th-th/hotels/japan/osaka/shinsaibashi/hotel-livemax-osaka-hommachi,japan/osaka/shinsaibashi/hotel-livemax-osaka-hommachi,Supplier,japan,52
1373,792995,sanco-inn-grande-tokyo-hamamatsucho,www.gother.com/th-th/hotels/japan/tokyo/minato/sanco-inn-grande-tokyo-hamamatsucho,japan/tokyo/minato/sanco-inn-grande-tokyo-hamamatsucho,Supplier,japan,52
1376,783468,hotel-sobial-namba-daikokucho,www.gother.com/th-th/hotels/japan/osaka/osaka/hotel-sobial-namba-daikokucho,japan/osaka/osaka/hotel-sobial-namba-daikokucho,Supplier,japan,52
1413,248114,smile-hotel-tokyoayaseekimae,www.gother.com/th-th/hotels/japan/tokyo/katsushika/smile-hotel-tokyoayaseekimae,japan/tokyo/katsushika/smile-hotel-tokyoayaseekimae,Supplier,japan,52
1544,718237,iclub-to-kwa-wan-hotel-formerly-iclub-ma-tau-wai-hotel,www.gother.com/th-th/hotels/hong-kong/hong-kong/kowloon-city/iclub-to-kwa-wan-hotel,hong-kong/kowloon/mongkok/iclub-to-kwa-wan-hotel-formerly-iclub-ma-tau-wai-hotel,Supplier,hong-kong,52
1610,666081,courtyard-taipei,www.gother.com/th-th/hotels/taiwan/taipei/nangang/courtyard-taipei,taiwan/taipei/nangang/courtyard-taipei,Supplier,taiwan,52
1613,54179,regent-taipei,www.gother.com/th-th/hotels/taiwan/taipei/zhongshan/regent-taipei,taiwan/taipei/zhongshan/regent-taipei,Supplier,taiwan,52
2115,825091,travelodge-myeongdong-euljiro,www.gother.com/th-th/hotels/south-korea/seoul/jung-gu/travelodge-myeongdong-euljiro,south-korea/seoul/jung-gu/travelodge-myeongdong-euljiro,Supplier,south-korea,52
412,4979,Yaang-Come-Village-Hotel-Chiang-Mai,www.gother.com/th-th/hotels/thailand/chiang-mai/muang-chiang-mai/yaang-come-village-hotel-chiang-mai,thailand/chiang-mai/muang-chiang-mai/yaang-come-village-hotel-chiang-mai,DIRECT,thailand,51
463,758967,sirin-hotel-resident,www.gother.com/th-th/hotels/thailand/khon-kaen/muang-khon-kaen/sirin-hotel-resident,thailand/khon-kaen/muang-khon-kaen/sirin-hotel-resident,DIRECT,thailand,51
1142,670343,theatre-residence,www.gother.com/th-th/hotels/thailand/bangkok/bangkok-noi/theatre-residence,thailand/bangkok/bangkok-noi/theatre-residence,Supplier,thailand,51
1147,664368,rimnatee-resort-trang,www.gother.com/th-th/hotels/thailand/trang/muang-trang/rimnatee-resort-trang,thailand/trang/muang-trang/rimnatee-resort-trang,Supplier,thailand,51
1149,252278,red-planet-phuket-patong,www.gother.com/th-th/hotels/thailand/phuket/kathu/red-planet-phuket-patong,thailand/phuket/kathu/red-planet-phuket-patong,Supplier,thailand,51
1158,757879,issara-boutique-winery-hotel,www.gother.com/th-th/hotels/thailand/saraburi/muak-lek/issara-boutique-winery-hotel,thailand/saraburi/muak-lek/issara-boutique-winery-hotel,Supplier,thailand,51
1160,773489,bannaimong-treehouse,www.gother.com/th-th/hotels/thailand/ranong/muang-ranong/bannaimong-treehouse,thailand/ranong/muang-ranong/bannaimong-treehouse,Supplier,thailand,51
1166,757450,sichon-cabana-beach-resort,www.gother.com/th-th/hotels/thailand/nakhon-si-thammarat/sichon/sichon-cabana-beach-resort,thailand/nakhon-si-thammarat/sichon/sichon-cabana-beach-resort,Supplier,thailand,51
1178,4621,the-natural-resort,www.gother.com/th-th/hotels/thailand/phuket/patong/the-natural-resort,thailand/phuket/patong/the-natural-resort,Supplier,thailand,51
1190,4979,yaang-come-village-hotel-chiang-mai,www.gother.com/th-th/hotels/thailand/chiang-mai/muang-chiang-mai/yaang-come-village-hotel-chiang-mai,thailand/chiang-mai/muang-chiang-mai/yaang-come-village-hotel-chiang-mai,Supplier,thailand,51
1394,780876,hotel-wing-international-asahikawa-ekimae,www.gother.com/th-th/hotels/japan/hokkaido/asahikawa/hotel-wing-international-asahikawa-ekimae,japan/hokkaido/asahikawa/hotel-wing-international-asahikawa-ekimae,Supplier,japan,51
1615,560888,tomorrow-hotel,www.gother.com/th-th/hotels/taiwan/taipei/zhongzheng/tomorrow-hotel,taiwan/taipei/zhongzheng/tomorrow-hotel,Supplier,taiwan,51
1835,897046,the-shanghai-edition,www.gother.com/th-th/hotels/china/shanghai/huangpu/the-shanghai-edition,china/shanghai/huangpu/the-shanghai-edition,Supplier,china,51
1837,54986,grand-kempinski-hotel-shanghai,www.gother.com/th-th/hotels/china/shanghai/pudong/grand-kempinski-hotel-shanghai,china/shanghai/pudong/grand-kempinski-hotel-shanghai,Supplier,china,51
466,846974,Lub-d-Bangkok-Chinatown,www.gother.com/th-th/hotels/thailand/bangkok/phra-nakhon/lub-d-bangkok-chinatown,thailand/bangkok/phra-nakhon/lub-d-bangkok-chinatown,DIRECT,thailand,50
1169,325855,khaosok-boutique-camps,www.gother.com/th-th/hotels/thailand/surat-thani/phanom/khaosok-boutique-camps,thailand/surat-thani/phanom/khaosok-boutique-camps,Supplier,thailand,50
1170,759166,koh-mook-garden-beach-resort,www.gother.com/th-th/hotels/thailand/trang/kantang/koh-mook-garden-beach-resort,thailand/trang/kantang/koh-mook-garden-beach-resort,Supplier,thailand,50
1171,841682,hotel-noir,www.gother.com/th-th/hotels/thailand/chiang-mai/nimmanhemin/hotel-noir,thailand/chiang-mai/nimmanhemin/hotel-noir,Supplier,thailand,50
1174,958869,destinaation-patong-boutique-hotel-by-the-sea,www.gother.com/th-th/hotels/thailand/phuket/kathu/destinaation-patong-boutique-hotel-by-the-sea,thailand/phuket/patong/destinaation-patong-boutique-hotel-by-the-sea,Supplier,thailand,50
1181,221929,anantara-golden-triangle-elephant-camp-resort,www.gother.com/th-th/hotels/thailand/chiang-rai/chiang-saen/anantara-golden-triangle-elephant-camp-resort,thailand/chiang-rai/chiang-saen/anantara-golden-triangle-elephant-camp-resort,Supplier,thailand,50
1195,692518,grand-vista-hotel-chiangrai,www.gother.com/th-th/hotels/thailand/chiang-rai/muang-chiang-rai/grand-vista-hotel-chiangrai,thailand/chiang-rai/muang-chiang-rai/grand-vista-hotel-chiangrai,Supplier,thailand,50
1198,769618,mae-feak-villa,www.gother.com/th-th/hotels/thailand/chiang-mai/san-sai/mae-feak-villa,thailand/chiang-mai/san-sai/mae-feak-villa,Supplier,thailand,50
1375,6934,ark-hotel-osaka-shinsaibashi,www.gother.com/th-th/hotels/japan/osaka/osaka/ark-hotel-osaka-shinsaibashi,japan/osaka/osaka/ark-hotel-osaka-shinsaibashi,Supplier,japan,50
1383,777694,apa-hotel-ueno-inaricho-ekikita,www.gother.com/th-th/hotels/japan/tokyo/taito/apa-hotel-ueno-inaricho-ekikita,japan/tokyo/taito/apa-hotel-ueno-inaricho-ekikita,Supplier,japan,50
1385,133103,andaz-tokyo-toranomon-hills,www.gother.com/th-th/hotels/japan/tokyo/minato/andaz-tokyo-toranomon-hills,japan/tokyo/minato/andaz-tokyo-toranomon-hills,Supplier,japan,50
1388,849349,ele-hotel-higashi-ueno,www.gother.com/th-th/hotels/japan/tokyo/taito/ele-hotel-higashi-ueno,japan/tokyo/taito/ele-hotel-higashi-ueno,Supplier,japan,50
1841,9144,hilton-shanghai-hotel,www.gother.com/th-th/hotels/china/shanghai/hongkou/hilton-shanghai-hotel,china/shanghai/hongkou/hilton-shanghai-hotel,Supplier,china,50
210,741752,LE-TADA-RESIDENCE,www.gother.com/th-th/hotels/thailand/bangkok/ratchathewi/le-tada-residence,thailand/bangkok/ratchathewi/le-tada-residence,DIRECT,thailand,49
225,758659,Nantra-Chiang-Mai-Riverfront,www.gother.com/th-th/hotels/thailand/chiang-mai/muang-chiang-mai/nantra-chiang-mai-riverfront,thailand/chiang-mai/muang-chiang-mai/nantra-chiang-mai-riverfront,DIRECT,thailand,49
425,324469,The-Zign-Premium-Villa,www.gother.com/th-th/hotels/thailand/chonburi/pattaya/the-zign-premium-villa,thailand/chonburi/pattaya/the-zign-premium-villa,DIRECT,thailand,49
481,835807,Amethyst-Hotel-Pattaya,www.gother.com/th-th/hotels/thailand/chonburi/pattaya/amethyst-hotel-pattaya,thailand/chonburi/pattaya/amethyst-hotel-pattaya,DIRECT,thailand,49
1185,841631,maplewood-hotel-chiangmai,www.gother.com/th-th/hotels/thailand/chiang-mai/muang-chiang-mai/maplewood-hotel-chiangmai,thailand/chiang-mai/muang-chiang-mai/maplewood-hotel-chiangmai,Supplier,thailand,49
1187,757888,bunprasop-garden-hotel,www.gother.com/th-th/hotels/thailand/nakhon-si-thammarat/muang-nakhon-si-thammarat/bunprasop-garden-hotel,thailand/nakhon-si-thammarat/muang-nakhon-si-thammarat/bunprasop-garden-hotel,Supplier,thailand,49
1189,838344,b2-riverside-colonial-hotel,www.gother.com/th-th/hotels/thailand/chiang-mai/muang-chiang-mai/b2-riverside-colonial-hotel,thailand/chiang-mai/muang-chiang-mai/b2-riverside-colonial-hotel,Supplier,thailand,49
1380,6912,the-ritz-carlton-osaka,www.gother.com/th-th/hotels/japan/osaka/osaka/the-ritz-carlton-osaka,japan/osaka/osaka/the-ritz-carlton-osaka,Supplier,japan,49
1382,790911,hotel-dans-le-coeur-osaka-umeda,www.gother.com/th-th/hotels/japan/osaka/osaka/hotel-dans-le-coeur-osaka-umeda,japan/osaka/osaka/hotel-dans-le-coeur-osaka-umeda,Supplier,japan,49
1384,849523,apa-hotel-iidabashi-eki-minami,www.gother.com/th-th/hotels/japan/tokyo/chiyoda/apa-hotel-iidabashi-eki-minami,japan/tokyo/chiyoda/apa-hotel-iidabashi-eki-minami,Supplier,japan,49
1401,779220,hotel-wing-international-hakata-shinkansenguchi,www.gother.com/th-th/hotels/japan/fukuoka/hakata/hotel-wing-international-hakata-shinkansenguchi,japan/fukuoka/hakata/hotel-wing-international-hakata-shinkansenguchi,Supplier,japan,49
1403,849611,9h-nine-hours-woman-shinjuku-sleep-lab,www.gother.com/th-th/hotels/japan/tokyo/shinjuku/9h-nine-hours-woman-shinjuku-sleep-lab,japan/tokyo/shinjuku/9h-nine-hours-woman-shinjuku-sleep-lab,Supplier,japan,49
1409,779088,rhodes-kagurazaka-hotel,www.gother.com/th-th/hotels/japan/tokyo/shinjuku/rhodes-kagurazaka-hotel,japan/tokyo/shinjuku/rhodes-kagurazaka-hotel,Supplier,japan,49
1842,671882,green-court-residence-city-center-shanghai,www.gother.com/th-th/hotels/china/shanghai/huangpu/green-court-residence-city-center-shanghai,china/shanghai/huangpu/green-court-residence-city-center-shanghai,Supplier,china,49
32,188037,Hotel-De-Bangkok,www.gother.com/th-th/hotels/thailand/bangkok/pratunam/hotel-de-bangkok,thailand/bangkok/pratunam/hotel-de-bangkok,DIRECT,thailand,48
33,2747,le-charme-sukhothai,www.gother.com/th-th/hotels/thailand/sukhothai/muang-sukhothai/le-charme-sukhothai,thailand/sukhothai/muang-sukhothai/le-charme-sukhothai,DIRECT,thailand,48
91,2431,kantary-hotel-and-serviced-apartment-korat,www.gother.com/th-th/hotels/thailand/ayutthaya/uthai/kantary-hotel-ayutthaya,thailand/nakhon-ratchasima/muang-nakhon-ratchasima/kantary-hotel-and-serviced-apartment-korat,DIRECT,thailand,48
889,372988,Tolani-Resort-Kui-Buri,www.gother.com/th-th/hotels/thailand/prachuap-khiri-khan/kui-buri/tolani-resort-kui-buri,thailand/prachuap-khiri-khan/kui-buri/tolani-resort-kui-buri,DIRECT,thailand,48
1191,847062,sak-ka-ya,www.gother.com/th-th/hotels/thailand/tak/mae-sot/sak-ka-ya,thailand/tak/mae-sot/sak-ka-ya,Supplier,thailand,48
1192,769378,norn-nimman13-boutique-hotel-chiangmai,www.gother.com/th-th/hotels/thailand/chiang-mai/muang-chiang-mai/norn-nimman13-boutique-hotel-chiangmai,thailand/chiang-mai/muang-chiang-mai/norn-nimman13-boutique-hotel-chiangmai,Supplier,thailand,48
1199,770130,ducati-bike-box-hostel,www.gother.com/th-th/hotels/thailand/buriram/muang-buriram/ducati-bike-box-hostel,thailand/buriram/muang-buriram/ducati-bike-box-hostel,Supplier,thailand,48
1200,844416,chada-nakhon,www.gother.com/th-th/hotels/thailand/nakhon-si-thammarat/muang-nakhon-si-thammarat/chada-nakhon,thailand/nakhon-si-thammarat/muang-nakhon-si-thammarat/chada-nakhon,Supplier,thailand,48
1393,784358,hotel-hankyu-respire-osaka,www.gother.com/th-th/hotels/japan/osaka/kita/hotel-hankyu-respire-osaka,japan/osaka/kita/hotel-hankyu-respire-osaka,Supplier,japan,48
1402,788903,far-east-village-hotel-ariake-tokyo,www.gother.com/th-th/hotels/japan/tokyo/koto/far-east-village-hotel-ariake-tokyo,japan/tokyo/koto/far-east-village-hotel-ariake-tokyo,Supplier,japan,48
1416,755350,keio-presso-inn-tokyo-station-yaesu,www.gother.com/th-th/hotels/japan/tokyo/chuo/keio-presso-inn-tokyo-station-yaesu,japan/tokyo/chuo/keio-presso-inn-tokyo-station-yaesu,Supplier,japan,48
1443,62090,toyohotel,www.gother.com/th-th/hotels/japan/fukuoka/hakata/toyohotel,japan/fukuoka/hakata/toyohotel,Supplier,japan,48
1549,330,prudential-hotel,www.gother.com/th-th/hotels/hong-kong/kowloon/tsim-sha-tsui/prudential-hotel,hong-kong/kowloon/tsim-sha-tsui/prudential-hotel,Supplier,hong-kong,48
1553,380,kimberley-hotel,www.gother.com/th-th/hotels/hong-kong/kowloon/tsim-sha-tsui/kimberley-hotel,hong-kong/kowloon/tsim-sha-tsui/kimberley-hotel,Supplier,hong-kong,48
1614,837685,n-hotel,www.gother.com/th-th/hotels/taiwan/taipei/zhongzheng/n-hotel,taiwan/taipei/zhongzheng/n-hotel,Supplier,taiwan,48
2107,47377,sejong-hotel,www.gother.com/th-th/hotels/south-korea/seoul/jung-gu/sejong-hotel,south-korea/seoul/jung-gu/sejong-hotel,Supplier,south-korea,48
2110,824726,artravel-home,www.gother.com/th-th/hotels/south-korea/seoul/jung-gu/artravel-home,south-korea/seoul/jung-gu/artravel-home,Supplier,south-korea,48
153,841750,SureStay-by-Best-Western-Iconic-Ari-Jatujak,www.gother.com/th-th/hotels/thailand/bangkok/phaya-thai/surestay-by-best-western-iconic-ari-jatujak,thailand/bangkok/phaya-thai/surestay-by-best-western-iconic-ari-jatujak,DIRECT,thailand,47
334,1118515,The-Moment,www.gother.com/th-th/hotels/thailand/bangkok/phra-nakhon/the-moment,thailand/pathum-thani/khlong-luang/the-moment,DIRECT,thailand,47
1387,182264,hotel-monterey-kyoto,www.gother.com/th-th/hotels/japan/kyoto/nakagyo/hotel-monterey-kyoto,japan/kyoto/kyoto/hotel-monterey-kyoto,Supplier,japan,47
1391,850787,zone-shinsaibashi-west,www.gother.com/th-th/hotels/japan/osaka/shinsaibashi/zone-shinsaibashi-west,japan/osaka/shinsaibashi/zone-shinsaibashi-west,Supplier,japan,47
1395,850716,apa-hotel-resort-osaka-umeda-eki-tower,www.gother.com/th-th/hotels/japan/osaka/umeda/apa-hotel-resort-osaka-umeda-eki-tower,japan/osaka/umeda/apa-hotel-resort-osaka-umeda-eki-tower,Supplier,japan,47
1396,310609,vessel-inn-sapporo-nakajima-park,www.gother.com/th-th/hotels/japan/hokkaido/sapporo/vessel-inn-sapporo-nakajima-park,japan/hokkaido/sapporo/vessel-inn-sapporo-nakajima-park,Supplier,japan,47
1406,782375,apa-hotel-shin-osaka-ekimae,www.gother.com/th-th/hotels/japan/osaka/osaka/apa-hotel-shin-osaka-ekimae,japan/osaka/osaka/apa-hotel-shin-osaka-ekimae,Supplier,japan,47
1546,142,ramada-hong-kong-harbour-view,www.gother.com/th-th/hotels/hong-kong/hong-kong/hong-kong-island-west/ramada-hong-kong-harbour-view,hong-kong/hong-kong/hong-kong-island-west/ramada-hong-kong-harbour-view,Supplier,hong-kong,47
1547,128243,ibis-hong-kong-central-sheung-wan-hotel,www.gother.com/th-th/hotels/hong-kong/hong-kong/sheung-wan/ibis-hong-kong-central-sheung-wan-hotel,hong-kong/hong-kong/sheung-wan/ibis-hong-kong-central-sheung-wan-hotel,Supplier,hong-kong,47
1612,885741,star-ximen-hotel,www.gother.com/th-th/hotels/taiwan/taipei/ximending/star-ximen-hotel,taiwan/taipei/ximending/star-ximen-hotel,Supplier,taiwan,47
1839,969663,central-hotel-shanghai,www.gother.com/th-th/hotels/china/shanghai/huangpu/central-hotel-shanghai,china/shanghai/huangpu/central-hotel-shanghai,Supplier,china,47
1848,896567,toy-story-hotel,www.gother.com/th-th/hotels/china/shanghai/shanghai-int-l-tourism-resort-and-disney-land/toy-story-hotel,china/shanghai/shanghai-int-l-tourism-resort-and-disney-land/toy-story-hotel,Supplier,china,47
1852,395899,the-langham-shanghai-xintiandi,www.gother.com/th-th/hotels/china/shanghai/huangpu/the-langham-shanghai-xintiandi,china/shanghai/huangpu/the-langham-shanghai-xintiandi,Supplier,china,47
214,728916,De-Chai-the-Deco-Hotel,www.gother.com/th-th/hotels/thailand/chiang-mai/muang-chiang-mai/de-chai-the-deco-hotel,thailand/chiang-mai/muang-chiang-mai/de-chai-the-deco-hotel,DIRECT,thailand,46
346,533607,The-Rubber-Hotel-Phuket,www.gother.com/th-th/hotels/thailand/phuket/thalang/the-rubber-hotel-phuket,thailand/phuket/thalang/the-rubber-hotel-phuket,DIRECT,thailand,46
1386,849367,ueno,www.gother.com/th-th/hotels/japan/tokyo/taito/ueno,japan/tokyo/taito/ueno,Supplier,japan,46
1397,853069,toyoko-inn-tokyo-fuchu-nambu-sen-minami-tama-ekimae,www.gother.com/th-th/hotels/japan/tokyo/inagi/toyoko-inn-tokyo-fuchu-nambu-sen-minami-tama-ekimae,japan/tokyo/inagi/toyoko-inn-tokyo-fuchu-nambu-sen-minami-tama-ekimae,Supplier,japan,46
1405,674995,apa-hotel-sugamo-ekimae,www.gother.com/th-th/hotels/japan/tokyo/taito/apa-hotel-sugamo-ekimae,japan/tokyo/taito/apa-hotel-sugamo-ekimae,Supplier,japan,46
1410,849485,hop-inn-tokyo-asakusa,www.gother.com/th-th/hotels/japan/tokyo/taito/hop-inn-tokyo-asakusa,japan/tokyo/taito/hop-inn-tokyo-asakusa,Supplier,japan,46
1414,850609,hotel-shin-imamiya,www.gother.com/th-th/hotels/japan/osaka/namba/hotel-shin-imamiya,japan/osaka/namba/hotel-shin-imamiya,Supplier,japan,46
1843,8702,hilton-beijing-wangfujing,www.gother.com/th-th/hotels/china/beijing/dongcheng/hilton-beijing-wangfujing,china/beijing/dongcheng/hilton-beijing-wangfujing,Supplier,china,46
2106,825023,four-points-by-sheraton-josun-seoul-myeongdong,www.gother.com/th-th/hotels/south-korea/seoul/jung-gu/four-points-by-sheraton-josun-seoul-myeongdong,south-korea/seoul/jung-gu/four-points-by-sheraton-josun-seoul-myeongdong,Supplier,south-korea,46
129,188536,mida-hotel-ngamwongwan,www.gother.com/th-th/hotels/thailand/nonthaburi/muang-nonthaburi/mida-hotel-ngamwongwan,thailand/nonthaburi/muang-nonthaburi/mida-hotel-ngamwongwan,DIRECT,thailand,45
492,472398,Tanaosri-Resort,www.gother.com/th-th/hotels/thailand/prachuap-khiri-khan/pran-buri/tanaosri-resort-pranburi,thailand/prachuap-khiri-khan/pran-buri/tanaosri-resort,DIRECT,thailand,45
1339,819998,nihon-ryokan-utsuwa-beppu-kannawa,www.gother.com/th-th/hotels/japan/oita/beppu/nihon-ryokan-utsuwa-beppu-kannawa,japan/oita/beppu/nihonryokan-utsuwa-beppukannnawa,Supplier,japan,45
1392,819998,nihon-ryokan-utsuwa-beppu-kannawa,www.gother.com/th-th/hotels/japan/oita/beppu/nihon-ryokan-utsuwa-beppu-kannawa,japan/oita/beppu/nihon-ryokan-utsuwa-beppu-kannawa,Supplier,japan,45
1408,791072,the-royal-park-canvas-ginza-8,www.gother.com/th-th/hotels/japan/tokyo/chuo/the-royal-park-canvas-ginza-8,japan/tokyo/chuo/the-royal-park-canvas-ginza-8,Supplier,japan,45
1411,849624,ele-cabin-shinjuku-kabukicho,www.gother.com/th-th/hotels/japan/tokyo/shinjuku/ele-cabin-shinjuku-kabukicho,japan/tokyo/shinjuku/ele-cabin-shinjuku-kabukicho,Supplier,japan,45
1412,776865,takayama-ouan-hotel,www.gother.com/th-th/hotels/japan/gifu/takayama/takayama-ouan-hotel,japan/gifu/takayama/takayama-ouan-hotel,Supplier,japan,45
1417,311306,hotel-mystays-haneda,www.gother.com/th-th/hotels/japan/tokyo/ota/hotel-mystays-haneda,japan/tokyo/ota/hotel-mystays-haneda,Supplier,japan,45
1421,186193,hotel-chinzanso-tokyo,www.gother.com/th-th/hotels/japan/tokyo/bunkyo/hotel-chinzanso-tokyo,japan/tokyo/bunkyo/hotel-chinzanso-tokyo,Supplier,japan,45
1438,311332,hotel-mystays-asakusa-bashi,www.gother.com/th-th/hotels/japan/tokyo/taito/hotel-mystays-asakusa-bashi,japan/tokyo/taito/hotel-mystays-asakusa-bashi,Supplier,japan,45
1548,1074608,hop-inn-on-nathan-road,www.gother.com/th-th/hotels/china/guangdong/wailingding/hop-inn-on-nathan-road,hong-kong/hong-kong/tsim-sha-tsui/hop-inn-on-nathan-road,Supplier,hong-kong,45
1618,885707,airline-inn-taipei-ximen,www.gother.com/th-th/hotels/taiwan/taipei/zhongzheng-district/airline-inn-taipei-ximen,taiwan/taipei/zhongzheng-district/airline-inn-taipei-ximen,Supplier,taiwan,45
1840,9218,crowne-plaza-shanghai-xiayang-lake,www.gother.com/th-th/hotels/china/shanghai/qingpu/crowne-plaza-shanghai-xiayang-lake,china/shanghai/hongkou/crowne-plaza-shanghai-xiayang-lake,Supplier,china,45
1856,125460,ramada-by-wyndham-xi-an-bell-tower,www.gother.com/th-th/hotels/china/shaanxi/xian/ramada-by-wyndham-xi-an-bell-tower,china/shaanxi/xian/ramada-by-wyndham-xi-an-bell-tower,Supplier,china,45
88,2431,kantary-hotel-ayutthaya,www.gother.com/th-th/hotels/thailand/ayutthaya/uthai/kantary-hotel-ayutthaya,thailand/ayutthaya/uthai/kantary-hotel-ayutthaya,DIRECT,thailand,44
138,670557,Riva-Arun-Bangkok,www.gother.com/th-th/hotels/thailand/bangkok/bangkok-yai/riva-arun-bangkok,thailand/bangkok/bangkok-yai/riva-arun-bangkok,DIRECT,thailand,44
328,841418,Lavanda-Hotel-Chiang-Rai,www.gother.com/th-th/hotels/thailand/chiang-rai/muang-chiang-rai/lavanda-hotel-chiang-rai,thailand/chiang-rai/muang-chiang-rai/lavanda-hotel-chiang-rai,DIRECT,thailand,44
920,841357,Kantary-Hotel-Ban-Chang,www.gother.com/th-th/hotels/thailand/rayong/ban-chang/kantary-hotel-ban-chang,thailand/rayong/ban-chang/kantary-hotel-ban-chang,DIRECT,thailand,44
1398,6950,nest-hotel-osaka-shinsaibashi,www.gother.com/th-th/hotels/japan/osaka/osaka/nest-hotel-osaka-shinsaibashi,japan/osaka/osaka/nest-hotel-osaka-shinsaibashi,Supplier,japan,44
1400,6935,hotel-monterey-grasmere-osaka,www.gother.com/th-th/hotels/japan/osaka/osaka/hotel-monterey-grasmere-osaka,japan/osaka/osaka/hotel-monterey-grasmere-osaka,Supplier,japan,44
1404,6953,hotel-keihan-universal-tower,www.gother.com/th-th/hotels/japan/osaka/osaka/hotel-keihan-universal-tower,japan/osaka/osaka/hotel-keihan-universal-tower,Supplier,japan,44
1415,749044,apa-hotel-haneda-anamoriinari-ekimae,www.gother.com/th-th/hotels/japan/tokyo/taito/apa-hotel-haneda-anamoriinari-ekimae,japan/tokyo/taito/apa-hotel-haneda-anamoriinari-ekimae,Supplier,japan,44
1420,841200,mimaru-tokyo-ueno-north,www.gother.com/th-th/hotels/japan/tokyo/taito/mimaru-tokyo-ueno-north,japan/tokyo/taito/mimaru-tokyo-ueno-north,Supplier,japan,44
1429,188676,hotel-taiyo,www.gother.com/th-th/hotels/japan/osaka/osaka/hotel-taiyo,japan/osaka/osaka/hotel-taiyo,Supplier,japan,44
1461,310330,apa-hotel-asakusa-kuramae,www.gother.com/th-th/hotels/japan/tokyo/minato/apa-hotel-asakusa-kuramae,japan/tokyo/minato/apa-hotel-asakusa-kuramae,Supplier,japan,44
1422,186161,four-seasons-hotel-tokyo-at-marunouchi,www.gother.com/th-th/hotels/japan/tokyo/chiyoda/four-seasons-hotel-tokyo-at-marunouchi,japan/tokyo/chiyoda/four-seasons-hotel-tokyo-at-marunouchi,Supplier,japan,43
1423,849380,apa-hotel-asakusa-shin-okachimachi-ekimae,www.gother.com/th-th/hotels/japan/tokyo/taito/apa-hotel-asakusa-shin-okachimachi-ekimae,japan/tokyo/taito/apa-hotel-asakusa-shin-okachimachi-ekimae,Supplier,japan,43
1431,849354,book-tea-bed-shibuya,www.gother.com/th-th/hotels/japan/tokyo/shibuya/book-tea-bed-shibuya,japan/tokyo/shibuya/book-tea-bed-shibuya,Supplier,japan,43
1433,779299,9h-nine-hours-woman-kanda,www.gother.com/th-th/hotels/japan/tokyo/taito/9h-nine-hours-woman-kanda,japan/tokyo/taito/9h-nine-hours-woman-kanda,Supplier,japan,43
1494,133214,hotel-marutani,www.gother.com/th-th/hotels/japan/tokyo/taito/hotel-marutani,japan/tokyo/taito/hotel-marutani,Supplier,japan,43
1550,309,novotel-century-hong-kong,www.gother.com/th-th/hotels/hong-kong/hong-kong/wanchai/novotel-century-hong-kong,hong-kong/hong-kong/wanchai/novotel-century-hong-kong,Supplier,hong-kong,43
1616,164561,hotel-puri-ximen,www.gother.com/th-th/hotels/taiwan/taipei/wanhua-district/hotel-puri-ximen,taiwan/taipei/wanhua-district/hotel-puri-ximen,Supplier,taiwan,43
1844,865607,crowne-plaza-dujiangyan,www.gother.com/th-th/hotels/china/sichuan/dujiangyan/crowne-plaza-dujiangyan,china/sichuan/dujiangyan/crowne-plaza-dujiangyan,Supplier,china,43
1845,9277,the-qube-hotel-shanghai-pudong,www.gother.com/th-th/hotels/china/shanghai/pudong/the-qube-hotel-shanghai-pudong,china/shanghai/pudong/the-qube-hotel-shanghai-pudong,Supplier,china,43
1854,897037,yitel-premium-shanghai-people-s-square-nanjing-road-pedestrian-street,www.gother.com/th-th/hotels/china/shanghai/huangpu/yitel-premium-shanghai-people-s-square-nanjing-road-pedestrian-street,china/shanghai/huangpu/yitel-premium-shanghai-people-s-square-nanjing-road-pedestrian-street,Supplier,china,43
2108,737060,voco-seoul-myeongdong,www.gother.com/th-th/hotels/south-korea/seoul/jung-gu/voco-seoul-myeongdong,south-korea/seoul/jung-gu/voco-seoul-myeongdong,Supplier,south-korea,43
2109,190723,hotel-cozy-myeongdong,www.gother.com/th-th/hotels/south-korea/seoul/myeongdong/hotel-cozy-myeongdong,south-korea/seoul/myeong-dong/hotel-cozy-myeongdong,Supplier,south-korea,43
157,136973,Chatrium-Sathon-Bangkok,www.gother.com/th-th/hotels/thailand/bangkok/yan-nawa/chatrium-sathon-bangkok,thailand/bangkok/yan-nawa/chatrium-sathon-bangkok,DIRECT,thailand,42
174,847066,Phuping-Valley-Resort,www.gother.com/th-th/hotels/thailand/tak/muang-tak/phuping-valley-resort,thailand/tak/muang-tak/phuping-valley-resort,DIRECT,thailand,42
189,861096,Waree-Onsen-Resort,www.gother.com/th-th/hotels/thailand/lamphun/muang-lamphun/waree-onsen-resort,thailand/lamphun/muang-lamphun/waree-onsen-resort,DIRECT,thailand,42
217,659897,Chino-Town-Gallery-Alley,www.gother.com/th-th/hotels/thailand/phuket/muang-phuket/chino-town-gallery-alley,thailand/phuket/muang-phuket/chino-town-gallery-alley,DIRECT,thailand,42
1419,755407,shiki-no-yado-mt-fuji,www.gother.com/th-th/hotels/japan/yamanashi/minamitsuru/shiki-no-yado-mt-fuji,japan/yamanashi/minamitsuru/shiki-no-yado-mt-fuji,Supplier,japan,42
1424,678546,tokyo-ariake-bay-hotel,www.gother.com/th-th/hotels/japan/tokyo/chiyoda/tokyo-ariake-bay-hotel,japan/tokyo/chiyoda/tokyo-ariake-bay-hotel,Supplier,japan,42
1425,776101,shinagawa-prince-hotel-east-tower,www.gother.com/th-th/hotels/japan/tokyo/minato/shinagawa-prince-hotel-east-tower,japan/tokyo/minato/shinagawa-prince-hotel-east-tower,Supplier,japan,42
1426,776836,resol-poshtel-tokyo-asakusa,www.gother.com/th-th/hotels/japan/tokyo/taito/resol-poshtel-tokyo-asakusa,japan/tokyo/taito/resol-poshtel-tokyo-asakusa,Supplier,japan,42
1428,7518,hotel-lumiere-nishikasai,www.gother.com/th-th/hotels/japan/tokyo/edogawa/hotel-lumiere-nishikasai,japan/tokyo/edogawa/hotel-lumiere-nishikasai,Supplier,japan,42
1435,7498,hotel-route-inn-shinagawa-oimachi,www.gother.com/th-th/hotels/japan/tokyo/shinagawa/hotel-route-inn-shinagawa-oimachi,japan/tokyo/shinagawa/hotel-route-inn-shinagawa-oimachi,Supplier,japan,42
1436,787897,dormy-inn-osaka-natural-hot-springs-tanimachi,www.gother.com/th-th/hotels/japan/osaka/osaka/dormy-inn-osaka-natural-hot-springs-tanimachi,japan/osaka/osaka/dormy-inn-osaka-natural-hot-springs-tanimachi,Supplier,japan,42
1442,849189,akabane-holic-hotel,www.gother.com/th-th/hotels/japan/tokyo/kita/akabane-holic-hotel,japan/tokyo/kita/akabane-holic-hotel,Supplier,japan,42
1447,792339,remm-tokyo-kyobashi,www.gother.com/th-th/hotels/japan/tokyo/chuo/remm-tokyo-kyobashi,japan/tokyo/chuo/remm-tokyo-kyobashi,Supplier,japan,42
1448,782685,hotel-livemax-tokyo-ayase-ekima,www.gother.com/th-th/hotels/japan/tokyo/kita/hotel-livemax-tokyo-ayase-ekima,japan/tokyo/kita/hotel-livemax-tokyo-ayase-ekima,Supplier,japan,42
1454,133332,super-hotel-lohas-ikebukuro-eki-kitaguchi,www.gother.com/th-th/hotels/japan/tokyo/taito/super-hotel-lohas-ikebukuro-eki-kitaguchi,japan/tokyo/taito/super-hotel-lohas-ikebukuro-eki-kitaguchi,Supplier,japan,42
1455,7444,sotetsu-fresa-inn-higashi-shinjuku,www.gother.com/th-th/hotels/japan/tokyo/shinjuku/sotetsu-fresa-inn-higashi-shinjuku,japan/tokyo/shinjuku/sotetsu-fresa-inn-higashi-shinjuku,Supplier,japan,42
1555,187,dorsett-mongkok-hong-kong,www.gother.com/th-th/hotels/hong-kong/kowloon/tai-kok-tsui/dorsett-mongkok-hong-kong,hong-kong/kowloon/tai-kok-tsui/dorsett-mongkok-hong-kong,Supplier,hong-kong,42
1617,222157,hotel-riverview,www.gother.com/th-th/hotels/taiwan/taipei/wanhua/hotel-riverview,taiwan/taipei/wanhua/hotel-riverview,Supplier,taiwan,42
207,3529,Vacation-Village-Phra-Nang-Lanta,www.gother.com/th-th/hotels/thailand/krabi/koh-lanta/vacation-village-phra-nang-lanta,thailand/krabi/koh-lanta/vacation-village-phra-nang-lanta,DIRECT,thailand,41
220,451791,Ramada-by-Wyndham-Phuket-Deevana,www.gother.com/th-th/hotels/thailand/phuket/patong/ramada-by-wyndham-phuket-deevana,thailand/phuket/patong/ramada-by-wyndham-phuket-deevana,DIRECT,thailand,41
269,252080,sabai-sathorn-exclusive-hotel-service-apartment,www.gother.com/th-th/hotels/thailand/bangkok/bang-rak/sabai-sathorn-exclusive-hotel-service-apartment,thailand/bangkok/bang-rak/sabai-sathorn-exclusive-hotel-service-apartment,DIRECT,thailand,41
349,3458,Pattaya-Garden-Resort,www.gother.com/th-th/hotels/thailand/chonburi/north-pattaya/pattaya-garden-resort,thailand/chonburi/north-pattaya/pattaya-garden-resort,DIRECT,thailand,41
1418,707570,hotel-mystays-fuji-onsen-resort,www.gother.com/th-th/hotels/japan/yamanashi/minamitsuru/hotel-mystays-fuji-onsen-resort,japan/yamanashi/minamitsuru/hotel-mystays-fuji-onsen-resort,Supplier,japan,41
1427,779449,spring-garden-ueno3-minutes-from-ueno-park402,www.gother.com/th-th/hotels/japan/tokyo/bunkyo/spring-garden-ueno3-minutes-from-ueno-park402,japan/tokyo/bunkyo/spring-garden-ueno3-minutes-from-ueno-park402,Supplier,japan,41
1432,781825,apa-hotel-namba-minami-ebisucho-eki-shinsekai,www.gother.com/th-th/hotels/japan/osaka/osaka/apa-hotel-namba-minami-ebisucho-eki-shinsekai,japan/osaka/osaka/apa-hotel-namba-minami-ebisucho-eki-shinsekai,Supplier,japan,41
1439,7312,hotel-wing-international-premium-tokyo-yotsuya,www.gother.com/th-th/hotels/japan/tokyo/shinjuku/hotel-wing-international-premium-tokyo-yotsuya,japan/tokyo/shinjuku/hotel-wing-international-premium-tokyo-yotsuya,Supplier,japan,41
1440,849519,first-cabin-haneda-terminal-1,www.gother.com/th-th/hotels/japan/tokyo/ota/first-cabin-haneda-terminal-1,japan/tokyo/ota/first-cabin-haneda-terminal-1,Supplier,japan,41
1458,100297,hotel-livemax-budget-fuchu-annex,www.gother.com/th-th/hotels/japan/tokyo/fuchu/hotel-livemax-budget-fuchu-annex,japan/tokyo/fuchu/hotel-livemax-budget-fuchu-annex,Supplier,japan,41
1465,485784,kawaguchiko-station-inn,www.gother.com/th-th/hotels/japan/yamanashi/minamitsuru/kawaguchiko-station-inn,japan/yamanashi/minamitsuru/kawaguchiko-station-inn,Supplier,japan,41
1466,474104,hotel-mystays-asakusa,www.gother.com/th-th/hotels/japan/tokyo/sumida/hotel-mystays-asakusa,japan/tokyo/sumida/hotel-mystays-asakusa,Supplier,japan,41
1476,778884,yamate-rest-house-male-only,www.gother.com/th-th/hotels/japan/tokyo/shinjuku/yamate-rest-house-male-only,japan/tokyo/shinjuku/yamate-rest-house-male-only,Supplier,japan,41
1551,181,crowne-plaza-hong-kong-kowloon-east,www.gother.com/th-th/hotels/hong-kong/kowloon/tseung-kwan-o/crowne-plaza-hong-kong-kowloon-east,hong-kong/kowloon/tseung-kwan-o/crowne-plaza-hong-kong-kowloon-east,Supplier,hong-kong,41
1557,358,sheraton-hong-kong-hotel-towers,www.gother.com/th-th/hotels/hong-kong/kowloon/tsim-sha-tsui/sheraton-hong-kong-hotel-towers,hong-kong/kowloon/tsim-sha-tsui/sheraton-hong-kong-hotel-towers,Supplier,hong-kong,41
1846,661918,ji-hotel-shanghai-hongqiao-west-zhongshan-road,www.gother.com/th-th/hotels/china/shanghai/pudong/ji-hotel-shanghai-hongqiao-west-zhongshan-road,china/shanghai/pudong/ji-hotel-shanghai-hongqiao-west-zhongshan-road,Supplier,china,41
1881,375976,crowne-plaza-shanghai-nanjing-road,www.gother.com/th-th/hotels/china/shanghai/huangpu/crowne-plaza-shanghai-nanjing-road,china/shanghai/huangpu/crowne-plaza-shanghai-nanjing-road,Supplier,china,41
2111,645048,hotel-cappuccino-seoul,www.gother.com/th-th/hotels/south-korea/seoul/gangnam-gu/hotel-cappuccino-seoul,south-korea/seoul/gangnam-gu/hotel-cappuccino-seoul,Supplier,south-korea,41
183,763033,Asleep-by-Lantana,www.gother.com/th-th/hotels/thailand/chonburi/bang-lamung/asleep-by-lantana,thailand/chonburi/bang-lamung/asleep-by-lantana,DIRECT,thailand,40
310,846866,One-Sakon-Nakhon-Hotel,www.gother.com/th-th/hotels/thailand/sakon-nakhon/muang-sakon-nakhon/one-sakon-nakhon-hotel,thailand/sakon-nakhon/muang-sakon-nakhon/one-sakon-nakhon-hotel,DIRECT,thailand,40
332,1759,Estella-Phuket-Mai-Khao-Beach-Resort,www.gother.com/th-th/hotels/thailand/phuket/mai-khao/estella-phuket-mai-khao-beach-resort,thailand/phuket/mai-khao/estella-phuket-mai-khao-beach-resort,DIRECT,thailand,40
374,841773,Saan-Hotel-Sathorn,www.gother.com/th-th/hotels/thailand/bangkok/khlong-san/saan-hotel-sathorn,thailand/bangkok/khlong-san/saan-hotel-sathorn,DIRECT,thailand,40
857,196049,Tolani-Resort-Koh-Kood,www.gother.com/th-th/hotels/thailand/trat/koh-kood/tolani-resort-koh-kood,thailand/trat/koh-kood/tolani-resort-koh-kood,DIRECT,thailand,40
1445,7418,sotetsu-fresa-inn-hamamatsucho-daimon,www.gother.com/th-th/hotels/japan/tokyo/minato/sotetsu-fresa-inn-hamamatsucho-daimon,japan/tokyo/minato/sotetsu-fresa-inn-hamamatsucho-daimon,Supplier,japan,40
1446,783534,residence-hotel-takayama-station,www.gother.com/th-th/hotels/japan/gifu/takayama/residence-hotel-takayama-station,japan/gifu/takayama/residence-hotel-takayama-station,Supplier,japan,40
1449,102668,hotel-new-tohoku,www.gother.com/th-th/hotels/japan/tokyo/taito/hotel-new-tohoku,japan/tokyo/taito/hotel-new-tohoku,Supplier,japan,40
1451,311088,apa-hotel-higashi-nihonbashi-ekimae,www.gother.com/th-th/hotels/japan/tokyo/minato/apa-hotel-higashi-nihonbashi-ekimae,japan/tokyo/minato/apa-hotel-higashi-nihonbashi-ekimae,Supplier,japan,40
1452,849365,miiyavi-hotel,www.gother.com/th-th/hotels/japan/tokyo/taito/miiyavi-hotel,japan/tokyo/taito/miiyavi-hotel,Supplier,japan,40
1460,850504,bestie-by-doyanen,www.gother.com/th-th/hotels/japan/osaka/osaka-city-south/bestie-by-doyanen,japan/osaka/osaka-city-south/bestie-by-doyanen,Supplier,japan,40
1556,225,the-salisbury-ymca-of-hong-kong,www.gother.com/th-th/hotels/hong-kong/hong-kong/tsim-sha-tsui/the-salisbury-ymca-of-hong-kong,hong-kong/kowloon/yau-tsim-mong/the-salisbury-ymca-of-hong-kong,Supplier,hong-kong,40
1621,253536,green-world-zhonghua,www.gother.com/th-th/hotels/taiwan/taipei/zhongzheng-district/green-world-zhonghua,taiwan/taipei/zhongzheng/green-world-zhonghua,Supplier,taiwan,40
1855,897226,jinglai-hotel-shanghai-the-bund-people-s-square-branch,www.gother.com/th-th/hotels/china/shanghai/huangpu/jinglai-hotel-shanghai-the-bund-people-s-square-branch,china/shanghai/huangpu/jinglai-hotel-shanghai-the-bund-people-s-square-branch,Supplier,china,40
1,950946,Hotel-Gahn,www.gother.com/th-th/hotels/thailand/phang-nga/muang-phang-nga/hotel-gahn,thailand/phang-nga/khao-lak/hotel-gahn,DIRECT,thailand,39
60,759699,Diamond-Resort-Phuket,www.gother.com/th-th/hotels/thailand/phuket/thalang/diamond-resort-phuket,thailand/phuket/thalang/diamond-resort-phuket,DIRECT,thailand,39
119,843598,ananea-Beyond-Khaolak,www.gother.com/th-th/hotels/thailand/phang-nga/khao-lak/ananea-beyond-khaolak,thailand/phang-nga/khao-lak/ananea-beyond-khaolak,DIRECT,thailand,39
173,841288,phukalini-luxury-pool-villa-onsen,www.gother.com/th-th/hotels/thailand/prachuap-khiri-khan/hua-hin/phukalini-luxury-pool-villa-onsen,thailand/prachuap-khiri-khan/hua-hin/phukalini-luxury-pool-villa-onsen,DIRECT,thailand,39
242,763207,The-Humble-Villas,www.gother.com/th-th/hotels/thailand/surat-thani/koh-samui/the-humble-villas,thailand/surat-thani/koh-samui/the-humble-villas,DIRECT,thailand,39
283,841534,Lan-Na-Wild,www.gother.com/th-th/hotels/thailand/chiang-mai/mae-on/lan-na-wild,thailand/chiang-mai/mae-on/lan-na-wild,DIRECT,thailand,39
447,841189,La-Miniera-Pool-Villas-Pattaya,www.gother.com/th-th/hotels/thailand/chonburi/ban-bueng/la-miniera-pool-villas-pattaya,thailand/chonburi/ban-bueng/la-miniera-pool-villas-pattaya,DIRECT,thailand,39
453,327031,Lub-Sbuy-House-Hotel,www.gother.com/th-th/hotels/thailand/phuket/thalang/lub-sbuy-house-hotel,thailand/phuket/thalang/lub-sbuy-house-hotel,DIRECT,thailand,39
1434,186036,tokyo-bay-tokyu-hotel,www.gother.com/th-th/hotels/japan/tokyo/koto/tokyo-bay-ariake-washington-hotel,japan/chiba/urayasu/tokyo-bay-tokyu-hotel,Supplier,japan,39
1441,850764,bijou-suites-lieto-apm,www.gother.com/th-th/hotels/japan/osaka/bay-area/bijou-suites-lieto-apm,japan/osaka/bay-area/bijou-suites-lieto-apm,Supplier,japan,39
1444,7030,grand-mercure-sapporo-odori-park,www.gother.com/th-th/hotels/japan/hokkaido/sapporo/grand-mercure-sapporo-odori-park,japan/hokkaido/sapporo/grand-mercure-sapporo-odori-park,Supplier,japan,39
1450,787615,hotel-hillarys-shinsaibashi,www.gother.com/th-th/hotels/japan/osaka/osaka/hotel-hillarys-shinsaibashi,japan/osaka/osaka/hotel-hillarys-shinsaibashi,Supplier,japan,39
1453,133278,the-ritz-carlton-tokyo,www.gother.com/th-th/hotels/japan/tokyo/minato/the-ritz-carlton-tokyo,japan/tokyo/minato/the-ritz-carlton-tokyo,Supplier,japan,39
1456,186042,shinagawa-prince-hotel,www.gother.com/th-th/hotels/japan/tokyo/minato/shinagawa-prince-hotel,japan/tokyo/minato/shinagawa-prince-hotel,Supplier,japan,39
1457,132805,shin-osaka-esaka-tokyu-rei-hotel,www.gother.com/th-th/hotels/japan/osaka/osaka/shin-osaka-esaka-tokyu-rei-hotel,japan/osaka/osaka/shin-osaka-esaka-tokyu-rei-hotel,Supplier,japan,39
1464,735967,richmond-hotel-premier-asakusa-international,www.gother.com/th-th/hotels/japan/tokyo/taito/richmond-hotel-premier-asakusa-international,japan/tokyo/taito/richmond-hotel-premier-asakusa-international,Supplier,japan,39
1469,310870,shinjuku-kuyakusho-mae-capsule-hotel,www.gother.com/th-th/hotels/japan/tokyo/minato/shinjuku-kuyakusho-mae-capsule-hotel,japan/tokyo/minato/shinjuku-kuyakusho-mae-capsule-hotel,Supplier,japan,39
1471,6767,hotel-nikko-narita,www.gother.com/th-th/hotels/japan/chiba/narita/hotel-nikko-narita,japan/chiba/narita/hotel-nikko-narita,Supplier,japan,39
1483,643148,hotel-livemax-budget-kita-fuchu,www.gother.com/th-th/hotels/japan/tokyo/kokubunji/hotel-livemax-budget-kita-fuchu,japan/tokyo/kokubunji/hotel-livemax-budget-kita-fuchu,Supplier,japan,39
1552,834463,the-arca,www.gother.com/th-th/hotels/hong-kong/hong-kong/hong-kong-island-south/the-arca,hong-kong/hong-kong/hong-kong-island-south/the-arca,Supplier,hong-kong,39
1558,664059,harbour-bay-hotel,www.gother.com/th-th/hotels/hong-kong/kowloon/hung-hom/harbour-bay-hotel,hong-kong/kowloon/yau-tsim-mong/harbour-bay-hotel,Supplier,hong-kong,39
1559,269,cordis-hong-kong,www.gother.com/th-th/hotels/hong-kong/kowloon/mongkok/cordis-hong-kong,hong-kong/kowloon/mongkok/cordis-hong-kong,Supplier,hong-kong,39
2112,581632,coolzaam-guesthouse,www.gother.com/th-th/hotels/south-korea/gyeongsangbuk-do/gyeongju/coolzaam-guesthouse,south-korea/gyeongsangbuk-do/gyeongju/coolzaam-guesthouse,Supplier,south-korea,39
415,626199,Garden-Home-Kata,www.gother.com/th-th/hotels/thailand/phuket/kata-beach/garden-home-kata,thailand/phuket/kata-beach/garden-home-kata,DIRECT,thailand,38
495,1721,Column-Bangkok,www.gother.com/th-th/hotels/thailand/bangkok/khlong-toei/column-bangkok,thailand/bangkok/khlong-toei/column-bangkok,DIRECT,thailand,38
1463,779069,apa-hotel-tennoji-ekimae,www.gother.com/th-th/hotels/japan/osaka/osaka/apa-hotel-tennoji-ekimae,japan/osaka/osaka/apa-hotel-tennoji-ekimae,Supplier,japan,38
1470,7415,mitsui-garden-hotel-shiodome-italia-gai-tokyo,www.gother.com/th-th/hotels/japan/tokyo/minato/mitsui-garden-hotel-shiodome-italia-gai-tokyo,japan/tokyo/minato/mitsui-garden-hotel-shiodome-italia-gai-tokyo,Supplier,japan,38
1477,368780,tokyo-green-palace-hotel,www.gother.com/th-th/hotels/japan/tokyo/chiyoda/tokyo-green-palace-hotel,japan/tokyo/chiyoda/tokyo-green-palace-hotel,Supplier,japan,38
1480,7063,hotel-mystays-sapporo-station,www.gother.com/th-th/hotels/japan/hokkaido/sapporo/hotel-mystays-sapporo-station,japan/hokkaido/sapporo/hotel-mystays-sapporo-station,Supplier,japan,38
1495,788874,hotel-select-inn-shikoku-chuo,www.gother.com/th-th/hotels/japan/ehime/shikokuchuo/hotel-select-inn-shikoku-chuo,japan/ehime/shikokuchuo/hotel-select-inn-shikoku-chuo,Supplier,japan,38
1564,194498,mk-stay-formerly-hotel-mk,www.gother.com/th-th/hotels/hong-kong/kowloon/mongkok/mk-stay-formerly-hotel-mk,hong-kong/kowloon/mongkok/mk-stay-formerly-hotel-mk,Supplier,hong-kong,38
1619,685146,watermark-hotel-kaohsiung-main-station,www.gother.com/th-th/hotels/taiwan/kaohsiung/sanmin-district/watermark-hotel-kaohsiung-main-station,taiwan/kaohsiung/sanmin-district/watermark-hotel-kaohsiung-main-station,Supplier,taiwan,38
1620,675065,hotel-relax-5,www.gother.com/th-th/hotels/taiwan/taipei/zhongzheng/hotel-relax-5,taiwan/taipei/zhongzheng/hotel-relax-5,Supplier,taiwan,38
1631,885784,meworld-hotel-taipei-main-station,www.gother.com/th-th/hotels/taiwan/taipei/taipei-main-station/meworld-hotel-taipei-main-station,taiwan/taipei/taipei-main-station/meworld-hotel-taipei-main-station,Supplier,taiwan,38
1849,9201,sky-fortune-boutique-hotel,www.gother.com/th-th/hotels/china/shanghai/minhang/sky-fortune-boutique-hotel,china/shanghai/minhang/sky-fortune-boutique-hotel,Supplier,china,38
1853,51510,jinling-purple-mountain-hotel-shanghai,www.gother.com/th-th/hotels/china/shanghai/pudong/jinling-purple-mountain-hotel-shanghai,china/shanghai/pudong/jinling-purple-mountain-hotel-shanghai,Supplier,china,38
1857,271352,shanghai-fish-inn-bund,www.gother.com/th-th/hotels/china/shanghai/huangpu/shanghai-fish-inn-bund,china/shanghai/huangpu/shanghai-fish-inn-bund,Supplier,china,38
419,4997,Z-Through-By-The-Zign-Hotel,www.gother.com/th-th/hotels/thailand/chonburi/north-pattaya/z-through-by-the-zign-hotel,thailand/chonburi/north-pattaya/z-through-by-the-zign-hotel,DIRECT,thailand,37
435,652612,Thai-Garden-Resort,www.gother.com/th-th/hotels/thailand/bangkok/bueng-kum/thai-garden-resort,thailand/chonburi/north-pattaya/thai-garden-resort,DIRECT,thailand,37
1462,7005,smile-hotel-osaka-yotsuhashi,www.gother.com/th-th/hotels/japan/osaka/osaka/smile-hotel-osaka-yotsuhashi,japan/osaka/osaka/smile-hotel-osaka-yotsuhashi,Supplier,japan,37
1467,755277,four-points-flex-by-sheraton-osaka-shinsaibashi,www.gother.com/th-th/hotels/japan/osaka/osaka/four-points-flex-by-sheraton-osaka-shinsaibashi,japan/osaka/osaka/four-points-flex-by-sheraton-osaka-shinsaibashi,Supplier,japan,37
1468,818400,apa-hotelasakusa-ekimaenon-smoking-rooms,www.gother.com/th-th/hotels/japan/tokyo/taito/apa-hotelasakusa-ekimaenon-smoking-rooms,japan/tokyo/taito/apa-hotelasakusa-ekimaenon-smoking-rooms,Supplier,japan,37
1474,777940,do-c-shibuya-ebisu,www.gother.com/th-th/hotels/japan/tokyo/tama/do-c-shibuya-ebisu,japan/tokyo/tama/do-c-shibuya-ebisu,Supplier,japan,37
1479,784271,apa-hotel-resort-nishishinjuku-gochome-eki-tower,www.gother.com/th-th/hotels/japan/tokyo/shibuya/apa-hotel-resort-nishishinjuku-gochome-eki-tower,japan/tokyo/shibuya/apa-hotel-resort-nishishinjuku-gochome-eki-tower,Supplier,japan,37
1481,366437,remm-hibiya,www.gother.com/th-th/hotels/japan/tokyo/chiyoda/remm-hibiya,japan/tokyo/chiyoda/remm-hibiya,Supplier,japan,37
1488,849381,tokyo-ueno-touganeya-hotel,www.gother.com/th-th/hotels/japan/tokyo/taito/tokyo-ueno-touganeya-hotel,japan/tokyo/taito/tokyo-ueno-touganeya-hotel,Supplier,japan,37
1851,271351,jinjiang-inn-quanzhou-wenling-north-road-zhonglou,www.gother.com/th-th/hotels/china/fujian/quanzhou/jinjiang-inn-quanzhou-wenling-north-road-zhonglou,china/guangdong/guangzhou/jinjiang-inn-quanzhou-wenling-north-road-zhonglou,Supplier,china,37
1858,9387,grand-mercure-xian-on-renmin-square,www.gother.com/th-th/hotels/china/shaanxi/xian/grand-mercure-xian-on-renmin-square,china/shaanxi/xian/grand-mercure-xian-on-renmin-square,Supplier,china,37
1860,896986,ji-hotel-shanghai-people-s-square-fujian-middle-road,www.gother.com/th-th/hotels/china/shanghai/people-square-and-south-bund-huangpu/ji-hotel-shanghai-people-s-square-fujian-middle-road,china/shanghai/people-square-and-south-bund-huangpu/ji-hotel-shanghai-people-s-square-fujian-middle-road,Supplier,china,37
264,763027,Mai-Hotel,www.gother.com/th-th/hotels/thailand/chiang-mai/muang-chiang-mai/mai-hotel,thailand/chiang-mai/muang-chiang-mai/mai-hotel,DIRECT,thailand,36
416,843233,touch-sea-boutique-hotel-bistro,www.gother.com/th-th/hotels/thailand/phuket/muang-phuket/touch-sea-boutique-hotel-bistro,thailand/phuket/muang-phuket/touch-sea-boutique-hotel-bistro,DIRECT,thailand,36
1472,100192,hotel-livemax-esaka,www.gother.com/th-th/hotels/japan/osaka/suita/hotel-livemax-esaka,japan/osaka/suita/hotel-livemax-esaka,Supplier,japan,36
1473,792786,ikebukuro,www.gother.com/th-th/hotels/japan/tokyo/toshima/ikebukuro,japan/tokyo/toshima/ikebukuro,Supplier,japan,36
1475,850264,wyndham-garden-sapporo-odori,www.gother.com/th-th/hotels/japan/hokkaido/sapporo/wyndham-garden-sapporo-odori,japan/hokkaido/sapporo/wyndham-garden-sapporo-odori,Supplier,japan,36
1484,781914,henn-na-hotel-tokyo-ginza,www.gother.com/th-th/hotels/japan/tokyo/chuo/henn-na-hotel-tokyo-ginza,japan/tokyo/chuo/henn-na-hotel-tokyo-ginza,Supplier,japan,36
1485,501643,hotel-kaga,www.gother.com/th-th/hotels/japan/osaka/osaka/hotel-kaga,japan/osaka/osaka/hotel-kaga,Supplier,japan,36
1486,133164,hotel-ginza-daiei,www.gother.com/th-th/hotels/japan/tokyo/ginza/hotel-ginza-daiei,japan/tokyo/ginza/hotel-ginza-daiei,Supplier,japan,36
1487,783573,apa-hotel-tkp-tokyo-nishikasai,www.gother.com/th-th/hotels/japan/tokyo/taito/apa-hotel-tkp-tokyo-nishikasai,japan/tokyo/taito/apa-hotel-tkp-tokyo-nishikasai,Supplier,japan,36
1489,7387,shibuya-excel-hotel-tokyu,www.gother.com/th-th/hotels/japan/tokyo/shibuya/shibuya-excel-hotel-tokyu,japan/tokyo/shibuya/shibuya-excel-hotel-tokyu,Supplier,japan,36
1490,851239,smile-hotel-premium-kanazawa-higashiguchi-ekimae,www.gother.com/th-th/hotels/japan/ishikawa/kanazawa/smile-hotel-premium-kanazawa-higashiguchi-ekimae,japan/ishikawa/kanazawa/smile-hotel-premium-kanazawa-higashiguchi-ekimae,Supplier,japan,36
1492,781874,hotel-wing-international-select-osaka-umeda,www.gother.com/th-th/hotels/japan/osaka/osaka/hotel-wing-international-select-osaka-umeda,japan/osaka/osaka/hotel-wing-international-select-osaka-umeda,Supplier,japan,36
1570,834414,page148-page-hotel,www.gother.com/th-th/hotels/hong-kong/kowloon/tsim-sha-tsui/page148-page-hotel,hong-kong/kowloon/tsim-sha-tsui/page148-page-hotel,Supplier,hong-kong,36
1572,226657,holiday-inn-express-causeway-bay-hong-kong,www.gother.com/th-th/hotels/hong-kong/hong-kong/causeway-bay/holiday-inn-express-causeway-bay-hong-kong,hong-kong/hong-kong/causeway-bay/holiday-inn-express-causeway-bay-hong-kong,Supplier,hong-kong,36
1622,223213,hyatt-regency-taoyuan-international-airport,www.gother.com/th-th/hotels/taiwan/taoyuan/dayuan/hyatt-regency-taoyuan-international-airport,taiwan/taoyuan/dayuan/hyatt-regency-taoyuan-international-airport,Supplier,taiwan,36
1626,885724,c-j-hotel,www.gother.com/th-th/hotels/taiwan/taipei/wanhua-district/c-j-hotel,taiwan/taipei/wanhua-district/c-j-hotel,Supplier,taiwan,36
2117,312160,w-mini-hotel,www.gother.com/th-th/hotels/south-korea/seoul/seongbuk-gu/w-mini-hotel,south-korea/seoul/seongbuk-gu/w-mini-hotel,Supplier,south-korea,36
2139,73962,hotel-homers,www.gother.com/th-th/hotels/south-korea/busan/suyeong-gu/hotel-homers,south-korea/busan/suyeong-gu/hotel-homers,Supplier,south-korea,36
248,767651,Krabi-SeaBass-Hotel,www.gother.com/th-th/hotels/thailand/krabi/muang-krabi/krabi-seabass-hotel,thailand/krabi/muang-krabi/krabi-seabass-hotel,DIRECT,thailand,35
1561,242,ibis-hong-kong-north-point,www.gother.com/th-th/hotels/hong-kong/hong-kong/north-point/ibis-hong-kong-north-point,hong-kong/hong-kong/north-point/ibis-hong-kong-north-point,Supplier,hong-kong,35
1563,298,nathan-hotel,www.gother.com/th-th/hotels/hong-kong/kowloon/yau-ma-tei/nathan-hotel,hong-kong/kowloon/yau-ma-tei/nathan-hotel,Supplier,hong-kong,35
1566,337,iclub-wan-chai-hotel,www.gother.com/th-th/hotels/hong-kong/hong-kong/wanchai/iclub-wan-chai-hotel,hong-kong/hong-kong/wanchai/iclub-wan-chai-hotel,Supplier,hong-kong,35
1623,164615,east-dragon-hotel,www.gother.com/th-th/hotels/taiwan/taipei/wanhua-district/east-dragon-hotel,taiwan/taipei/wanhua/east-dragon-hotel,Supplier,taiwan,35
1850,9228,pullman-shanghai-jingan,www.gother.com/th-th/hotels/china/shanghai/jing-an/pullman-shanghai-jingan,china/shanghai/jing-an/pullman-shanghai-jingan,Supplier,china,35
2116,646454,hongdae-guesthouse,www.gother.com/th-th/hotels/south-korea/seoul/myeongdong/hongdae-guesthouse,south-korea/seoul/myeongdong/hongdae-guesthouse,Supplier,south-korea,35
2118,312040,lotte-hotel-seoul,www.gother.com/th-th/hotels/south-korea/seoul/jung-gu/lotte-hotel-seoul,south-korea/seoul/jung-gu/lotte-hotel-seoul,Supplier,south-korea,35
195,451775,Proud-Phuket,www.gother.com/th-th/hotels/thailand/phuket/thalang/proud-phuket,thailand/phuket/thalang/proud-phuket,DIRECT,thailand,34
338,190899,lanta-sand-resort-spa,www.gother.com/th-th/hotels/thailand/krabi/koh-lanta/lanta-sand-resort-spa,thailand/krabi/koh-lanta/lanta-sand-resort-spa,DIRECT,thailand,34
351,772280,Little-Shelter-Hotel-Chiang-Mai,www.gother.com/th-th/hotels/thailand/chiang-mai/muang-chiang-mai/little-shelter-hotel-chiang-mai,thailand/chiang-mai/muang-chiang-mai/little-shelter-hotel-chiang-mai,DIRECT,thailand,34
1478,7364,the-prince-park-tower-tokyo,www.gother.com/th-th/hotels/japan/tokyo/minato/the-prince-park-tower-tokyo-preferred-hotels-resorts-lvx-collection,japan/tokyo/minato/the-prince-park-tower-tokyo,Supplier,japan,34
1482,829866,monday-apart-premium-ueno,www.gother.com/th-th/hotels/japan/tokyo/taito/monday-apart-premium-ueno,japan/tokyo/taito/monday-apart-premium-ueno,Supplier,japan,34
1499,6990,shin-osaka-sunny-stone-hotel,www.gother.com/th-th/hotels/japan/osaka/osaka/shin-osaka-sunny-stone-hotel,japan/osaka/osaka/shin-osaka-sunny-stone-hotel,Supplier,japan,34
1500,786033,mitsui-garden-hotel-gotanda-tokyo,www.gother.com/th-th/hotels/japan/tokyo/shinagawa/mitsui-garden-hotel-gotanda-tokyo,japan/tokyo/shinagawa/mitsui-garden-hotel-gotanda-tokyo,Supplier,japan,34
1560,387,the-park-lane-hong-kong-autograph-collection,www.gother.com/th-th/hotels/hong-kong/hong-kong/causeway-bay/the-park-lane-hong-kong-autograph-collection,hong-kong/hong-kong/causeway-bay/the-park-lane-hong-kong-autograph-collection,Supplier,hong-kong,34
1562,763513,the-president-hotel-at-chokchai-4,www.gother.com/th-th/hotels/thailand/bangkok/lat-phrao/the-president-hotel-at-chokchai-4,hong-kong/kowloon/yau-tsim-mong/the-president-hotel-at-chokchai-4,Supplier,hong-kong,34
1862,897245,atour-hotel-shanghai-bund-east-nanjing-road,www.gother.com/th-th/hotels/china/shanghai/huangpu/atour-hotel-shanghai-bund-east-nanjing-road,china/shanghai/huangpu/atour-hotel-shanghai-bund-east-nanjing-road,Supplier,china,34
1869,124508,chimelong,www.gother.com/th-th/hotels/china/guangdong/guangzhou/chimelong,china/guangdong/guangzhou/chimelong,Supplier,china,34
38,1723,Comsaed-River-Kwai-Resort,www.gother.com/th-th/hotels/thailand/kanchanaburi/muang-kanchanaburi/comsaed-river-kwai-resort,thailand/kanchanaburi/muang-kanchanaburi/comsaed-river-kwai-resort,DIRECT,thailand,33
294,137190,Pas-Cher-Hotel-De-Bangkok,www.gother.com/th-th/hotels/thailand/bangkok/bang-rak/pas-cher-hotel-de-bangkok,thailand/bangkok/bang-rak/pas-cher-hotel-de-bangkok,DIRECT,thailand,33
1491,5680,kozantei-ubuya,www.gother.com/th-th/hotels/japan/yamanashi/minamitsuru/kozantei-ubuya,japan/yamanashi/minamitsuru/kozantei-ubuya,Supplier,japan,33
1493,5246,hotel-shoho,www.gother.com/th-th/hotels/japan/nagano/matsumoto/hotel-shoho,japan/nagano/matsumoto/hotel-shoho,Supplier,japan,33
1496,850610,checkinn-osaka-shinimamiya,www.gother.com/th-th/hotels/japan/osaka/namba/checkinn-osaka-shinimamiya,japan/osaka/namba/checkinn-osaka-shinimamiya,Supplier,japan,33
1497,186036,tokyo-bay-ariake-washington-hotel,www.gother.com/th-th/hotels/japan/tokyo/koto/tokyo-bay-ariake-washington-hotel,japan/tokyo/koto/tokyo-bay-ariake-washington-hotel,Supplier,japan,33
1498,782980,voga-corte-chidoricho,www.gother.com/th-th/hotels/japan/tokyo/taito/voga-corte-chidoricho,japan/tokyo/taito/voga-corte-chidoricho,Supplier,japan,33
1565,280,mandarin-oriental-hong-kong,www.gother.com/th-th/hotels/hong-kong/hong-kong/central-district/mandarin-oriental-hong-kong,hong-kong/hong-kong/central-district/mandarin-oriental-hong-kong,Supplier,hong-kong,33
1569,226653,crowne-plaza-hong-kong-causeway-bay,www.gother.com/th-th/hotels/hong-kong/hong-kong/causeway-bay/crowne-plaza-hong-kong-causeway-bay,hong-kong/hong-kong/causeway-bay/crowne-plaza-hong-kong-causeway-bay,Supplier,hong-kong,33
1625,692369,caesar-metro-taipei,www.gother.com/th-th/hotels/taiwan/taipei/zhongzheng/caesar-metro-taipei,taiwan/taipei/zhongzheng/caesar-metro-taipei,Supplier,taiwan,33
1865,534718,chengdu-flipflop-lounge-hostel,www.gother.com/th-th/hotels/china/sichuan/chengdu/chengdu-flipflop-lounge-hostel,china/sichuan/chengdu/chengdu-flipflop-lounge-hostel,Supplier,china,33
257,2985,Miami-Hotel-Bangkok,www.gother.com/th-th/hotels/thailand/bangkok/watthana/miami-hotel-bangkok,thailand/bangkok/watthana/miami-hotel-bangkok,DIRECT,thailand,32
278,769489,sino-thungsong-hotel,www.gother.com/th-th/hotels/thailand/nakhon-si-thammarat/thung-song/sino-thungsong-hotel,thailand/nakhon-si-thammarat/thung-song/sino-thungsong-hotel,DIRECT,thailand,32
500,759667,Sooknirund-Hotel,www.gother.com/th-th/hotels/thailand/chiang-rai/muang-chiang-rai/sooknirund-hotel,thailand/chiang-rai/muang-chiang-rai/sooknirund-hotel,DIRECT,thailand,32
1634,330064,fun-inn-taipei,www.gother.com/th-th/hotels/taiwan/taipei/zhongzheng/fun-inn-taipei,taiwan/taipei/zhongzheng/fun-inn-taipei,Supplier,taiwan,32
1859,862196,ssaw-garden-hotel-beijing,www.gother.com/th-th/hotels/china/beijing/dongcheng/ssaw-garden-hotel-beijing,china/beijing/dongcheng/ssaw-garden-hotel-beijing,Supplier,china,32
1861,721854,crowne-plaza-resort-changbaishan-hot-spring,www.gother.com/th-th/hotels/china/jilin/baishan/crowne-plaza-resort-changbaishan-hot-spring,china/jilin/baishan/crowne-plaza-resort-changbaishan-hot-spring,Supplier,china,32
1868,374015,the-eton-hotel-shanghai,www.gother.com/th-th/hotels/china/shanghai/pudong/the-eton-hotel-shanghai,china/shanghai/pudong/the-eton-hotel-shanghai,Supplier,china,32
1880,679377,ji-hotel-guangzhou-tianhe-east-railway-station,www.gother.com/th-th/hotels/china/guangdong/tianhe-district-teemall-east-railway-station/ji-hotel-guangzhou-tianhe-east-railway-station,china/guangdong/guangzhou/ji-hotel-guangzhou-tianhe-east-railway-station,Supplier,china,32
1884,897054,hi-cozy-youth-hostel-east-nanjing-road-the-bund,www.gother.com/th-th/hotels/china/shanghai/people-square-and-south-bund-huangpu/hi-cozy-youth-hostel-east-nanjing-road-the-bund,china/shanghai/people-square-and-south-bund-huangpu/hi-cozy-youth-hostel-east-nanjing-road-the-bund,Supplier,china,32
273,763031,Metro-Hotel,www.gother.com/th-th/hotels/thailand/bangkok/bang-rak/metro-hotel,thailand/bangkok/bang-rak/metro-hotel,DIRECT,thailand,31
1567,386,the-mira-hong-kong,www.gother.com/th-th/hotels/hong-kong/kowloon/yau-tsim-mong/the-mira-hong-kong,hong-kong/kowloon/yau-tsim-mong/the-mira-hong-kong,Supplier,hong-kong,31
1583,310,novotel-citygate-hong-kong-hotel,www.gother.com/th-th/hotels/hong-kong/lantau-island/tung-chung/novotel-citygate-hong-kong-hotel,hong-kong/lantau-island/tung-chung/novotel-citygate-hong-kong-hotel,Supplier,hong-kong,31
1624,330336,good-9-stay-inn,www.gother.com/th-th/hotels/taiwan/taipei/ximending/good-9-stay-inn,taiwan/taipei/ximending/good-9-stay-inn,Supplier,taiwan,31
1629,841061,fullon-hotel-taoyuan-airport-access-mrt-a8,www.gother.com/th-th/hotels/taiwan/taoyuan/guishan/fullon-hotel-taoyuan-airport-access-mrt-a8,taiwan/taoyuan/guishan/fullon-hotel-taoyuan-airport-access-mrt-a8,Supplier,taiwan,31
1863,184722,park-hyatt-shanghai,www.gother.com/th-th/hotels/china/shanghai/pudong/park-hyatt-shanghai,china/shanghai/jing-an/park-hyatt-shanghai,Supplier,china,31
1864,9209,shanghai-hongqiao-airport-boyue-hotel-airchina,www.gother.com/th-th/hotels/china/shanghai/hongqiao-airport-and-national-convention-center/shanghai-hongqiao-airport-boyue-hotel-airchina,china/shanghai/minhang/shanghai-hongqiao-airport-boyue-hotel-airchina,Supplier,china,31
1866,69250,andaz-xintiandi-shanghai-by-hyatt,www.gother.com/th-th/hotels/china/shanghai/huangpu/andaz-xintiandi-shanghai-by-hyatt,china/shanghai/huangpu/andaz-xintiandi-shanghai-by-hyatt,Supplier,china,31
1867,873096,yizhi-hotel-guangzhou-beijing-road-chen-clan-ancestral-hall-subway-station,www.gother.com/th-th/hotels/china/guangdong/guangzhou/yizhi-hotel-guangzhou-beijing-road-chen-clan-ancestral-hall-subway-station,china/guangdong/guangzhou/yizhi-hotel-guangzhou-beijing-road-chen-clan-ancestral-hall-subway-station,Supplier,china,31
2122,825748,nabi-hostel-hongdae,www.gother.com/th-th/hotels/south-korea/seoul/mapo-gu/nabi-hostel-hongdae,south-korea/seoul/mapo-gu/nabi-hostel-hongdae,Supplier,south-korea,31
55,1057814,Cross-Pattaya-Oceanphere,www.gother.com/th-th/hotels/thailand/chonburi/bang-saray/cross-pattaya-oceanphere,thailand/chonburi/sattahip/cross-pattaya-oceanphere,DIRECT,thailand,30
67,196379,wave-hotel,www.gother.com/th-th/hotels/thailand/chonburi/central-pattaya/wave-hotel,thailand/chonburi/central-pattaya/wave-hotel,DIRECT,thailand,30
423,842798,Tsix5-Phenomenal,www.gother.com/th-th/hotels/thailand/chonburi/pattaya/tsix5-phenomenal,thailand/chonburi/pattaya/tsix5-phenomenal,DIRECT,thailand,30
437,835543,Chainarai-Riverside,www.gother.com/th-th/hotels/thailand/chiang-rai/muang-chiang-rai/chainarai-riverside,thailand/chiang-rai/muang-chiang-rai/chainarai-riverside,DIRECT,thailand,30
1568,834350,smiley-inn,www.gother.com/th-th/hotels/hong-kong/kowloon/tsim-sha-tsui/smiley-inn,hong-kong/hong-kong/tsim-sha-tsui/smiley-inn,Supplier,hong-kong,30
1578,194387,imperial-hotel,www.gother.com/th-th/hotels/hong-kong/kowloon/tsim-sha-tsui/imperial-hotel,hong-kong/kowloon/tsim-sha-tsui/imperial-hotel,Supplier,hong-kong,30
1581,128199,charterhouse-causeway-bay,www.gother.com/th-th/hotels/hong-kong/hong-kong/wanchai/charterhouse-causeway-bay,hong-kong/hong-kong/wanchai/charterhouse-causeway-bay,Supplier,hong-kong,30
1585,194365,regal-airport-hotel,www.gother.com/th-th/hotels/hong-kong/lantau-island/hong-kong-international-airport/regal-airport-hotel,hong-kong/lantau-island/hong-kong-international-airport/regal-airport-hotel,Supplier,hong-kong,30
1596,885335,hillwood-house-hotel,www.gother.com/th-th/hotels/hong-kong/hong-kong/tsim-sha-tsui/hillwood-house-hotel,hong-kong/hong-kong/tsim-sha-tsui/hillwood-house-hotel,Supplier,hong-kong,30
1627,330429,ximen-wow-hostel,www.gother.com/th-th/hotels/taiwan/taipei/wanhua/ximen-wow-hostel,taiwan/taipei/wanhua/ximen-wow-hostel,Supplier,taiwan,30
1633,735335,beimen-wow-poshtel,www.gother.com/th-th/hotels/taiwan/taipei/datong/beimen-wow-poshtel,taiwan/taipei/datong/beimen-wow-poshtel,Supplier,taiwan,30
1893,221512,modena-putuo-shanghai,www.gother.com/th-th/hotels/china/shanghai/putuo/modena-putuo-shanghai,china/shanghai/putuo/modena-putuo-shanghai,Supplier,china,30
2119,67516,banyan-tree-club-spa-seoul,www.gother.com/th-th/hotels/south-korea/seoul/jung-gu/banyan-tree-club-spa-seoul,south-korea/seoul/jung-gu/banyan-tree-club-spa-seoul,Supplier,south-korea,30
2120,607451,migliore-hotel-seoul-myeongdong,www.gother.com/th-th/hotels/south-korea/seoul/gangnam-gu/migliore-hotel-seoul-myeongdong,south-korea/seoul/gangnam-gu/migliore-hotel-seoul-myeongdong,Supplier,south-korea,30
2135,823762,ibis-ambassador-myeongdong,www.gother.com/th-th/hotels/south-korea/seoul/jung-gu/ibis-ambassador-myeongdong,south-korea/seoul/jung-gu/ibis-ambassador-myeongdong,Supplier,south-korea,30
2145,853534,hotel-the-botanik-sewoon-myeongdong,www.gother.com/th-th/hotels/south-korea/seoul/myeong-dong/hotel-the-botanik-sewoon-myeongdong,south-korea/seoul/myeong-dong/hotel-the-botanik-sewoon-myeongdong,Supplier,south-korea,30
2176,854210,junibino-hotel-hongdae,www.gother.com/th-th/hotels/south-korea/seoul/hongdae/junibino-hotel-hongdae,south-korea/seoul/hongdae/junibino-hotel-hongdae,Supplier,south-korea,30
152,841225,Best-Western-Click-Sathorn-11-Bangkok,www.gother.com/th-th/hotels/thailand/bangkok/sathon/best-western-click-sathorn-11-bangkok,thailand/bangkok/sathon/best-western-click-sathorn-11-bangkok,DIRECT,thailand,29
666,677332,Tolani-Le-Bayburi-Villas-Pranburi,www.gother.com/th-th/hotels/thailand/prachuap-khiri-khan/pran-buri/tolani-le-bayburi-villas-pranburi,thailand/prachuap-khiri-khan/pran-buri/tolani-le-bayburi-villas-pranburi,DIRECT,thailand,29
1571,885222,hygge-house,www.gother.com/th-th/hotels/hong-kong/hong-kong/tsim-sha-tsui/hygge-house,hong-kong/hong-kong/tsim-sha-tsui/hygge-house,Supplier,hong-kong,29
1577,718237,iclub-to-kwa-wan-hotel,www.gother.com/th-th/hotels/hong-kong/hong-kong/kowloon-city/iclub-to-kwa-wan-hotel,hong-kong/kowloon/mongkok/iclub-to-kwa-wan-hotel,Supplier,hong-kong,29
1628,885777,twin-star-inn,www.gother.com/th-th/hotels/taiwan/taipei/taipei-main-station/twin-star-inn,taiwan/taipei/taipei-main-station/twin-star-inn,Supplier,taiwan,29
1639,837707,formosa101-taipei-main-branch,www.gother.com/th-th/hotels/taiwan/taipei/zhongzheng/formosa101-taipei-main-branch,taiwan/taipei/zhongzheng/formosa101-taipei-main-branch,Supplier,taiwan,29
1870,9176,radisson-collection-hotel-xing-guo-shanghai,www.gother.com/th-th/hotels/china/shanghai/changning/radisson-collection-hotel-xing-guo-shanghai,china/shanghai/changning/radisson-collection-hotel-xing-guo-shanghai,Supplier,china,29
1871,117691,hyatt-on-the-bund,www.gother.com/th-th/hotels/china/shanghai/hongkou/hyatt-on-the-bund,china/shanghai/hongkou/hyatt-on-the-bund,Supplier,china,29
1872,125050,mandarin-oriental-pudong-shanghai,www.gother.com/th-th/hotels/china/shanghai/pudong/mandarin-oriental-pudong-shanghai,china/shanghai/pudong/mandarin-oriental-pudong-shanghai,Supplier,china,29
1873,732294,the-st-regis-on-the-bund-shanghai,www.gother.com/th-th/hotels/china/shanghai/huangpu/the-st-regis-on-the-bund-shanghai,china/shanghai/huangpu/the-st-regis-on-the-bund-shanghai,Supplier,china,29
1877,9221,doubletree-by-hilton-hotel-shanghai-pudong,www.gother.com/th-th/hotels/china/shanghai/pudong/doubletree-by-hilton-hotel-shanghai-pudong,china/shanghai/pudong/doubletree-by-hilton-hotel-shanghai-pudong,Supplier,china,29
148,327043,Tribe-Pattaya,www.gother.com/th-th/hotels/thailand/chonburi/pattaya/tribe-pattaya,thailand/chonburi/pattaya/tribe-pattaya,DIRECT,thailand,28
172,760835,Cape-Fahn-Hotel,www.gother.com/th-th/hotels/thailand/surat-thani/koh-samui/cape-fahn-hotel,thailand/surat-thani/koh-samui/cape-fahn-hotel,DIRECT,thailand,28
204,234010,Four-Seasons-Place-Hotel,www.gother.com/th-th/hotels/thailand/chonburi/central-pattaya/four-seasons-place-hotel,thailand/chonburi/central-pattaya/four-seasons-place-hotel,DIRECT,thailand,28
369,841737,Siam-Rama-9-Hotel,www.gother.com/th-th/hotels/thailand/bangkok/suan-luang/siam-rama-9-hotel,thailand/bangkok/suan-luang/siam-rama-9-hotel,DIRECT,thailand,28
422,763743,TSix5-Quarter,www.gother.com/th-th/hotels/thailand/chonburi/north-pattaya/tsix5-quarter,thailand/chonburi/north-pattaya/tsix5-quarter,DIRECT,thailand,28
1573,316,ovolo-central,www.gother.com/th-th/hotels/hong-kong/hong-kong/central-district/ovolo-central,hong-kong/hong-kong/central-district/ovolo-central,Supplier,hong-kong,28
1630,885775,wondertime-taipei-station-branch-iii,www.gother.com/th-th/hotels/taiwan/taipei/taipei-main-station/wondertime-taipei-station-branch-iii,taiwan/taipei/taipei-main-station/wondertime-taipei-station-branch-iii,Supplier,taiwan,28
1635,641951,hotel-relax-iii,www.gother.com/th-th/hotels/taiwan/taipei/zhongzheng/hotel-relax-iii,taiwan/taipei/zhongzheng/hotel-relax-iii,Supplier,taiwan,28
1641,66468,just-sleep-hotel-ximending,www.gother.com/th-th/hotels/taiwan/taipei/zhongzheng/just-sleep-hotel-ximending,taiwan/taipei/zhongzheng/just-sleep-hotel-ximending,Supplier,taiwan,28
1874,517938,ji-hotel-shanghai-xujiahui,www.gother.com/th-th/hotels/china/shanghai/pudong/ji-hotel-shanghai-xujiahui,china/shanghai/pudong/ji-hotel-shanghai-xujiahui,Supplier,china,28
2123,824082,holiday-inn-express-seoul-hongdae,www.gother.com/th-th/hotels/south-korea/seoul/mapo-gu/holiday-inn-express-seoul-hongdae,south-korea/seoul/mapo-gu/holiday-inn-express-seoul-hongdae,Supplier,south-korea,28
2128,622601,shilla-stay-mapo-hongdae,www.gother.com/th-th/hotels/south-korea/seoul/mapo-gu/shilla-stay-mapo-hongdae,south-korea/seoul/mapo-gu/shilla-stay-mapo-hongdae,Supplier,south-korea,28
140,758974,Mida-Grande-Resort-Phuket,www.gother.com/th-th/hotels/thailand/phuket/surin-beach/mida-grande-resort-phuket,thailand/phuket/surin-beach/mida-grande-resort-phuket,DIRECT,thailand,27
150,1325,Best-Western-Sukhumvit-20,www.gother.com/th-th/hotels/thailand/bangkok/khlong-toei/best-western-sukhumvit-20,thailand/bangkok/khlong-toei/best-western-sukhumvit-20,DIRECT,thailand,27
156,188145,olive-hotel-residence-bangkok-sukhumvit-101-1,www.gother.com/th-th/hotels/thailand/bangkok/phra-khanong/olive-hotel-residence-bangkok-sukhumvit-101-1,thailand/bangkok/phra-khanong/olive-hotel-residence-bangkok-sukhumvit-101-1,DIRECT,thailand,27
485,844521,The-Motifs-Eco-Hotel,www.gother.com/th-th/hotels/thailand/chanthaburi/muang-chanthaburi/the-motifs-eco-hotel,thailand/chanthaburi/muang-chanthaburi/the-motifs-eco-hotel,DIRECT,thailand,27
1574,128265,the-langham-hong-kong-hotel,www.gother.com/th-th/hotels/hong-kong/kowloon/tsim-sha-tsui/the-langham-hong-kong-hotel,hong-kong/kowloon/tsim-sha-tsui/the-langham-hong-kong-hotel,Supplier,hong-kong,27
1579,834413,hong-kong-ocean-park-marriott-hotel,www.gother.com/th-th/hotels/hong-kong/hong-kong/hong-kong-island-south/hong-kong-ocean-park-marriott-hotel,hong-kong/hong-kong/hong-kong-island-south/hong-kong-ocean-park-marriott-hotel,Supplier,hong-kong,27
1580,231,hotel-icon,www.gother.com/th-th/hotels/hong-kong/kowloon/tsim-sha-tsui/hotel-icon,hong-kong/kowloon/tsim-sha-tsui/hotel-icon,Supplier,hong-kong,27
1632,329974,hotel-attic,www.gother.com/th-th/hotels/taiwan/taipei/wanhua-district/hotel-attic,taiwan/taipei/wanhua-district/hotel-attic,Supplier,taiwan,27
1637,733256,yi-su-hotel-taipei-ningxia,www.gother.com/th-th/hotels/taiwan/taipei/datong/yi-su-hotel-taipei-ningxia,taiwan/taipei/datong/yi-su-hotel-taipei-ningxia,Supplier,taiwan,27
1646,164559,taipei-garden-hotel,www.gother.com/th-th/hotels/taiwan/taipei/zhongzheng/taipei-garden-hotel,taiwan/taipei/zhongzheng/taipei-garden-hotel,Supplier,taiwan,27
2121,134089,voco-seoul-gangnam,www.gother.com/th-th/hotels/south-korea/seoul/gangnam-gu/voco-seoul-gangnam,south-korea/seoul/jung-gu/voco-seoul-gangnam,Supplier,south-korea,27
2124,190759,hotel-pharos,www.gother.com/th-th/hotels/south-korea/seoul/myeongdong/hotel-pharos,south-korea/seoul/myeongdong/hotel-pharos,Supplier,south-korea,27
151,451748,Tawa-Ravadee-Resort-Prachinburi,www.gother.com/th-th/hotels/thailand/prachinburi/si-maha-phot/tawa-ravadee-resort-prachinburi,thailand/prachinburi/si-maha-phot/tawa-ravadee-resort-prachinburi,DIRECT,thailand,26
165,700252,Blue-Boat-Hotel-JC,www.gother.com/th-th/hotels/thailand/chonburi/north-pattaya/blue-boat-hotel-jc,thailand/chonburi/north-pattaya/blue-boat-hotel-jc,DIRECT,thailand,26
305,196350,Sabai-Inn,www.gother.com/th-th/hotels/thailand/chonburi/pattaya/sabai-inn,thailand/chonburi/pattaya/sabai-inn,DIRECT,thailand,26
373,722083,Naga-Residence,www.gother.com/th-th/hotels/thailand/bangkok/khlong-san/naga-residence,thailand/bangkok/khlong-san/naga-residence,DIRECT,thailand,26
1575,359184,grand-hyatt-hong-kong,www.gother.com/th-th/hotels/hong-kong/hong-kong/wanchai/grand-hyatt-hong-kong,hong-kong/hong-kong/wanchai/grand-hyatt-hong-kong,Supplier,hong-kong,26
1576,345,rosedale-hotel-hong-kong,www.gother.com/th-th/hotels/hong-kong/hong-kong/causeway-bay/rosedale-hotel-hong-kong,hong-kong/hong-kong/causeway-bay/rosedale-hotel-hong-kong,Supplier,hong-kong,26
1876,897019,hanting-hotel-shanghai-nanjing-dong-road-metro-station,www.gother.com/th-th/hotels/china/shanghai/huangpu/hanting-hotel-shanghai-nanjing-dong-road-metro-station,china/shanghai/huangpu/hanting-hotel-shanghai-nanjing-dong-road-metro-station,Supplier,china,26
1878,270660,the-st-regis-chengdu,www.gother.com/th-th/hotels/china/sichuan/qingyang/the-st-regis-chengdu,china/sichuan/qingyang/the-st-regis-chengdu,Supplier,china,26
1879,865324,r-royalss-hotel-chengdu-chunxi-road-taikoo-li,www.gother.com/th-th/hotels/china/sichuan/jinjiang-district/r-royalss-hotel-chengdu-chunxi-road-taikoo-li,china/sichuan/chengdu/r-royalss-hotel-chengdu-chunxi-road-taikoo-li,Supplier,china,26
1885,184449,holiday-inn-shanghai-pudong,www.gother.com/th-th/hotels/china/shanghai/pudong/holiday-inn-shanghai-pudong,china/shanghai/pudong/holiday-inn-shanghai-pudong,Supplier,china,26
1888,116839,bell-tower-hotel,www.gother.com/th-th/hotels/china/shaanxi/xian/bell-tower-hotel,china/shaanxi/xian/bell-tower-hotel,Supplier,china,26
1889,700926,zhuhai-marriott-hotel,www.gother.com/th-th/hotels/china/guangdong/zhuhai/zhuhai-marriott-hotel,china/guangdong/zhuhai/zhuhai-marriott-hotel,Supplier,china,26
1895,272286,chimelong-circus-hotel-zhuhai-ocean-kingdom,www.gother.com/th-th/hotels/china/guangdong/zhuhai/chimelong-circus-hotel-zhuhai-ocean-kingdom,china/guangdong/zhuhai/chimelong-circus-hotel-zhuhai-ocean-kingdom,Supplier,china,26
1897,55591,sunworld-dynasty-hotel-beijing-wangfujing,www.gother.com/th-th/hotels/china/beijing/dongcheng/sunworld-dynasty-hotel-beijing-wangfujing,china/beijing/dongcheng/sunworld-dynasty-hotel-beijing-wangfujing,Supplier,china,26
2125,853869,ananti-at-gangnam,www.gother.com/th-th/hotels/south-korea/seoul/gangnam-gu/ananti-at-gangnam,south-korea/seoul/gangnam-gu/ananti-at-gangnam,Supplier,south-korea,26
281,962437,La-Lanna-Resort,www.gother.com/th-th/hotels/thailand/chiang-mai/mae-on/la-lanna-resort,thailand/chiang-mai/mae-on/la-lanna-resort,DIRECT,thailand,25
291,759390,42-Grand-Residence,www.gother.com/th-th/hotels/thailand/bangkok/khlong-toei/42-grand-residence,thailand/bangkok/khlong-toei/42-grand-residence,DIRECT,thailand,25
309,3968,Sailom-Resort-Bangsaphan,www.gother.com/th-th/hotels/thailand/prachuap-khiri-khan/bang-saphan/sailom-resort-bangsaphan,thailand/prachuap-khiri-khan/bang-saphan/sailom-resort-bangsaphan,DIRECT,thailand,25
399,1059626,Suntria-Hotel-Pattaya,www.gother.com/th-th/hotels/thailand/rayong/ban-chang/suntria-hotel-pattaya,thailand/chonburi/pattaya/suntria-hotel-pattaya,DIRECT,thailand,25
401,138195,Dolphin-Bay-Resort,www.gother.com/th-th/hotels/thailand/prachuap-khiri-khan/sam-roi-yot/dolphin-bay-resort,thailand/prachuap-khiri-khan/sam-roi-yot/dolphin-bay-resort,DIRECT,thailand,25
457,762334,Patong-Poshtel,www.gother.com/th-th/hotels/thailand/phuket/patong/patong-poshtel,thailand/phuket/patong/patong-poshtel,DIRECT,thailand,25
1636,329940,say-love-hotel,www.gother.com/th-th/hotels/taiwan/taipei/zhongzheng/say-love-hotel,taiwan/taipei/taipei-main-station/say-love-hotel,Supplier,taiwan,25
1638,54181,les-suites-ching-cheng-hotel,www.gother.com/th-th/hotels/taiwan/taipei/songshan/les-suites-ching-cheng-hotel,taiwan/taipei/songshan/les-suites-ching-cheng-hotel,Supplier,taiwan,25
1651,54190,shangri-la-far-eastern-taipei,www.gother.com/th-th/hotels/taiwan/taipei/da-an/shangri-la-far-eastern-taipei,taiwan/taipei/da-an/shangri-la-far-eastern-taipei,Supplier,taiwan,25
1875,969728,pullman-shanghai-jing-an,www.gother.com/th-th/hotels/china/shanghai/shanghai-shunpu-golf-club/pullman-shanghai-jing-an,china/shanghai/shanghai-shunpu-golf-club/pullman-shanghai-jing-an,Supplier,china,25
1882,146206,new-world-beijing-hotel,www.gother.com/th-th/hotels/china/beijing/dongcheng/new-world-beijing-hotel,china/beijing/dongcheng/new-world-beijing-hotel,Supplier,china,25
1883,9160,metropolo-hotel-bund-circle,www.gother.com/th-th/hotels/china/shanghai/huangpu/metropolo-hotel-bund-circle,china/shanghai/huangpu/metropolo-hotel-bund-circle,Supplier,china,25
1886,897021,atour-hotel-shanghai-people-s-square-nanjing-road-pedestrian-street,www.gother.com/th-th/hotels/china/shanghai/huangpu/atour-hotel-shanghai-people-s-square-nanjing-road-pedestrian-street,china/shanghai/huangpu/atour-hotel-shanghai-people-s-square-nanjing-road-pedestrian-street,Supplier,china,25
1890,273813,starr-hotel-shanghai-jing-an-railway-station,www.gother.com/th-th/hotels/china/shanghai/jing-an/starr-hotel-shanghai-jing-an-railway-station,china/shanghai/zhabei/starr-hotel-shanghai-jing-an-railway-station,Supplier,china,25
1905,125075,hilton-shanghai-city-center,www.gother.com/th-th/hotels/china/shanghai/changning/hilton-shanghai-city-center,china/shanghai/changning/hilton-shanghai-city-center,Supplier,china,25
1984,862205,crystal-orange-hotel-beijing-wangfujing-street,www.gother.com/th-th/hotels/china/beijing/dongcheng/crystal-orange-hotel-beijing-wangfujing-street,china/beijing/dongcheng/crystal-orange-hotel-beijing-wangfujing-street,Supplier,china,25
22,196370,Cape-Dara-Resort-Pattaya,www.gother.com/th-th/hotels/thailand/chonburi/north-pattaya/cape-dara-resort,thailand/chonburi/north-pattaya/cape-dara-resort-pattaya,DIRECT,thailand,24
46,3563,Montree-Phuket-Hotel,www.gother.com/th-th/hotels/thailand/phuket/muang-phuket/montree-phuket-hotel,thailand/phuket/muang-phuket/montree-phuket-hotel,DIRECT,thailand,24
111,4188,the-siam-hotel,www.gother.com/th-th/hotels/thailand/bangkok/bang-rak/the-siam-heritage-hotel,thailand/bangkok/dusit/the-siam-hotel,DIRECT,thailand,24
192,844646,Jia-Haus-Hotel-Apartment,www.gother.com/th-th/hotels/thailand/buriram/muang-buriram/jia-haus-hotel-apartment,thailand/buriram/muang-buriram/jia-haus-hotel-apartment,DIRECT,thailand,24
370,699643,Crystal-Lamai-Hotel,www.gother.com/th-th/hotels/thailand/surat-thani/koh-samui/crystal-lamai-hotel,thailand/surat-thani/koh-samui/crystal-lamai-hotel,DIRECT,thailand,24
436,685333,green-lake-resort,www.gother.com/th-th/hotels/china/yunnan/kunming/green-lake-resort,thailand/chiang-mai/muang-chiang-mai/green-lake-resort,DIRECT,thailand,24
1586,128231,harbour-grand-kowloon,www.gother.com/th-th/hotels/hong-kong/hong-kong/hung-hom/harbour-grand-kowloon,hong-kong/kowloon/hung-hom/harbour-grand-kowloon,Supplier,hong-kong,24
1590,368,stanford-hillview-hotel,www.gother.com/th-th/hotels/hong-kong/kowloon/tsim-sha-tsui/stanford-hillview-hotel,hong-kong/kowloon/tsim-sha-tsui/stanford-hillview-hotel,Supplier,hong-kong,24
1899,897067,ji-hotel-shanghai-people-s-square-beijing-west-road,www.gother.com/th-th/hotels/china/shanghai/jing-an/ji-hotel-shanghai-people-s-square-beijing-west-road,china/shanghai/jing-an/ji-hotel-shanghai-people-s-square-beijing-west-road,Supplier,china,24
1906,63733,dorsett-shanghai-century-park,www.gother.com/th-th/hotels/china/shanghai/pudong/dorsett-shanghai-century-park,china/shanghai/pudong/dorsett-shanghai-century-park,Supplier,china,24
1924,214425,holiday-inn-express-luoyang-city-center,www.gother.com/th-th/hotels/china/henan/luoyang/holiday-inn-express-luoyang-city-center,china/henan/luoyang/holiday-inn-express-luoyang-city-center,Supplier,china,24
2130,312235,lotte-city-hotel-guro,www.gother.com/th-th/hotels/south-korea/seoul/guro-gu/lotte-city-hotel-guro,south-korea/seoul/guro-gu/lotte-city-hotel-guro,Supplier,south-korea,24
187,137827,Vacation-Village-Phra-Nang-Inn,www.gother.com/th-th/hotels/thailand/krabi/ao-nang-beach/vacation-village-phra-nang-inn,thailand/krabi/ao-nang-beach/vacation-village-phra-nang-inn,DIRECT,thailand,23
434,452117,Cmor-by-Recall-Hotels-Chiang-Mai,www.gother.com/th-th/hotels/thailand/chiang-mai/muang-chiang-mai/cmor-by-recall-hotels-chiang-mai,thailand/chiang-mai/muang-chiang-mai/cmor-by-recall-hotels-chiang-mai,DIRECT,thailand,23
1582,405,v-wanchai,www.gother.com/th-th/hotels/hong-kong/hong-kong/wanchai/v-wanchai,hong-kong/hong-kong/wanchai/v-wanchai,Supplier,hong-kong,23
1584,194553,dorsett-tsuen-wan-hong-kong,www.gother.com/th-th/hotels/hong-kong/new-territories/kwai-chung/dorsett-tsuen-wan-hong-kong,hong-kong/new-territories/kwai-chung/dorsett-tsuen-wan-hong-kong,Supplier,hong-kong,23
1640,648302,morwing-hotel-culture-vogue,www.gother.com/th-th/hotels/taiwan/taipei/zhongzheng/morwing-hotel-culture-vogue,taiwan/taipei/zhongzheng/morwing-hotel-culture-vogue,Supplier,taiwan,23
1654,65691,hotel-royal-nikko-taipei-renewal-open-oct-2024,www.gother.com/th-th/hotels/taiwan/taipei/zhongshan/hotel-royal-nikko-taipei-renewal-open-oct-2024,taiwan/taipei/zhongshan/hotel-royal-nikko-taipei-renewal-open-oct-2024,Supplier,taiwan,23
1892,125079,oriental-riverside,www.gother.com/th-th/hotels/china/shanghai/huangpu/oriental-riverside,china/shanghai/hongkou/oriental-riverside,Supplier,china,23
1894,865092,fraser-residence-chengdu,www.gother.com/th-th/hotels/china/sichuan/chengdu/fraser-residence-chengdu,china/sichuan/new-international-conference-and-exhibition-center/fraser-residence-chengdu,Supplier,china,23
1896,275057,jinjiang-inn-shanghai-lujiabang-road-metro-station,www.gother.com/th-th/hotels/china/shanghai/huangpu/jinjiang-inn-shanghai-lujiabang-road-metro-station,china/shanghai/huangpu/jinjiang-inn-shanghai-lujiabang-road-metro-station,Supplier,china,23
1916,270483,shanghai-abest-apartment,www.gother.com/th-th/hotels/china/shanghai/huangpu/shanghai-abest-apartment,china/shanghai/huangpu/shanghai-abest-apartment,Supplier,china,23
2136,81120,hotel-skypark-central-myeongdong,www.gother.com/th-th/hotels/south-korea/seoul/myeongdong/hotel-skypark-central-myeongdong,south-korea/seoul/myeongdong/hotel-skypark-central-myeongdong,Supplier,south-korea,23
7,765951,Maven-Stylish-Hotel-Hua-Hin,www.gother.com/th-th/hotels/thailand/prachuap-khiri-khan/hua-hin/maven-stylish-hotel-hua-hin,thailand/prachuap-khiri-khan/hua-hin/maven-stylish-hotel-hua-hin,DIRECT,thailand,22
319,838551,Amanah-Bangkok-Hotel,www.gother.com/th-th/hotels/thailand/bangkok/thonburi/amanah-bangkok-hotel,thailand/bangkok/thonburi/amanah-bangkok-hotel,DIRECT,thailand,22
331,326711,Chayadol-Resort,www.gother.com/th-th/hotels/thailand/chiang-rai/muang-chiang-rai/chayadol-resort,thailand/chiang-rai/muang-chiang-rai/chayadol-resort,DIRECT,thailand,22
402,971787,Happihaus-Hotel-Bangkok,www.gother.com/th-th/hotels/thailand/bangkok/bang-kapi/happihaus-hotel-bangkok,thailand/bangkok/bang-kapi/happihaus-hotel-bangkok,DIRECT,thailand,22
429,652239,Neptuna-Kata-Beach-Phuket,www.gother.com/th-th/hotels/thailand/phuket/kata-beach/neptuna-kata-beach-phuket,thailand/phuket/kata-beach/neptuna-kata-beach-phuket,DIRECT,thailand,22
454,845760,Goodday-Hotel,www.gother.com/th-th/hotels/thailand/khon-kaen/muang-khon-kaen/goodday-hotel,thailand/khon-kaen/muang-khon-kaen/goodday-hotel,DIRECT,thailand,22
468,844511,the-bloc-sea,www.gother.com/th-th/hotels/thailand/prachuap-khiri-khan/thap-sakae/the-bloc-sea-hotel,thailand/prachuap-khiri-khan/thap-sakae/the-bloc-sea,DIRECT,thailand,22
1589,834370,the-emperor-hotel,www.gother.com/th-th/hotels/hong-kong/hong-kong/wanchai/the-emperor-hotel,hong-kong/hong-kong/wanchai/the-emperor-hotel,Supplier,hong-kong,22
1645,222175,ximen-citizen-hotel,www.gother.com/th-th/hotels/taiwan/taipei/wanhua/ximen-citizen-hotel,taiwan/taipei/wanhua/ximen-citizen-hotel,Supplier,taiwan,22
1898,698913,shanghai-yuhang-hotel,www.gother.com/th-th/hotels/china/shanghai/hongkou/shanghai-yuhang-hotel,china/shanghai/hongkou/shanghai-yuhang-hotel,Supplier,china,22
1900,897475,greentree-apartment-shanghai-fengxian-new-city-metro-station-jinhai-road,www.gother.com/th-th/hotels/china/shanghai/fengxian-and-jinshan-resort/greentree-apartment-shanghai-fengxian-new-city-metro-station-jinhai-road,china/shanghai/fengxian-and-jinshan-resort/greentree-apartment-shanghai-fengxian-new-city-metro-station-jinhai-road,Supplier,china,22
1901,969665,jin-jiang-hotel-shanghai,www.gother.com/th-th/hotels/china/shanghai/nanhui/jin-jiang-hotel-shanghai,china/shanghai/huangpu/jin-jiang-hotel-shanghai,Supplier,china,22
1904,653798,ji-hotel-shanghai-bund-mid-shandong-road,www.gother.com/th-th/hotels/china/shanghai/huangpu/ji-hotel-shanghai-bund-mid-shandong-road,china/shanghai/huangpu/ji-hotel-shanghai-bund-mid-shandong-road,Supplier,china,22
2126,115983,lotte-hotel-world,www.gother.com/th-th/hotels/south-korea/seoul/songpa-gu/lotte-hotel-world,south-korea/seoul/songpa-gu/lotte-hotel-world,Supplier,south-korea,22
2127,190548,the-plaza-seoul-autograph-collection,www.gother.com/th-th/hotels/south-korea/seoul/jung-gu/the-plaza-seoul-autograph-collection,south-korea/seoul/jung-gu/the-plaza-seoul-autograph-collection,Supplier,south-korea,22
244,847865,Vows-Villa-Beachfront,www.gother.com/th-th/hotels/thailand/surat-thani/koh-samui/vows-villa-beachfront,thailand/surat-thani/koh-samui/vows-villa-beachfront,DIRECT,thailand,21
252,137891,Lucerne-Resort-Khao-Yai,www.gother.com/th-th/hotels/thailand/nakhon-ratchasima/pak-chong/lucerne-resort-khao-yai,thailand/nakhon-ratchasima/pak-chong/lucerne-resort-khao-yai,DIRECT,thailand,21
277,234251,Sino-House-Phuket-Hotel,www.gother.com/th-th/hotels/thailand/phuket/muang-phuket/sino-house-phuket-hotel,thailand/phuket/muang-phuket/sino-house-phuket-hotel,DIRECT,thailand,21
404,3023,mom-tris-villa-royale,www.gother.com/th-th/hotels/thailand/phuket/kata-beach/mom-tris-villa-royale,thailand/phuket/kata-beach/mom-tris-villa-royale,DIRECT,thailand,21
414,843234,On-Hotel-Phuket,www.gother.com/th-th/hotels/thailand/phuket/muang-phuket/on-hotel-phuket,thailand/phuket/muang-phuket/on-hotel-phuket,DIRECT,thailand,21
418,2818,Long-Beach-Garden-Hotel-and-Pavilions,www.gother.com/th-th/hotels/thailand/chonburi/north-pattaya/long-beach-garden-hotel-and-pavilions,thailand/chonburi/north-pattaya/long-beach-garden-hotel-and-pavilions,DIRECT,thailand,21
469,847427,Hi-Hotel-Bangkok,www.gother.com/th-th/hotels/thailand/bangkok/din-daeng/hi-hotel-bangkok,thailand/bangkok/din-daeng/hi-hotel-bangkok,DIRECT,thailand,21
472,845602,The-Season-Rayong,www.gother.com/th-th/hotels/thailand/rayong/muang-rayong/the-season-rayong,thailand/rayong/muang-rayong/the-season-rayong,DIRECT,thailand,21
1587,142,ramada-hong-kong-grand,www.gother.com/th-th/hotels/hong-kong/hong-kong/hong-kong-island-west/ramada-hong-kong-harbour-view,hong-kong/kowloon/yau-tsim-mong/ramada-hong-kong-grand,Supplier,hong-kong,21
1588,244205,le-prabelle-hotel,www.gother.com/th-th/hotels/hong-kong/kowloon/mongkok/le-prabelle-hotel,hong-kong/kowloon/mongkok/le-prabelle-hotel,Supplier,hong-kong,21
1642,65689,the-landis-taipei-hotel,www.gother.com/th-th/hotels/taiwan/taipei/zhongshan/the-landis-taipei-hotel,taiwan/taipei/zhongshan/the-landis-taipei-hotel,Supplier,taiwan,21
1643,65635,the-lalu-sun-moon-lake,www.gother.com/th-th/hotels/taiwan/nantou/yuchi/the-lalu-sun-moon-lake,taiwan/nantou/yuchi/the-lalu-sun-moon-lake,Supplier,taiwan,21
1644,330403,check-inn-express-taipei-station,www.gother.com/th-th/hotels/taiwan/taipei/datong/check-inn-express-taipei-station,taiwan/taipei/datong/check-inn-express-taipei-station,Supplier,taiwan,21
1656,330295,daan-park-hotel,www.gother.com/th-th/hotels/taiwan/taipei/zhongzheng/daan-park-hotel,taiwan/taipei/zhongzheng/daan-park-hotel,Supplier,taiwan,21
1661,329922,papa-whale-kaohsiung-formosa-boulevard,www.gother.com/th-th/hotels/taiwan/kaohsiung/xinxing/papa-whale-kaohsiung-formosa-boulevard,taiwan/kaohsiung/xinxing/papa-whale-kaohsiung-formosa-boulevard,Supplier,taiwan,21
1665,885746,solaria-nishitetsu-hotel-taipei-ximen,www.gother.com/th-th/hotels/taiwan/taipei/ximending/solaria-nishitetsu-hotel-taipei-ximen,taiwan/taipei/ximending/solaria-nishitetsu-hotel-taipei-ximen,Supplier,taiwan,21
1902,229611,ramada-pudong-airport-shanghai,www.gother.com/th-th/hotels/china/shanghai/huangpu/ramada-pudong-airport-shanghai,china/shanghai/pudong/ramada-pudong-airport-shanghai,Supplier,china,21
1907,181387,beijing-perfect-inn,www.gother.com/th-th/hotels/china/beijing/dongcheng/beijing-perfect-inn,china/beijing/dongcheng/beijing-perfect-inn,Supplier,china,21
1908,873655,boruisi-video-and-audio-light-house-shenzhen-convention-and-exhibition-center-gangxia-metro-station,www.gother.com/th-th/hotels/china/guangdong/futian-district/boruisi-video-and-audio-light-house-shenzhen-convention-and-exhibition-center-gangxia-metro-station,china/guangdong/futian-district/boruisi-video-and-audio-light-house-shenzhen-convention-and-exhibition-center-gangxia-metro-station,Supplier,china,21
1912,184857,holiday-inn-shanghai-hongqiao-west,www.gother.com/th-th/hotels/china/shanghai/qingpu/holiday-inn-shanghai-hongqiao-west,china/shanghai/qingpu/holiday-inn-shanghai-hongqiao-west,Supplier,china,21
1918,271703,pullman-zhuhai,www.gother.com/th-th/hotels/china/guangdong/zhuhai/pullman-zhuhai,china/guangdong/zhuhai/pullman-zhuhai,Supplier,china,21
1963,8918,sheraton-guangzhou-hotel,www.gother.com/th-th/hotels/china/guangdong/guangzhou/sheraton-guangzhou-hotel,china/guangdong/guangzhou/sheraton-guangzhou-hotel,Supplier,china,21
2091,125451,xian-grand-soluxe-international-hotel,www.gother.com/th-th/hotels/china/shaanxi/xian/xian-grand-soluxe-international-hotel,china/shaanxi/xian/xian-grand-soluxe-international-hotel,Supplier,china,21
2129,824464,mayone-hotel,www.gother.com/th-th/hotels/south-korea/seoul/jung-gu/mayone-hotel,south-korea/seoul/jung-gu/mayone-hotel,Supplier,south-korea,21
2132,224718,ibis-ambassador-seoul-myeongdong,www.gother.com/th-th/hotels/south-korea/seoul/myeongdong/ibis-ambassador-seoul-myeongdong,south-korea/seoul/myeongdong/ibis-ambassador-seoul-myeongdong,Supplier,south-korea,21
2146,190802,hotel-atrium,www.gother.com/th-th/hotels/south-korea/seoul/jongno-gu/hotel-atrium,south-korea/seoul/jongno-gu/hotel-atrium,Supplier,south-korea,21
2158,824011,fairfield-by-marriott-seoul,www.gother.com/th-th/hotels/south-korea/seoul/yeongdeungpo-gu/fairfield-by-marriott-seoul,south-korea/seoul/yeongdeungpo-gu/fairfield-by-marriott-seoul,Supplier,south-korea,21
40,772931,Zazz-Urban-Bangkok,www.gother.com/th-th/hotels/thailand/bangkok/huai-khwang/zazz-urban-bangkok,thailand/bangkok/huai-khwang/zazz-urban-bangkok,DIRECT,thailand,20
56,223561,A-ONE-BANGKOK-HOTEL,www.gother.com/th-th/hotels/thailand/bangkok/huai-khwang/a-one-bangkok-hotel,thailand/bangkok/huai-khwang/a-one-bangkok-hotel,DIRECT,thailand,20
69,772931,Zazz-Urban-Bangkok,www.gother.com/th-th/hotels/thailand/bangkok/huai-khwang/zazz-urban-bangkok,thailand/bangkok/huai-khwang/zazz-urban-bangkok,DIRECT,thailand,20
87,844285,The-Avail,www.gother.com/th-th/hotels/thailand/ayutthaya/muang-ayutthaya/the-avail,thailand/ayutthaya/muang-ayutthaya/the-avail,DIRECT,thailand,20
320,451794,Dewan-Bangkok-Hotel,www.gother.com/th-th/hotels/thailand/bangkok/phra-nakhon/dewan-bangkok-hotel,thailand/bangkok/phra-nakhon/dewan-bangkok-hotel,DIRECT,thailand,20
470,1034361,Chez-Nij-Ryokan-Onsen-Hotel,www.gother.com/th-th/hotels/thailand/chiang-mai/muang-chiang-mai/chez-nij-ryokan-onsen-hotel,thailand/chiang-mai/muang-chiang-mai/chez-nij-ryokan-onsen-hotel,DIRECT,thailand,20
493,324787,The-Sea-Cret-Garden-Hua-Hin,www.gother.com/th-th/hotels/thailand/prachuap-khiri-khan/hua-hin/the-sea-cret-garden-hua-hin,thailand/prachuap-khiri-khan/hua-hin/the-sea-cret-garden-hua-hin,DIRECT,thailand,20
1591,838738,m1-yau-ma-tei-hotel,www.gother.com/th-th/hotels/hong-kong/hong-kong/hong-kong-island-west/m1-yau-ma-tei-hotel,hong-kong/hong-kong/hong-kong-island-west/m1-yau-ma-tei-hotel,Supplier,hong-kong,20
1598,308,new-world-millennium-hong-kong-hotel,www.gother.com/th-th/hotels/hong-kong/kowloon/tsim-sha-tsui/new-world-millennium-hong-kong-hotel,hong-kong/kowloon/tsim-sha-tsui/new-world-millennium-hong-kong-hotel,Supplier,hong-kong,20
1599,834492,cosmo-hotel-hong-kong,www.gother.com/th-th/hotels/hong-kong/hong-kong/wanchai/cosmo-hotel-hong-kong,hong-kong/hong-kong/wanchai/cosmo-hotel-hong-kong,Supplier,hong-kong,20
1647,330242,hotel-relax-ii,www.gother.com/th-th/hotels/taiwan/taipei/zhongzheng/hotel-relax-ii,taiwan/taipei/zhongzheng/hotel-relax-ii,Supplier,taiwan,20
1648,88119,hotelday-plus-tamsui,www.gother.com/th-th/hotels/taiwan/new-taipei/tamsui/hotelday-plus-tamsui,taiwan/new-taipei/tamsui/hotelday-plus-tamsui,Supplier,taiwan,20
1649,222202,city-suites-taipei-nandong,www.gother.com/th-th/hotels/taiwan/taipei/songshan/city-suites-taipei-nandong,taiwan/taipei/songshan/city-suites-taipei-nandong,Supplier,taiwan,20
1660,692378,starbox-hostel,www.gother.com/th-th/hotels/taiwan/taipei/datong/starbox-hostel,taiwan/taipei/datong/starbox-hostel,Supplier,taiwan,20
1909,865310,atour-light-hotel-chengdu-chunxi-road-metro-station,www.gother.com/th-th/hotels/china/sichuan/jinjiang-district/atour-light-hotel-chengdu-chunxi-road-metro-station,china/sichuan/jinjiang-district/atour-light-hotel-chengdu-chunxi-road-metro-station,Supplier,china,20
1910,143041,ssaw-boutique-hotel-shanghai-bund,www.gother.com/th-th/hotels/china/shanghai/huangpu/ssaw-boutique-hotel-shanghai-bund,china/shanghai/huangpu/ssaw-boutique-hotel-shanghai-bund,Supplier,china,20
1913,9133,crowne-plaza-shanghai-pudong,www.gother.com/th-th/hotels/china/shanghai/pudong/crowne-plaza-shanghai-pudong,china/shanghai/pudong/crowne-plaza-shanghai-pudong,Supplier,china,20
1926,656282,da-zhong-pudong-airport-hotel-shanghai,www.gother.com/th-th/hotels/china/shanghai/hongkou/da-zhong-pudong-airport-hotel-shanghai,china/shanghai/hongkou/da-zhong-pudong-airport-hotel-shanghai,Supplier,china,20
2133,824877,wegoinn-hostel,www.gother.com/th-th/hotels/south-korea/seoul/seodaemun-gu/wegoinn-hostel,south-korea/seoul/seodaemun-gu/wegoinn-hostel,Supplier,south-korea,20
2141,823883,dormy-inn-express-seoul-insadong,www.gother.com/th-th/hotels/south-korea/seoul/jongno-gu/dormy-inn-express-seoul-insadong,south-korea/seoul/jongno-gu/dormy-inn-express-seoul-insadong,Supplier,south-korea,20
28,3836,River-Kwai-Resotel,www.gother.com/th-th/hotels/thailand/kanchanaburi/sai-yok/river-kwai-resotel-resort,thailand/kanchanaburi/sai-yok/river-kwai-resotel,DIRECT,thailand,19
66,234275,kantary-bay-hotel-phuket,www.gother.com/th-th/hotels/thailand/phuket/muang-phuket/kantary-bay-hotel-phuket,thailand/phuket/muang-phuket/kantary-bay-hotel-phuket,DIRECT,thailand,19
182,843459,Riche-Hua-Hin-Hotel,www.gother.com/th-th/hotels/thailand/prachuap-khiri-khan/hua-hin/riche-hua-hin-hotel,thailand/prachuap-khiri-khan/hua-hin/riche-hua-hin-hotel,DIRECT,thailand,19
198,842712,Page-10-Hotel,www.gother.com/th-th/hotels/thailand/chonburi/pattaya/page-10-hotel,thailand/chonburi/pattaya/page-10-hotel,DIRECT,thailand,19
284,757491,VELA-be-Bangkok-Ratchathewi,www.gother.com/th-th/hotels/thailand/bangkok/ratchathewi/vela-be-bangkok-ratchathewi,thailand/bangkok/ratchathewi/vela-be-bangkok-ratchathewi,DIRECT,thailand,19
342,842149,Grand-Richmond-Stylish-Convention-Hotel,www.gother.com/th-th/hotels/thailand/nonthaburi/muang-nonthaburi/grand-richmond-stylish-convention-hotel,thailand/nonthaburi/muang-nonthaburi/grand-richmond-stylish-convention-hotel,DIRECT,thailand,19
535,756854,Villa-Mahabhirom,www.gother.com/th-th/hotels/thailand/chiang-mai/muang-chiang-mai/villa-mahabhirom,thailand/chiang-mai/muang-chiang-mai/villa-mahabhirom,DIRECT,thailand,19
1592,834474,starphire-hotel,www.gother.com/th-th/hotels/hong-kong/kowloon/tai-kok-tsui/starphire-hotel,hong-kong/kowloon/tai-kok-tsui/starphire-hotel,Supplier,hong-kong,19
1593,885317,windsor-hella-inn,www.gother.com/th-th/hotels/hong-kong/hong-kong/tsim-sha-tsui/windsor-hella-inn,hong-kong/hong-kong/tsim-sha-tsui/windsor-hella-inn,Supplier,hong-kong,19
1597,711533,homy-inn-north-point,www.gother.com/th-th/hotels/hong-kong/hong-kong/north-point/homy-inn-north-point,hong-kong/hong-kong/north-point/homy-inn-north-point,Supplier,hong-kong,19
1650,636180,work-inn-tpe,www.gother.com/th-th/hotels/taiwan/taipei/zhongzheng/work-inn-tpe,taiwan/taipei/zhongzheng/work-inn-tpe,Supplier,taiwan,19
1652,54192,sheraton-grand-taipei-hotel,www.gother.com/th-th/hotels/taiwan/taipei/zhongzheng/sheraton-grand-taipei-hotel,taiwan/taipei/zhongzheng/sheraton-grand-taipei-hotel,Supplier,taiwan,19
1653,837794,roaders-plus-hotel-theme,www.gother.com/th-th/hotels/taiwan/taipei/zhongzheng/roaders-plus-hotel-theme,taiwan/taipei/taipei-main-station/roaders-plus-hotel-theme,Supplier,taiwan,19
1655,330449,hotel-relax,www.gother.com/th-th/hotels/taiwan/taipei/zhongzheng/hotel-relax,taiwan/taipei/zhongzheng/hotel-relax,Supplier,taiwan,19
1659,606128,meander-taipei,www.gother.com/th-th/hotels/taiwan/taipei/ximending/meander-taipei,taiwan/taipei/ximending/meander-taipei,Supplier,taiwan,19
1662,627204,morwing-hotel-fairytale,www.gother.com/th-th/hotels/taiwan/taipei/zhongzheng/morwing-hotel-fairytale,taiwan/taipei/zhongzheng/morwing-hotel-fairytale,Supplier,taiwan,19
1903,221512,modena-putuo,www.gother.com/th-th/hotels/china/shanghai/putuo/modena-putuo-shanghai,china/shanghai/hongkou/modena-putuo,Supplier,china,19
1923,896605,mila-qi-ting-li-guest-house-shanghai,www.gother.com/th-th/hotels/china/shanghai/pudong/mila-qi-ting-li-guest-house-shanghai,china/shanghai/pudong/mila-qi-ting-li-guest-house-shanghai,Supplier,china,19
1932,89421,dorsett-chengdu-hotel,www.gother.com/th-th/hotels/china/sichuan/chengdu/dorsett-chengdu-hotel,china/sichuan/chengdu/dorsett-chengdu-hotel,Supplier,china,19
1973,872684,citynote-hotel-beijing-road-dafosi-park-metro-station,www.gother.com/th-th/hotels/china/guangdong/guangzhou/citynote-hotel-beijing-road-dafosi-park-metro-station,china/guangdong/guangzhou/citynote-hotel-beijing-road-dafosi-park-metro-station,Supplier,china,19
2131,743611,seoul-n-hotel-dongdaemun,www.gother.com/th-th/hotels/south-korea/seoul/jung-gu/seoul-n-hotel-dongdaemun,south-korea/seoul/jongno-gu/seoul-n-hotel-dongdaemun,Supplier,south-korea,19
10,769885,ITZ-TIME-Hua-Hin-Pool-Villa,www.gother.com/th-th/hotels/thailand/prachuap-khiri-khan/hua-hin/itz-time-hua-hin-pool-villa,thailand/prachuap-khiri-khan/hua-hin/itz-time-hua-hin-pool-villa,DIRECT,thailand,18
127,1979,Furama-Chiang-Mai,www.gother.com/th-th/hotels/thailand/chiang-mai/muang-chiang-mai/furama-chiang-mai,thailand/chiang-mai/muang-chiang-mai/furama-chiang-mai,DIRECT,thailand,18
267,325086,Orchid-Resortel,www.gother.com/th-th/hotels/thailand/phuket/patong/orchid-resortel,thailand/phuket/patong/orchid-resortel,DIRECT,thailand,18
304,845874,Baan-Pattaya-by-Sabai,www.gother.com/th-th/hotels/thailand/chonburi/bang-lamung/baan-pattaya-by-sabai,thailand/chonburi/bang-lamung/baan-pattaya-by-sabai,DIRECT,thailand,18
443,233572,Jasmine-Grande-Residence,www.gother.com/th-th/hotels/thailand/bangkok/khlong-toei/jasmine-grande-residence,thailand/bangkok/khlong-toei/jasmine-grande-residence,DIRECT,thailand,18
491,370745,Vartika-Resovilla-Kuiburi-Beach-Resort-and-Villas,www.gother.com/th-th/hotels/thailand/prachuap-khiri-khan/muang-prachuap-khiri-khan/vartika-resovilla-kuiburi-beach-resort-and-villas,thailand/prachuap-khiri-khan/muang-prachuap-khiri-khan/vartika-resovilla-kuiburi-beach-resort-and-villas,DIRECT,thailand,18
1595,834641,the-harbourview-hotel,www.gother.com/th-th/hotels/hong-kong/kowloon/yau-tsim-mong/the-harbourview-place-the-icc-megalopolis,hong-kong/hong-kong/wanchai/the-harbourview-hotel,Supplier,hong-kong,18
1657,81165,wonstar-hotel-ximen-i,www.gother.com/th-th/hotels/taiwan/taipei/wanhua/wonstar-hotel-ximen-i,taiwan/taipei/wanhua/wonstar-hotel-ximen-i,Supplier,taiwan,18
1658,87770,muzik-hotel-ximen-station-branch,www.gother.com/th-th/hotels/taiwan/taipei/wanhua/muzik-hotel-ximen-station-branch,taiwan/taipei/wanhua/muzik-hotel-ximen-station-branch,Supplier,taiwan,18
1911,965009,laizhu-xingchen-hotel-chengdu-chunxi-road,www.gother.com/th-th/hotels/china/sichuan/chengdu/laizhu-xingchen-hotel-chengdu-chunxi-road,china/sichuan/chengdu/laizhu-xingchen-hotel-chengdu-chunxi-road,Supplier,china,18
1914,274363,campanile-hotel-shanghai-bund,www.gother.com/th-th/hotels/china/shanghai/huangpu/campanile-hotel-shanghai-bund,china/shanghai/huangpu/campanile-hotel-shanghai-bund,Supplier,china,18
2134,825426,nine-tree-premier-hotel-seoul-pangyo,www.gother.com/th-th/hotels/south-korea/seoul/jung-gu/nine-tree-premier-hotel-myeongdong-2,south-korea/gyeonggi-do/seongnam/nine-tree-premier-hotel-seoul-pangyo,Supplier,south-korea,18
2144,692800,hotel-venue-g,www.gother.com/th-th/hotels/south-korea/seoul/jongno-gu/hotel-venue-g,south-korea/seoul/jongno-gu/hotel-venue-g,Supplier,south-korea,18
2149,55293,mayfield-hotel-gimpo-airport-magok,www.gother.com/th-th/hotels/south-korea/seoul/gangseo-gu/mayfield-hotel-gimpo-airport-magok,south-korea/seoul/gangseo-gu/mayfield-hotel-gimpo-airport-magok,Supplier,south-korea,18
93,842173,The-View-Residence,www.gother.com/th-th/hotels/thailand/bangkok/rat-burana/the-view-residence,thailand/bangkok/rat-burana/the-view-residence,DIRECT,thailand,17
126,452441,thara-cholapruek-resort,www.gother.com/th-th/hotels/thailand/nakhon-nayok/ban-na/thara-cholapruek-resort,thailand/nakhon-nayok/ban-na/thara-cholapruek-resort,DIRECT,thailand,17
188,324748,Wareerak-Hot-Spring-and-Wellness,www.gother.com/th-th/hotels/thailand/krabi/khlong-thom/wareerak-hot-spring-and-wellness,thailand/krabi/khlong-thom/wareerak-hot-spring-and-wellness,DIRECT,thailand,17
298,485431,Nonthaburi-Palace-Hotel,www.gother.com/th-th/hotels/thailand/nonthaburi/muang-nonthaburi/nonthaburi-palace-hotel,thailand/nonthaburi/muang-nonthaburi/nonthaburi-palace-hotel,DIRECT,thailand,17
313,575946,The-Harmony-Resort,www.gother.com/th-th/hotels/thailand/ratchaburi/suan-phueng/the-harmony-resort,thailand/ratchaburi/suan-phueng/the-harmony-resort,DIRECT,thailand,17
339,844609,Thanicha-Resort,www.gother.com/th-th/hotels/thailand/samut-songkhram/amphawa/thanicha-resort,thailand/samut-songkhram/amphawa/thanicha-resort,DIRECT,thailand,17
347,677710,Nonze-Hostel,www.gother.com/th-th/hotels/thailand/chonburi/pattaya/nonze-hostel,thailand/chonburi/pattaya/nonze-hostel,DIRECT,thailand,17
432,841965,Central-Old-Town-Cottage,www.gother.com/th-th/hotels/thailand/bangkok/phra-nakhon/central-old-town-cottage,thailand/bangkok/phra-nakhon/central-old-town-cottage,DIRECT,thailand,17
1600,834472,travelodge-kowloon,www.gother.com/th-th/hotels/hong-kong/kowloon/yau-ma-tei/travelodge-kowloon,hong-kong/kowloon/yau-ma-tei/travelodge-kowloon,Supplier,hong-kong,17
1915,666161,sofitel-kunming,www.gother.com/th-th/hotels/china/yunnan/kunming/sofitel-kunming,china/yunnan/kunming/sofitel-kunming,Supplier,china,17
1917,184713,pudong-shangri-la-east-shanghai,www.gother.com/th-th/hotels/china/shanghai/pudong/pudong-shangri-la-east-shanghai,china/shanghai/pudong/pudong-shangri-la-east-shanghai,Supplier,china,17
1919,184980,oakwood-residence-shanghai,www.gother.com/th-th/hotels/china/shanghai/putuo/oakwood-residence-shanghai,china/shanghai/putuo/oakwood-residence-shanghai,Supplier,china,17
1920,897065,ji-hotel-shanghai-the-bund-jinling-dong-road,www.gother.com/th-th/hotels/china/shanghai/huangpu/ji-hotel-shanghai-the-bund-jinling-dong-road,china/shanghai/huangpu/ji-hotel-shanghai-the-bund-jinling-dong-road,Supplier,china,17
1921,9094,intercontinental-nanjing,www.gother.com/th-th/hotels/china/jiangsu/nanjing/intercontinental-nanjing,china/jiangsu/nanjing/intercontinental-nanjing,Supplier,china,17
1922,381307,kerry-hotel-pudong,www.gother.com/th-th/hotels/china/shanghai/pudong/kerry-hotel-pudong,china/shanghai/pudong/kerry-hotel-pudong,Supplier,china,17
1925,271599,ramada-by-wyndham-chengdu-north,www.gother.com/th-th/hotels/china/sichuan/chengdu/ramada-by-wyndham-chengdu-north,china/sichuan/chengdu/ramada-by-wyndham-chengdu-north,Supplier,china,17
1927,68299,blossom-house-shanghai-on-the-bund,www.gother.com/th-th/hotels/china/shanghai/pudong/blossom-house-shanghai-on-the-bund,china/shanghai/huangpu/blossom-house-shanghai-on-the-bund,Supplier,china,17
1931,184818,fairmont-peace-hotel-on-the-bund,www.gother.com/th-th/hotels/china/shanghai/pudong/fairmont-peace-hotel-on-the-bund,china/shanghai/pudong/fairmont-peace-hotel-on-the-bund,Supplier,china,17
1936,8704,regent-beijing,www.gother.com/th-th/hotels/china/beijing/dongcheng/regent-beijing,china/beijing/dongcheng/regent-beijing,Supplier,china,17
1940,872692,cloudy-international-apartment-beijing-road-a-mall-branch,www.gother.com/th-th/hotels/china/guangdong/yuexiu-district-beijing-road-haizhu-square/cloudy-international-apartment-beijing-road-a-mall-branch,china/guangdong/yuexiu-district-beijing-road-haizhu-square/cloudy-international-apartment-beijing-road-a-mall-branch,Supplier,china,17
1941,8703,zhong-an-hotel-beijing,www.gother.com/th-th/hotels/china/beijing/dongcheng/zhong-an-hotel-beijing,china/beijing/dongcheng/zhong-an-hotel-beijing,Supplier,china,17
1944,877833,holiday-inn-express-jiuzhaigou,www.gother.com/th-th/hotels/china/sichuan/zhangzhazhen/holiday-inn-express-jiuzhaigou,china/sichuan/zhangzhazhen/holiday-inn-express-jiuzhaigou,Supplier,china,17
2006,119174,guangzhou-hotel-canton-fair-free-shuttle-bus,www.gother.com/th-th/hotels/china/guangdong/guangzhou/guangzhou-hotel-canton-fair-free-shuttle-bus,china/guangdong/guangzhou/guangzhou-hotel-canton-fair-free-shuttle-bus,Supplier,china,17
2090,660692,atour-hotel-chengdu-consulate-area-renmin-south-road,www.gother.com/th-th/hotels/china/sichuan/chengdu/atour-hotel-chengdu-consulate-area-renmin-south-road,china/sichuan/chengdu/atour-hotel-chengdu-consulate-area-renmin-south-road,Supplier,china,17
2137,312879,k-pop-hotel-seoul-station,www.gother.com/th-th/hotels/south-korea/seoul/gangnam-gu/k-pop-hotel-seoul-station,south-korea/seoul/gangnam-gu/k-pop-hotel-seoul-station,Supplier,south-korea,17
2138,732518,hotel-the-designers-cheongnyangni,www.gother.com/th-th/hotels/south-korea/seoul/myeongdong/hotel-the-designers-cheongnyangni,south-korea/seoul/dongdaemun-gu/hotel-the-designers-cheongnyangni,Supplier,south-korea,17
2140,824546,line-hotel-myeongdong,www.gother.com/th-th/hotels/south-korea/seoul/jung-gu/line-hotel-myeongdong,south-korea/seoul/jung-gu/line-hotel-myeongdong,Supplier,south-korea,17
2142,190876,baiton-seoul-dongdaemun-hotel,www.gother.com/th-th/hotels/south-korea/seoul/myeongdong/baiton-seoul-dongdaemun-hotel,south-korea/seoul/myeongdong/baiton-seoul-dongdaemun-hotel,Supplier,south-korea,17
2153,824922,hotel-anteroom-seoul,www.gother.com/th-th/hotels/south-korea/seoul/gangnam-gu/hotel-anteroom-seoul,south-korea/seoul/gangnam-gu/hotel-anteroom-seoul,Supplier,south-korea,17
97,4716,Thipurai-City-Hotel,www.gother.com/th-th/hotels/thailand/prachuap-khiri-khan/hua-hin/thipurai-city-hotel,thailand/prachuap-khiri-khan/hua-hin/thipurai-city-hotel,DIRECT,thailand,16
341,452574,Chor-Cher-the-Luxury-Green-Hotel,www.gother.com/th-th/hotels/thailand/samut-prakarn/bang-bo/chor-cher-the-luxury-green-hotel,thailand/samut-prakarn/bang-bo/chor-cher-the-luxury-green-hotel,DIRECT,thailand,16
368,2660,G-Boutique-Hotel-Silom-Bangkok,www.gother.com/th-th/hotels/thailand/bangkok/bang-rak/g-boutique-hotel-silom-bangkok,thailand/bangkok/bang-rak/g-boutique-hotel-silom-bangkok,DIRECT,thailand,16
377,768719,Siam-Champs-Elyseesi-Unique-Hotel-Bangkok,www.gother.com/th-th/hotels/thailand/bangkok/phra-nakhon/siam-champs-elyseesi-unique-hotel-bangkok,thailand/bangkok/phra-nakhon/siam-champs-elyseesi-unique-hotel-bangkok,DIRECT,thailand,16
381,452276,the-shellsea-krabi-i-luxury-beach-front-resort-pool-villa,www.gother.com/th-th/hotels/thailand/krabi/muang-krabi/the-shellsea-krabi,thailand/krabi/muang-krabi/the-shellsea-krabi-i-luxury-beach-front-resort-pool-villa,DIRECT,thailand,16
494,4674,The-Sea-Cret-Hua-Hin,www.gother.com/th-th/hotels/thailand/prachuap-khiri-khan/hua-hin/the-sea-cret-hua-hin,thailand/prachuap-khiri-khan/hua-hin/the-sea-cret-hua-hin,DIRECT,thailand,16
498,228110,Sofitel-Macau-At-Ponte-16,www.gother.com/th-th/hotels/macau/macau/macau-city/sofitel-macau-at-ponte-16,macau/macau/macau-city/sofitel-macau-at-ponte-16,DIRECT,macau,16
499,223015,belle-villa-resort-khao-yai,www.gother.com/th-th/hotels/thailand/chiang-mai/hang-dong/belle-villa-resort-chiang-mai,thailand/nakhon-ratchasima/pak-chong/belle-villa-resort-khao-yai,DIRECT,thailand,16
993,137499,Kantary-Bay-Sriracha-Hotel,www.gother.com/th-th/hotels/thailand/chonburi/si-racha/kantary-bay-sriracha-hotel,thailand/chonburi/si-racha/kantary-bay-sriracha-hotel,DIRECT,thailand,16
1664,253573,finders-hotel-fu-qian,www.gother.com/th-th/hotels/taiwan/taipei/zhongzheng/finders-hotel-fu-qian,taiwan/taipei/zhongzheng/finders-hotel-fu-qian,Supplier,taiwan,16
1666,536022,inn-cube-taipei-main-station,www.gother.com/th-th/hotels/taiwan/taipei/zhongzheng/inn-cube-taipei-main-station,taiwan/taipei/zhongzheng/inn-cube-taipei-main-station,Supplier,taiwan,16
1669,164770,inhouse-hotel,www.gother.com/th-th/hotels/taiwan/taipei/wanhua-district/inhouse-hotel,taiwan/taipei/wanhua-district/inhouse-hotel,Supplier,taiwan,16
1928,877838,rezen-retreat-four-seasons-manju-hot-spring-hotel-jiuzhaigou-scenic-spot,www.gother.com/th-th/hotels/china/sichuan/jiuzhaigou/rezen-retreat-four-seasons-manju-hot-spring-hotel-jiuzhaigou-scenic-spot,china/sichuan/jiuzhaigou/rezen-retreat-four-seasons-manju-hot-spring-hotel-jiuzhaigou-scenic-spot,Supplier,china,16
1929,733159,jinjiang-inn-style-shanghai-nanjing-road-pedestrian-street-middle-fujian-road-branch,www.gother.com/th-th/hotels/china/shanghai/huangpu/jinjiang-inn-style-shanghai-nanjing-road-pedestrian-street-middle-fujian-road-branch,china/shanghai/huangpu/jinjiang-inn-style-shanghai-nanjing-road-pedestrian-street-middle-fujian-road-branch,Supplier,china,16
1930,703097,holiday-inn-express-shanghai-pujiang-lianhang-road-an-ihg-hotel,www.gother.com/th-th/hotels/china/shanghai/pudong/holiday-inn-express-shanghai-pujiang-lianhang-road-an-ihg-hotel,china/shanghai/pudong/holiday-inn-express-shanghai-pujiang-lianhang-road-an-ihg-hotel,Supplier,china,16
1933,102238,crowne-plaza-shanghai-anting,www.gother.com/th-th/hotels/china/shanghai/hongkou/crowne-plaza-shanghai-anting,china/shanghai/hongkou/crowne-plaza-shanghai-anting,Supplier,china,16
1934,269861,country-inn-suites-by-radisson-shanghai-pudong-airport,www.gother.com/th-th/hotels/china/shanghai/pudong/country-inn-suites-by-radisson-shanghai-pudong-airport,china/shanghai/pudong/country-inn-suites-by-radisson-shanghai-pudong-airport,Supplier,china,16
1937,897096,meego-yes-hotel,www.gother.com/th-th/hotels/china/shanghai/huangpu/meego-yes-hotel,china/shanghai/huangpu/meego-yes-hotel,Supplier,china,16
1938,9259,intercontinental-shanghai-expo,www.gother.com/th-th/hotels/china/shanghai/pudong/intercontinental-shanghai-expo,china/shanghai/pudong/intercontinental-shanghai-expo,Supplier,china,16
1939,270957,chimelong-penguin-hotel,www.gother.com/th-th/hotels/china/guangdong/zhuhai/chimelong-penguin-hotel,china/guangdong/zhuhai/chimelong-penguin-hotel,Supplier,china,16
1942,63733,dorsett-shanghai,www.gother.com/th-th/hotels/china/shanghai/pudong/dorsett-shanghai-century-park,china/shanghai/pudong/dorsett-shanghai,Supplier,china,16
2152,853747,aank-hotel-yeongdeungpo,www.gother.com/th-th/hotels/south-korea/seoul/yeongdeungpo-gu/aank-hotel-yeongdeungpo,south-korea/seoul/yeongdeungpo-gu/aank-hotel-yeongdeungpo,Supplier,south-korea,16
2171,666032,shilla-stay-guro-guro-digital-complex-station,www.gother.com/th-th/hotels/south-korea/seoul/dongjak-gu/shilla-stay-guro-guro-digital-complex-station,south-korea/seoul/dongjak-gu/shilla-stay-guro-guro-digital-complex-station,Supplier,south-korea,16
47,842066,the-nhorm-hotel,www.gother.com/th-th/hotels/thailand/bangkok/din-daeng/the-nhorm-hotel,thailand/bangkok/din-daeng/the-nhorm-hotel,DIRECT,thailand,15
78,137782,Aonang-Paradise-Resort,www.gother.com/th-th/hotels/thailand/krabi/ao-nang-beach/aonang-paradise-resort,thailand/krabi/ao-nang-beach/aonang-paradise-resort,DIRECT,thailand,15
120,137791,Beyond-Krabi,www.gother.com/th-th/hotels/thailand/krabi/klong-muang-beach/beyond-krabi,thailand/krabi/klong-muang-beach/beyond-krabi,DIRECT,thailand,15
142,843378,Onhill-Village,www.gother.com/th-th/hotels/thailand/nakhon-ratchasima/pak-chong/onhill-village,thailand/nakhon-ratchasima/pak-chong/onhill-village,DIRECT,thailand,15
186,849054,z-z-resort,www.gother.com/th-th/hotels/thailand/phuket/muang-phuket/z-z-resort,thailand/phuket/muang-phuket/z-z-resort,DIRECT,thailand,15
194,843267,z-z-house,www.gother.com/th-th/hotels/thailand/phuket/rawai/z-z-house,thailand/phuket/rawai/z-z-house,DIRECT,thailand,15
205,811,Aiyaree-Place-Hotel,www.gother.com/th-th/hotels/thailand/chonburi/bang-lamung/aiyaree-place-hotel,thailand/chonburi/bang-lamung/aiyaree-place-hotel,DIRECT,thailand,15
271,252361,SK-Boutique-Mahanakhon-Hotel,www.gother.com/th-th/hotels/thailand/bangkok/bang-rak/sk-boutique-mahanakhon-hotel,thailand/bangkok/bang-rak/sk-boutique-mahanakhon-hotel,DIRECT,thailand,15
421,4788,Tsix5-Hotel,www.gother.com/th-th/hotels/thailand/chonburi/north-pattaya/tsix5-hotel,thailand/chonburi/north-pattaya/tsix5-hotel,DIRECT,thailand,15
459,1025486,De-Mer-Resort-Rayong,www.gother.com/th-th/hotels/thailand/rayong/klaeng/de-mer-resort-rayong,thailand/rayong/klaeng/de-mer-resort-rayong,DIRECT,thailand,15
1667,253574,beauty-hotels-taipei-hotel-b7,www.gother.com/th-th/hotels/taiwan/taipei/zhongzheng/beauty-hotels-taipei-hotel-b7,taiwan/taipei/zhongzheng/beauty-hotels-taipei-hotel-b7,Supplier,taiwan,15
1740,11685,les-suites-da-an-hotel,www.gother.com/th-th/hotels/taiwan/taipei/da-an/les-suites-da-an-hotel,taiwan/taipei/da-an/les-suites-da-an-hotel,Supplier,taiwan,15
1943,673003,campanile-hotel-shanghai-railway-station-people-s-square,www.gother.com/th-th/hotels/china/shanghai/jing-an/campanile-hotel-shanghai-railway-station-people-s-square,china/shanghai/jing-an/campanile-hotel-shanghai-railway-station-people-s-square,Supplier,china,15
1957,873885,ji-hotel-shenzhen-huaqiangbei-electronics-building,www.gother.com/th-th/hotels/china/guangdong/shenzhen/ji-hotel-shenzhen-huaqiangbei-electronics-building,china/guangdong/shenzhen/ji-hotel-shenzhen-huaqiangbei-electronics-building,Supplier,china,15
1971,871730,hyatt-regency-hengqin,www.gother.com/th-th/hotels/china/guangdong/zhuhai/hyatt-regency-hengqin,china/guangdong/zhuhai/hyatt-regency-hengqin,Supplier,china,15
1988,47873,swissotel-shenyang,www.gother.com/th-th/hotels/china/liaoning/shenyang/swissotel-shenyang,china/liaoning/shenyang/swissotel-shenyang,Supplier,china,15
2143,89314,travelodge-myeongdong-city-hall,www.gother.com/th-th/hotels/south-korea/seoul/jung-gu/travelodge-myeongdong-city-hall,south-korea/seoul/jung-gu/travelodge-myeongdong-city-hall,Supplier,south-korea,15
202,252239,Q-VICTORY-PATONG,www.gother.com/th-th/hotels/thailand/phuket/patong/q-victory-patong,thailand/phuket/patong/q-victory-patong,DIRECT,thailand,14
255,769037,chermantra-aonang-resort-pool-suite,www.gother.com/th-th/hotels/thailand/krabi/ao-nang-beach/chermantra-aonang-resort-pool-suite,thailand/krabi/ao-nang-beach/chermantra-aonang-resort-pool-suite,DIRECT,thailand,14
345,4462,Tango-Vibrant-Living-Hotel,www.gother.com/th-th/hotels/thailand/bangkok/pratunam/tango-vibrant-living-hotel,thailand/bangkok/pratunam/tango-vibrant-living-hotel,DIRECT,thailand,14
427,225815,Simplitel,www.gother.com/th-th/hotels/thailand/phuket/karon-beach/simplitel,thailand/phuket/karon-beach/simplitel,DIRECT,thailand,14
467,763046,t-heritage-hotel,www.gother.com/th-th/hotels/thailand/chiang-mai/muang-chiang-mai/t-heritage-hotel,thailand/chiang-mai/muang-chiang-mai/t-heritage-hotel,DIRECT,thailand,14
963,2432,Kantary-Hotel-Kabinburi,www.gother.com/th-th/hotels/thailand/prachinburi/kabin-buri/kantary-hotel-kabinburi,thailand/prachinburi/kabin-buri/kantary-hotel-kabinburi,DIRECT,thailand,14
1668,330193,ximen-le-room-hotel-kangding-taipei,www.gother.com/th-th/hotels/taiwan/taipei/wanhua/ximen-le-room-hotel-kangding-taipei,taiwan/taipei/wanhua/ximen-le-room-hotel-kangding-taipei,Supplier,taiwan,14
1670,164659,vip-hotel,www.gother.com/th-th/hotels/taiwan/taipei/zhongshan/vip-hotel,taiwan/taipei/zhongshan/vip-hotel,Supplier,taiwan,14
1671,330187,neijiang-hotel,www.gother.com/th-th/hotels/taiwan/taipei/wanhua-district/neijiang-hotel,taiwan/taipei/wanhua-district/neijiang-hotel,Supplier,taiwan,14
1672,330247,inn-cube-ximen,www.gother.com/th-th/hotels/taiwan/taipei/wanhua-district/inn-cube-ximen,taiwan/taipei/wanhua/inn-cube-ximen,Supplier,taiwan,14
1673,703817,east-dragon-taipei,www.gother.com/th-th/hotels/taiwan/taipei/zhongzheng/east-dragon-taipei,taiwan/taipei/zhongzheng/east-dragon-taipei,Supplier,taiwan,14
1674,330330,cho-hotel,www.gother.com/th-th/hotels/taiwan/taipei/wanhua-district/cho-hotel,taiwan/taipei/wanhua/cho-hotel,Supplier,taiwan,14
1675,79254,beauty-hotels-taipei-hotel-b6,www.gother.com/th-th/hotels/taiwan/taipei/wanhua-district/beauty-hotels-taipei-hotel-b6,taiwan/taipei/wanhua/beauty-hotels-taipei-hotel-b6,Supplier,taiwan,14
1946,862162,radisson-hotel-shanghai-new-world,www.gother.com/th-th/hotels/china/beijing/daxing-district/radisson-hotel-beijing-daxing-airport,china/shanghai/huangpu/radisson-hotel-shanghai-new-world,Supplier,china,14
1947,968683,metropolo-nanjing-hotel-shanghai,www.gother.com/th-th/hotels/china/shanghai/huangpu/metropolo-nanjing-hotel-shanghai,china/shanghai/huangpu/metropolo-nanjing-hotel-shanghai,Supplier,china,14
1948,150342,jin-jiang-tower-hotel,www.gother.com/th-th/hotels/china/shanghai/huangpu/jin-jiang-tower-hotel,china/shanghai/huangpu/jin-jiang-tower-hotel,Supplier,china,14
1949,875171,ji-hotel-hangzhou-lin-an-people-s-square,www.gother.com/th-th/hotels/china/zhejiang/hangzhou/ji-hotel-hangzhou-lin-an-people-s-square,china/zhejiang/hangzhou/ji-hotel-hangzhou-lin-an-people-s-square,Supplier,china,14
1950,124252,kempinski-hotel-beijing-yansha-center,www.gother.com/th-th/hotels/china/beijing/chaoyang/kempinski-hotel-beijing-yansha-center,china/beijing/chaoyang/kempinski-hotel-beijing-yansha-center,Supplier,china,14
1951,116837,intercontinental-shanghai-pudong,www.gother.com/th-th/hotels/china/shanghai/pudong/intercontinental-shanghai-pudong,china/shanghai/pudong/intercontinental-shanghai-pudong,Supplier,china,14
1952,871771,hilton-garden-inn-zhuhai-jinan-university,www.gother.com/th-th/hotels/china/guangdong/qianshan-area/hilton-garden-inn-zhuhai-jinan-university,china/guangdong/qianshan-area/hilton-garden-inn-zhuhai-jinan-university,Supplier,china,14
1953,271100,green-court-green-city,www.gother.com/th-th/hotels/china/shanghai/huangpu/green-court-green-city,china/shanghai/huangpu/green-court-green-city,Supplier,china,14
1954,505945,chengdu-holly-hostel,www.gother.com/th-th/hotels/china/sichuan/chengdu/chengdu-holly-hostel,china/sichuan/chengdu/chengdu-holly-hostel,Supplier,china,14
1955,896992,base-binjiang-serviced-apartment,www.gother.com/th-th/hotels/china/shanghai/people-square-and-south-bund-huangpu/base-binjiang-serviced-apartment,china/shanghai/people-square-and-south-bund-huangpu/base-binjiang-serviced-apartment,Supplier,china,14
1956,633296,asia-hotel,www.gother.com/th-th/hotels/china/shandong/weifang/asia-hotel,china/beijing/dongcheng/asia-hotel,Supplier,china,14
1958,184683,howard-johnson-huaihai-hotel-shanghai,www.gother.com/th-th/hotels/china/shanghai/xuhui/howard-johnson-huaihai-hotel-shanghai,china/shanghai/xuhui/howard-johnson-huaihai-hotel-shanghai,Supplier,china,14
1972,125066,citadines-lujiazui-shanghai,www.gother.com/th-th/hotels/china/shanghai/huangpu/citadines-lujiazui-shanghai,china/shanghai/huangpu/citadines-lujiazui-shanghai,Supplier,china,14
1975,376979,the-yangtze-boutique-shanghai,www.gother.com/th-th/hotels/china/shanghai/huangpu/the-yangtze-boutique-shanghai,china/shanghai/huangpu/the-yangtze-boutique-shanghai,Supplier,china,14
1992,124941,regent-shanghai-pudong,www.gother.com/th-th/hotels/china/shanghai/pudong/regent-shanghai-pudong,china/shanghai/pudong/regent-shanghai-pudong,Supplier,china,14
2003,118581,grand-hyatt-beijing,www.gother.com/th-th/hotels/china/beijing/dongcheng/grand-hyatt-beijing,china/beijing/dongcheng/grand-hyatt-beijing,Supplier,china,14
2043,896516,nihang-hotel,www.gother.com/th-th/hotels/china/shanghai/pudong-int-l-airport-and-new-district/nihang-hotel,china/shanghai/pudong-int-l-airport-and-new-district/nihang-hotel,Supplier,china,14
2064,82622,somerset-riverview-chengdu,www.gother.com/th-th/hotels/china/sichuan/chengdu/somerset-riverview-chengdu,china/sichuan/chengdu/somerset-riverview-chengdu,Supplier,china,14
2147,134019,oakwood-premier-coex-center,www.gother.com/th-th/hotels/south-korea/seoul/gangnam-gu/oakwood-premier-coex-center,south-korea/seoul/gangnam-gu/oakwood-premier-coex-center,Supplier,south-korea,14
2148,615462,pacific-hotel,www.gother.com/th-th/hotels/china/henan/jiaozuo/pacific-hotel,south-korea/seoul/jung-gu/pacific-hotel,Supplier,south-korea,14
2150,824052,lescape-hotel,www.gother.com/th-th/hotels/south-korea/seoul/jung-gu/lescape-hotel,south-korea/seoul/jung-gu/lescape-hotel,Supplier,south-korea,14
2151,854161,aank-hotel-seoul-sinchon-branch,www.gother.com/th-th/hotels/south-korea/seoul/sinchon/aank-hotel-seoul-sinchon-branch,south-korea/seoul/sinchon/aank-hotel-seoul-sinchon-branch,Supplier,south-korea,14
2155,825527,hotel-park-hill-myeongdong,www.gother.com/th-th/hotels/south-korea/seoul/jung-gu/hotel-park-hill-myeongdong,south-korea/seoul/jung-gu/hotel-park-hill-myeongdong,Supplier,south-korea,14
2174,677153,lotte-city-hotel-mapo,www.gother.com/th-th/hotels/south-korea/seoul/mapo-gu/lotte-city-hotel-mapo,south-korea/seoul/mapo-gu/lotte-city-hotel-mapo,Supplier,south-korea,14
44,841290,Kastel-Hotel-Pattaya-by-Loft-Bangkok,www.gother.com/th-th/hotels/thailand/chonburi/south-pattaya/kastel-hotel-pattaya-by-loft-bangkok,thailand/chonburi/south-pattaya/kastel-hotel-pattaya-by-loft-bangkok,DIRECT,thailand,13
193,561837,Tim-Mansion-Bangkok-Hotel,www.gother.com/th-th/hotels/thailand/bangkok/phra-nakhon/tim-mansion-bangkok-hotel,thailand/bangkok/phra-nakhon/tim-mansion-bangkok-hotel,DIRECT,thailand,13
200,3922,Quarter-09-Beach,www.gother.com/th-th/hotels/thailand/chonburi/pattaya/quarter-09-beach,thailand/chonburi/pattaya/quarter-09-beach,DIRECT,thailand,13
259,962439,Athena-Glamping-Khaoyai,www.gother.com/th-th/hotels/thailand/nakhon-ratchasima/khao-yai/athena-glamping-khaoyai,thailand/nakhon-ratchasima/khao-yai/athena-glamping-khaoyai,DIRECT,thailand,13
296,844171,Cascade-Tara,www.gother.com/th-th/hotels/thailand/surat-thani/koh-samui/cascade-tara,thailand/surat-thani/koh-samui/cascade-tara,DIRECT,thailand,13
303,760400,Chezzotel-Pattaya,www.gother.com/th-th/hotels/thailand/chonburi/central-pattaya/chezzotel-pattaya,thailand/chonburi/central-pattaya/chezzotel-pattaya,DIRECT,thailand,13
473,452089,Hotel-Clover-Asoke-Bangkok,www.gother.com/th-th/hotels/thailand/bangkok/khlong-toei/hotel-clover-asoke,thailand/bangkok/sukhumvit/hotel-clover-asoke-bangkok,DIRECT,thailand,13
480,192332,deevana-patong-resort-spa,www.gother.com/th-th/hotels/thailand/phuket/patong/deevana-patong-resort-spa,thailand/phuket/patong/deevana-patong-resort-spa,DIRECT,thailand,13
501,3318,Pa-Prai-Villa-At-The-Plantation,www.gother.com/th-th/hotels/thailand/prachuap-khiri-khan/pran-buri/pa-prai-villas-suites,thailand/prachuap-khiri-khan/pran-buri/pa-prai-villa-at-the-plantation,DIRECT,thailand,13
1676,253525,hotel-6-wannien,www.gother.com/th-th/hotels/taiwan/taipei/wanhua/hotel-6-wannien,taiwan/taipei/wanhua/hotel-6-wannien,Supplier,taiwan,13
1680,834837,cho-hotel-3,www.gother.com/th-th/hotels/taiwan/taipei/wanhua-district/cho-hotel-3,taiwan/taipei/wanhua/cho-hotel-3,Supplier,taiwan,13
1689,164765,amba-taipei-ximending,www.gother.com/th-th/hotels/taiwan/taipei/wanhua-district/amba-taipei-ximending,taiwan/taipei/wanhua/amba-taipei-ximending,Supplier,taiwan,13
1959,179443,the-ritz-carlton-chengdu,www.gother.com/th-th/hotels/china/sichuan/qingyang/the-ritz-carlton-chengdu,china/sichuan/qingyang/the-ritz-carlton-chengdu,Supplier,china,13
1960,59982,the-ritz-carlton-shanghai-pudong,www.gother.com/th-th/hotels/china/shanghai/pudong/the-ritz-carlton-shanghai-pudong,china/shanghai/pudong/the-ritz-carlton-shanghai-pudong,Supplier,china,13
1961,697529,the-qube-hotel-shanghai-hongqiao,www.gother.com/th-th/hotels/china/shanghai/qingpu/the-qube-hotel-shanghai-hongqiao,china/shanghai/qingpu/the-qube-hotel-shanghai-hongqiao,Supplier,china,13
1962,310421,seventh-heaven,www.gother.com/th-th/hotels/japan/nagano/hakuba/seventh-heaven-hakuba,china/shanghai/hongkou/seventh-heaven,Supplier,china,13
1964,125172,sheraton-shanghai-pudong-riverside,www.gother.com/th-th/hotels/china/shanghai/pudong/sheraton-shanghai-pudong-riverside,china/shanghai/pudong/sheraton-shanghai-pudong-riverside,Supplier,china,13
1965,862162,radisson-hotel-pudong-century-park,www.gother.com/th-th/hotels/china/beijing/daxing-district/radisson-hotel-beijing-daxing-airport,china/shanghai/pudong/radisson-hotel-pudong-century-park,Supplier,china,13
1966,229596,magnificent-international-hotel-xintiandi-people-s-square,www.gother.com/th-th/hotels/china/shanghai/huangpu/magnificent-international-hotel-xintiandi-people-s-square,china/shanghai/huangpu/magnificent-international-hotel-xintiandi-people-s-square,Supplier,china,13
1967,184965,motel-168-sinan-road,www.gother.com/th-th/hotels/china/shanghai/pudong/motel-168-sinan-road,china/shanghai/pudong/motel-168-sinan-road,Supplier,china,13
1968,657730,jinjiang-inn-hongqiao-hub-branch,www.gother.com/th-th/hotels/china/inner-mongolia/hohhot/jinjiang-inn-hohhot-erdos-east-street-branch,china/shanghai/huangpu/jinjiang-inn-hongqiao-hub-branch,Supplier,china,13
1969,51575,legendale-hotel-wangfujing-beijing,www.gother.com/th-th/hotels/china/beijing/dongcheng/legendale-hotel-wangfujing-beijing,china/beijing/dongcheng/legendale-hotel-wangfujing-beijing,Supplier,china,13
1970,9394,jinjiang-west-capital-international-hotel,www.gother.com/th-th/hotels/china/shaanxi/xian/jinjiang-west-capital-international-hotel,china/shaanxi/xian/jinjiang-west-capital-international-hotel,Supplier,china,13
1974,70475,chateau-star-river-pudong-shanghai,www.gother.com/th-th/hotels/china/shanghai/pudong/chateau-star-river-pudong-shanghai,china/shanghai/pudong/chateau-star-river-pudong-shanghai,Supplier,china,13
1982,865306,echeng-hotel-chengdu-chunxi-road-taikoo-li,www.gother.com/th-th/hotels/china/sichuan/jinjiang-district/echeng-hotel-chengdu-chunxi-road-taikoo-li,china/sichuan/jinjiang-district/echeng-hotel-chengdu-chunxi-road-taikoo-li,Supplier,china,13
1995,756571,jw-marriott-hotel-chengdu,www.gother.com/th-th/hotels/china/heilongjiang/qiqihar/jw-marriott-hotel-chengdu,china/sichuan/chengdu/jw-marriott-hotel-chengdu,Supplier,china,13
2001,896981,hi-inn-shanghai-the-bund-nanjing-east-road,www.gother.com/th-th/hotels/china/shanghai/people-square-and-south-bund-huangpu/hi-inn-shanghai-the-bund-nanjing-east-road,china/shanghai/people-square-and-south-bund-huangpu/hi-inn-shanghai-the-bund-nanjing-east-road,Supplier,china,13
2015,8711,park-plaza-beijing-wangfujing,www.gother.com/th-th/hotels/china/beijing/dongcheng/park-plaza-beijing-wangfujing,china/beijing/dongcheng/park-plaza-beijing-wangfujing,Supplier,china,13
2038,739736,holiday-inn-express-chengdu-airport-zone,www.gother.com/th-th/hotels/china/sichuan/chengdu/holiday-inn-express-chengdu-airport-zone,china/sichuan/chengdu/holiday-inn-express-chengdu-airport-zone,Supplier,china,13
2154,666027,l7-myeongdong-by-lotte,www.gother.com/th-th/hotels/south-korea/seoul/gangnam-gu/l7-myeongdong-by-lotte,south-korea/seoul/gangnam-gu/l7-myeongdong-by-lotte,Supplier,south-korea,13
2156,823894,h-avenue-hotel-kondae-seongsu,www.gother.com/th-th/hotels/south-korea/seoul/gwangjin-gu/h-avenue-hotel-kondae-seongsu,south-korea/seoul/gwangjin-gu/h-avenue-hotel-kondae-seongsu,Supplier,south-korea,13
2157,312822,ocloud-hotel-gangnam-korea-quality,www.gother.com/th-th/hotels/south-korea/seoul/seocho-gu/ocloud-hotel-gangnam-korea-quality,south-korea/seoul/seocho-gu/ocloud-hotel-gangnam-korea-quality,Supplier,south-korea,13
2159,116032,grand-ambassador-seoul,www.gother.com/th-th/hotels/south-korea/seoul/jung-gu/grand-ambassador-seoul,south-korea/seoul/jung-gu/grand-ambassador-seoul,Supplier,south-korea,13
2165,823924,royal-hotel-seoul,www.gother.com/th-th/hotels/south-korea/seoul/jung-gu/royal-hotel-seoul,south-korea/seoul/jung-gu/royal-hotel-seoul,Supplier,south-korea,13
2166,825624,nine-brick-hotel,www.gother.com/th-th/hotels/south-korea/seoul/mapo-gu/nine-brick-hotel,south-korea/seoul/mapo-gu/nine-brick-hotel,Supplier,south-korea,13
2168,645618,24-guesthouse-seoul-city-hall,www.gother.com/th-th/hotels/south-korea/seoul/jung-gu/24-guesthouse-seoul-city-hall,south-korea/seoul/jung-gu/24-guesthouse-seoul-city-hall,Supplier,south-korea,13
2175,824035,lotte-hotel-seoul-executive-tower,www.gother.com/th-th/hotels/south-korea/seoul/jung-gu/lotte-hotel-seoul-executive-tower,south-korea/seoul/jung-gu/lotte-hotel-seoul-executive-tower,Supplier,south-korea,13
2186,312407,travelodge-myeongdong-namsan,www.gother.com/th-th/hotels/south-korea/seoul/gangnam-gu/travelodge-myeongdong-namsan,south-korea/seoul/gangnam-gu/travelodge-myeongdong-namsan,Supplier,south-korea,13
72,196349,The-Jomtien-Twelve,www.gother.com/th-th/hotels/thailand/chonburi/pattaya/the-jomtien-twelve,thailand/chonburi/pattaya/the-jomtien-twelve,DIRECT,thailand,12
268,771579,Pastell-OldTown-Chiang-Mai,www.gother.com/th-th/hotels/thailand/chiang-mai/old-city/pastell-oldtown-chiang-mai,thailand/chiang-mai/old-city/pastell-oldtown-chiang-mai,DIRECT,thailand,12
279,772385,Baan-Thong-Ching-Resort,www.gother.com/th-th/hotels/thailand/nakhon-si-thammarat/khanom/baan-thong-ching-resort,thailand/nakhon-si-thammarat/khanom/baan-thong-ching-resort,DIRECT,thailand,12
297,252159,Klassique-Sukhumvit,www.gother.com/th-th/hotels/thailand/bangkok/watthana/klassique-sukhumvit,thailand/bangkok/watthana/klassique-sukhumvit,DIRECT,thailand,12
314,846921,The-Wish-Hotel,www.gother.com/th-th/hotels/thailand/chachoengsao/muang-chachoengsao/the-wish-hotel,thailand/chachoengsao/muang-chachoengsao/the-wish-hotel,DIRECT,thailand,12
337,760424,Anda-Sea-Tales-Resort,www.gother.com/th-th/hotels/thailand/krabi/ao-nang-beach/anda-sea-tales-resort,thailand/krabi/ao-nang-beach/anda-sea-tales-resort,DIRECT,thailand,12
365,775507,Hotel-Amber-Pattaya,www.gother.com/th-th/hotels/thailand/chonburi/central-pattaya/hotel-amber-pattaya,thailand/chonburi/central-pattaya/hotel-amber-pattaya,DIRECT,thailand,12
542,4974,Tolani-Resort-Koh-Samui,www.gother.com/th-th/hotels/thailand/surat-thani/koh-samui/tolani-resort-koh-samui,thailand/surat-thani/koh-samui/tolani-resort-koh-samui,DIRECT,thailand,12
1677,270525,sofu-hotel,www.gother.com/th-th/hotels/china/beijing/chaoyang/sofu-hotel,taiwan/taipei/taipei-main-station/sofu-hotel,Supplier,taiwan,12
1678,837336,hotel-geight-taipei,www.gother.com/th-th/hotels/taiwan/new-taipei/zhonghe/hotel-geight-taipei,taiwan/taipei/datong/hotel-geight-taipei,Supplier,taiwan,12
1681,837299,citizenm-taipei-north-gate,www.gother.com/th-th/hotels/taiwan/taipei/zhongzheng-district/citizenm-taipei-north-gate,taiwan/taipei/taipei-main-station/citizenm-taipei-north-gate,Supplier,taiwan,12
1682,885771,cz-inn-101-4,www.gother.com/th-th/hotels/taiwan/taipei/taipei-main-station/cz-inn-101-4,taiwan/taipei/taipei-main-station/cz-inn-101-4,Supplier,taiwan,12
1684,885732,sotetsu-grand-fresa-taipei-ximen,www.gother.com/th-th/hotels/taiwan/taipei/zhongzheng-district/sotetsu-grand-fresa-taipei-ximen,taiwan/taipei/zhongzheng-district/sotetsu-grand-fresa-taipei-ximen,Supplier,taiwan,12
1697,329965,check-inn-taipei-nanjing,www.gother.com/th-th/hotels/taiwan/taipei/zhongshan/check-inn-taipei-nanjing,taiwan/taipei/zhongshan/check-inn-taipei-nanjing,Supplier,taiwan,12
1976,897190,sofitel-shanghai-north-bund,www.gother.com/th-th/hotels/china/shanghai/the-bund-and-north-bund/sofitel-shanghai-north-bund,china/shanghai/the-bund-and-north-bund/sofitel-shanghai-north-bund,Supplier,china,12
1977,737984,nanjing-jin-jiang,www.gother.com/th-th/hotels/china/shanghai/huangpu/nanjing-jin-jiang,china/shanghai/huangpu/nanjing-jin-jiang,Supplier,china,12
1978,118743,jin-jiang-hotel,www.gother.com/th-th/hotels/china/shanghai/huangpu/jin-jiang-hotel,china/shanghai/huangpu/jin-jiang-hotel,Supplier,china,12
1979,615580,jinjiang-inn-beijing-wangfujing-pedestrian-street,www.gother.com/th-th/hotels/china/beijing/dongcheng/jinjiang-inn-beijing-wangfujing-pedestrian-street,china/beijing/dongcheng/jinjiang-inn-beijing-wangfujing-pedestrian-street,Supplier,china,12
1980,629801,hanting-hotel-shanghai-lujiazui-yaohan-branch,www.gother.com/th-th/hotels/china/shanghai/pudong/hanting-hotel-shanghai-lujiazui-yaohan-branch,china/shanghai/pudong/hanting-hotel-shanghai-lujiazui-yaohan-branch,Supplier,china,12
1981,574629,green-court-serviced-apartment-green-city-international,www.gother.com/th-th/hotels/china/shanghai/pudong/green-court-serviced-apartment-green-city-international,china/shanghai/pudong/green-court-serviced-apartment-green-city-international,Supplier,china,12
1983,124200,four-seasons-hotel-beijing,www.gother.com/th-th/hotels/china/beijing/chaoyang/four-seasons-hotel-beijing,china/beijing/chaoyang/four-seasons-hotel-beijing,Supplier,china,12
1985,865339,atour-x-hotel-chengdu-taikoo-li-ifs-international-finance-center,www.gother.com/th-th/hotels/china/sichuan/jinjiang-district/atour-x-hotel-chengdu-taikoo-li-ifs-international-finance-center,china/sichuan/jinjiang-district/atour-x-hotel-chengdu-taikoo-li-ifs-international-finance-center,Supplier,china,12
1986,55592,ascott-raffles-city-beijing,www.gother.com/th-th/hotels/china/beijing/dongcheng/ascott-raffles-city-beijing,china/beijing/dongcheng/ascott-raffles-city-beijing,Supplier,china,12
1989,67483,courtyard-shanghai-pudong,www.gother.com/th-th/hotels/china/shanghai/pudong/courtyard-shanghai-pudong,china/shanghai/pudong/courtyard-shanghai-pudong,Supplier,china,12
1993,9096,novotel-nanjing-east-suning,www.gother.com/th-th/hotels/china/jiangsu/nanjing/novotel-nanjing-east-suning,china/jiangsu/nanjing/novotel-nanjing-east-suning,Supplier,china,12
2000,181582,hi-inn-liangpin-beijing-dongsi-metro-station,www.gother.com/th-th/hotels/china/beijing/dongcheng/hi-inn-liangpin-beijing-dongsi-metro-station,china/beijing/dongcheng/hi-inn-liangpin-beijing-dongsi-metro-station,Supplier,china,12
2002,125539,grand-bay-hotel-zhuhai,www.gother.com/th-th/hotels/china/guangdong/zhuhai/grand-bay-hotel-zhuhai,china/guangdong/zhuhai/grand-bay-hotel-zhuhai,Supplier,china,12
2009,628417,xingzhou-hotel,www.gother.com/th-th/hotels/china/hebei/handan/xingzhou-hotel,china/hebei/handan/xingzhou-hotel,Supplier,china,12
2018,896773,melia-shanghai-parkside,www.gother.com/th-th/hotels/china/shanghai/pudong/melia-shanghai-parkside,china/shanghai/pudong/melia-shanghai-parkside,Supplier,china,12
2024,897032,iforest-hotel-shanghai-visa-center-on-the-bund,www.gother.com/th-th/hotels/china/shanghai/people-square-and-south-bund-huangpu/iforest-hotel-shanghai-visa-center-on-the-bund,china/shanghai/people-square-and-south-bund-huangpu/iforest-hotel-shanghai-visa-center-on-the-bund,Supplier,china,12
2027,872580,city-comfort-inn-guangzhou-tiyu-west-road-metro-station,www.gother.com/th-th/hotels/china/guangdong/tianhe-district-teemall-east-railway-station/city-comfort-inn-guangzhou-tiyu-west-road-metro-station,china/guangdong/tianhe-district-teemall-east-railway-station/city-comfort-inn-guangzhou-tiyu-west-road-metro-station,Supplier,china,12
2160,190812,conrad-seoul,www.gother.com/th-th/hotels/south-korea/seoul/yeongdeungpo-gu/conrad-seoul,south-korea/seoul/yeongdeungpo-gu/conrad-seoul,Supplier,south-korea,12
2161,312826,bobo-hotel-hongdae,www.gother.com/th-th/hotels/south-korea/seoul/mapo-gu/bobo-hotel-hongdae,south-korea/seoul/myeongdong/bobo-hotel-hongdae,Supplier,south-korea,12
2190,313074,k-pop-residence-i,www.gother.com/th-th/hotels/south-korea/seoul/gangnam-gu/k-pop-residence-i,south-korea/seoul/gangnam-gu/k-pop-residence-i,Supplier,south-korea,12
50,760905,CHAYANA-RESORT,www.gother.com/th-th/hotels/thailand/chiang-rai/mae-chan/chayana-resort,thailand/chiang-rai/mae-chan/chayana-resort,DIRECT,thailand,11
199,324861,RB-Resort-Pattaya,www.gother.com/th-th/hotels/thailand/chonburi/central-pattaya/rb-resort-pattaya,thailand/chonburi/central-pattaya/rb-resort-pattaya,DIRECT,thailand,11
487,452525,Shade-House-Bitec-Bangna,www.gother.com/th-th/hotels/thailand/bangkok/bang-na/shade-house-bitec-bangna,thailand/bangkok/bang-na/shade-house-bitec-bangna,DIRECT,thailand,11
523,841934,SHAN-Villas-Sukhumvit,www.gother.com/th-th/hotels/thailand/bangkok/suan-luang/shan-villas-sukhumvit,thailand/bangkok/suan-luang/shan-villas-sukhumvit,DIRECT,thailand,11
1683,837349,rf-hotel,www.gother.com/th-th/hotels/taiwan/taipei/da-an/rf-hotel,taiwan/taipei/da-an/rf-hotel,Supplier,taiwan,11
1685,65664,palais-de-chine-hotel,www.gother.com/th-th/hotels/taiwan/taipei/datong/palais-de-chine-hotel,taiwan/taipei/datong/palais-de-chine-hotel,Supplier,taiwan,11
1686,836632,hotel-papa-whale-kaohsiung-formosa-boulevard,www.gother.com/th-th/hotels/taiwan/kaohsiung/xinxing/hotel-papa-whale-kaohsiung-formosa-boulevard,taiwan/kaohsiung/xinxing/hotel-papa-whale-kaohsiung-formosa-boulevard,Supplier,taiwan,11
1687,78834,guide-hotel-taipei-xinyi,www.gother.com/th-th/hotels/taiwan/taipei/xinyi/guide-hotel-taipei-xinyi-holypro,taiwan/taipei/xinyi/guide-hotel-taipei-xinyi,Supplier,taiwan,11
1688,625151,delton-hotel,www.gother.com/th-th/hotels/taiwan/kaohsiung/sanmin-district/delton-hotel,taiwan/kaohsiung/sanmin-district/delton-hotel,Supplier,taiwan,11
1692,330045,formosa-101-hostel,www.gother.com/th-th/hotels/taiwan/taipei/xinyi/formosa-101-hostel,taiwan/taipei/xinyi/formosa-101-hostel,Supplier,taiwan,11
1695,885770,cozy-home,www.gother.com/th-th/hotels/taiwan/taipei/taipei-main-station/cozy-home,taiwan/taipei/taipei-main-station/cozy-home,Supplier,taiwan,11
1696,885740,cattail-pocket-inn,www.gother.com/th-th/hotels/taiwan/taipei/ximending/cattail-pocket-inn,taiwan/taipei/ximending/cattail-pocket-inn,Supplier,taiwan,11
1710,253628,hotel-puri-taipei-station-branch,www.gother.com/th-th/hotels/taiwan/taipei/datong/hotel-puri-taipei-station-branch,taiwan/taipei/datong/hotel-puri-taipei-station-branch,Supplier,taiwan,11
1987,163599,zhuhai-special-economic-zone-hotel,www.gother.com/th-th/hotels/china/guangdong/guangzhou/zhuhai-special-economic-zone-hotel,china/guangdong/guangzhou/zhuhai-special-economic-zone-hotel,Supplier,china,11
1990,124943,riverdale-residence-xintiandi-shanghai,www.gother.com/th-th/hotels/china/shanghai/huangpu/riverdale-residence-xintiandi-shanghai,china/shanghai/huangpu/riverdale-residence-xintiandi-shanghai,Supplier,china,11
1991,117703,radisson-collection-yangtze-shanghai,www.gother.com/th-th/hotels/china/shanghai/hongkou/radisson-collection-yangtze-shanghai,china/shanghai/hongkou/radisson-collection-yangtze-shanghai,Supplier,china,11
1994,124273,novotel-beijing-xinqiao,www.gother.com/th-th/hotels/china/beijing/chaoyang/novotel-beijing-sanyuan,china/beijing/dongcheng/novotel-beijing-xinqiao,Supplier,china,11
1996,185146,jinjiang-inn-shanghai-baoshan-shengqiao,www.gother.com/th-th/hotels/china/shanghai/pudong/jinjiang-inn-shanghai-baoshan-shengqiao,china/shanghai/pudong/jinjiang-inn-shanghai-baoshan-shengqiao,Supplier,china,11
1997,118953,hotel-landmark-canton,www.gother.com/th-th/hotels/china/guangdong/guangzhou/hotel-landmark-canton,china/guangdong/guangzhou/hotel-landmark-canton,Supplier,china,11
1998,270061,ifc-residence,www.gother.com/th-th/hotels/china/shanghai/pudong/ifc-residence,china/shanghai/huangpu/ifc-residence,Supplier,china,11
1999,896985,hanting-hotel-shanghai-people-s-square-dagu-road,www.gother.com/th-th/hotels/china/shanghai/people-square-and-south-bund-huangpu/hanting-hotel-shanghai-people-s-square-dagu-road,china/shanghai/people-square-and-south-bund-huangpu/hanting-hotel-shanghai-people-s-square-dagu-road,Supplier,china,11
2004,8906,grand-international-hotel,www.gother.com/th-th/hotels/china/guangdong/guangzhou/grand-international-hotel,china/guangdong/guangzhou/grand-international-hotel,Supplier,china,11
2005,657921,greentree-inn-jiangsu-suzhou-zhonghuan-baihui-square-middle-yangchenghu-road-metro-express-hotel,www.gother.com/th-th/hotels/china/jiangsu/suzhou/greentree-inn-jiangsu-suzhou-zhonghuan-baihui-square-middle-yangchenghu-road-metro-express-hotel,china/jiangsu/suzhou/greentree-inn-jiangsu-suzhou-zhonghuan-baihui-square-middle-yangchenghu-road-metro-express-hotel,Supplier,china,11
2007,873829,chonpines-hotel-shenzhen-gongming-honghuashan-metro-station,www.gother.com/th-th/hotels/china/guangdong/guangming-new-district/chonpines-hotel-shenzhen-gongming-honghuashan-metro-station,china/guangdong/guangming-new-district/chonpines-hotel-shenzhen-gongming-honghuashan-metro-station,Supplier,china,11
2010,877851,jinjiang-inn-jiuzhaigou-scenic-spot,www.gother.com/th-th/hotels/china/sichuan/zhangzhazhen/jinjiang-inn-jiuzhaigou-scenic-spot,china/sichuan/zhangzhazhen/jinjiang-inn-jiuzhaigou-scenic-spot,Supplier,china,11
2017,184921,magnotel-hotel-shanghai-jinjiang-park-branch,www.gother.com/th-th/hotels/china/shanghai/pudong/magnotel-hotel-shanghai-jinjiang-park-branch,china/shanghai/pudong/magnotel-hotel-shanghai-jinjiang-park-branch,Supplier,china,11
2021,271729,kaiserdom-hotel-guangzhou-airport-branch,www.gother.com/th-th/hotels/china/guangdong/guangzhou/kaiserdom-hotel-guangzhou-airport-branch,china/guangdong/guangzhou/kaiserdom-hotel-guangzhou-airport-branch,Supplier,china,11
2028,739743,crowne-plaza-harbin-songbei,www.gother.com/th-th/hotels/china/heilongjiang/harbin/crowne-plaza-harbin-songbei,china/heilongjiang/harbin/crowne-plaza-harbin-songbei,Supplier,china,11
2034,632558,new-jiuzhai-hotel,www.gother.com/th-th/hotels/china/sichuan/jiuzhaigou/new-jiuzhai-hotel,china/sichuan/jiuzhaigou/new-jiuzhai-hotel,Supplier,china,11
2079,865561,holiday-inn-dujiangyan-ancient-town,www.gother.com/th-th/hotels/china/sichuan/dujiangyan/holiday-inn-dujiangyan-ancient-town,china/sichuan/dujiangyan/holiday-inn-dujiangyan-ancient-town,Supplier,china,11
2162,853837,uh-suite-the-jongno,www.gother.com/th-th/hotels/south-korea/seoul/jongno-gu/uh-suite-the-jongno,south-korea/seoul/jongno-gu/uh-suite-the-jongno,Supplier,south-korea,11
2164,666022,sotetsu-hotels-the-splaisir-seoul-myeong-dong,www.gother.com/th-th/hotels/south-korea/seoul/gangnam-gu/sotetsu-hotels-the-splaisir-seoul-myeong-dong,south-korea/seoul/gangnam-gu/sotetsu-hotels-the-splaisir-seoul-myeong-dong,Supplier,south-korea,11
2167,133983,karak-tourist-hotel,www.gother.com/th-th/hotels/south-korea/seoul/songpa-gu/karak-tourist-hotel,south-korea/seoul/songpa-gu/karak-tourist-hotel,Supplier,south-korea,11
2169,224782,the-shilla-seoul,www.gother.com/th-th/hotels/south-korea/seoul/jung-gu/the-shilla-seoul,south-korea/seoul/jung-gu/the-shilla-seoul,Supplier,south-korea,11
2170,224749,novotel-ambassador-seoul-gangnam,www.gother.com/th-th/hotels/south-korea/seoul/gangnam-gu/novotel-ambassador-seoul-gangnam,south-korea/seoul/gangnam-gu/novotel-ambassador-seoul-gangnam,Supplier,south-korea,11
2172,853919,rich-house-dongdaemun,www.gother.com/th-th/hotels/south-korea/seoul/jongno-gu/rich-house-dongdaemun,south-korea/seoul/jongno-gu/rich-house-dongdaemun,Supplier,south-korea,11
2183,82577,daemyung-resort-gyeongju,www.gother.com/th-th/hotels/south-korea/gyeongsangbuk-do/gyeongju/daemyung-resort-gyeongju,south-korea/gyeongsangbuk-do/gyeongju/daemyung-resort-gyeongju,Supplier,south-korea,11
2196,115985,grand-walkerhill-seoul,www.gother.com/th-th/hotels/south-korea/seoul/gwangjin-gu/grand-walkerhill-seoul,south-korea/seoul/gwangjin-gu/grand-walkerhill-seoul,Supplier,south-korea,11
132,958179,treehouse-villas-adult-only,www.gother.com/th-th/hotels/thailand/phuket/koh-yao-noi/treehouse-villas-adult-only,thailand/phang-nga/koh-yao/treehouse-villas-adult-only,DIRECT,thailand,10
203,842653,Fresh-Resort-Pattaya,www.gother.com/th-th/hotels/thailand/chonburi/bang-lamung/fresh-resort-pattaya,thailand/chonburi/bang-lamung/fresh-resort-pattaya,DIRECT,thailand,10
230,841826,Metro-Point-Hotel,www.gother.com/th-th/hotels/thailand/bangkok/bang-kapi/metro-point-bangkok-hotel,thailand/bangkok/bang-kapi/metro-point-hotel,DIRECT,thailand,10
292,846447,anda-ramkhamhaeng-by-st-james-hotel,www.gother.com/th-th/hotels/thailand/bangkok/bang-kapi/anda-ramkhamhaeng-by-st-james-hotel,thailand/bangkok/bang-kapi/anda-ramkhamhaeng-by-st-james-hotel,DIRECT,thailand,10
344,844182,The-Spa-Resorts-Lamai-Beach,www.gother.com/th-th/hotels/thailand/surat-thani/koh-samui/the-spa-resorts-samui,thailand/surat-thani/koh-samui/the-spa-resorts-lamai-beach,DIRECT,thailand,10
353,842105,Pannarai-Hotel-Bangkok-Pratunam,www.gother.com/th-th/hotels/thailand/bangkok/ratchathewi/pannarai-hotel-bangkok-pratunam,thailand/bangkok/ratchathewi/pannarai-hotel-bangkok-pratunam,DIRECT,thailand,10
385,1434,c-n-resort-and-spa,www.gother.com/th-th/hotels/thailand/phuket/patong/c-n-resort-and-spa,thailand/phuket/patong/c-n-resort-and-spa,DIRECT,thailand,10
387,1437,c-n-kho-khao-beach-resort,www.gother.com/th-th/hotels/thailand/phang-nga/takua-pa/c-n-kho-khao-beach-resort,thailand/phang-nga/takua-pa/c-n-kho-khao-beach-resort,DIRECT,thailand,10
450,3370,Santhiya-Tree-Koh-Chang-Resort,www.gother.com/th-th/hotels/thailand/trat/koh-chang/santhiya-tree-koh-chang-resort,thailand/trat/koh-chang/santhiya-tree-koh-chang-resort,DIRECT,thailand,10
458,844420,The-Twin-Lotus-Hotel,www.gother.com/th-th/hotels/thailand/nakhon-si-thammarat/muang-nakhon-si-thammarat/the-twin-lotus-hotel,thailand/nakhon-si-thammarat/muang-nakhon-si-thammarat/the-twin-lotus-hotel,DIRECT,thailand,10
1690,841212,wonderwall-hotel-ximenting,www.gother.com/th-th/hotels/taiwan/taipei/wanhua/wonderwall-hotel-ximenting,taiwan/taipei/wanhua/wonderwall-hotel-ximenting,Supplier,taiwan,10
1691,73500,swiio-hotel-ximending,www.gother.com/th-th/hotels/taiwan/taipei/wanhua-district/swiio-hotel-ximending,taiwan/taipei/wanhua/swiio-hotel-ximending,Supplier,taiwan,10
1693,101125,grand-victoria-hotel,www.gother.com/th-th/hotels/taiwan/taipei/zhongshan/grand-victoria-hotel,taiwan/taipei/zhongshan/grand-victoria-hotel,Supplier,taiwan,10
1694,885785,cat-tail-pocket-inn,www.gother.com/th-th/hotels/taiwan/taipei/taipei-main-station/cat-tail-pocket-inn,taiwan/taipei/taipei-main-station/cat-tail-pocket-inn,Supplier,taiwan,10
1699,657386,tw-capsule-hostel,www.gother.com/th-th/hotels/taiwan/taipei/wanhua-district/tw-capsule-hostel,taiwan/taipei/wanhua/tw-capsule-hostel,Supplier,taiwan,10
1707,330381,beauty-hotels-taipei-hotel-bfun,www.gother.com/th-th/hotels/taiwan/taipei/zhongshan/beauty-hotels-taipei-hotel-bfun,taiwan/taipei/zhongshan/beauty-hotels-taipei-hotel-bfun,Supplier,taiwan,10
1724,607854,golden-stone-hotels,www.gother.com/th-th/hotels/taiwan/kaohsiung/xinxing/golden-stone-hotels,taiwan/kaohsiung/sanmin/golden-stone-hotels,Supplier,taiwan,10
1744,734413,backpackers-hostel-changchun,www.gother.com/th-th/hotels/taiwan/taipei/zhongshan/backpackers-hostel-changchun,taiwan/taipei/zhongshan/backpackers-hostel-changchun,Supplier,taiwan,10
2008,755222,w-shanghai-the-bund,www.gother.com/th-th/hotels/china/shanghai/hongkou/w-shanghai-the-bund,china/shanghai/hongkou/w-shanghai-the-bund,Supplier,china,10
2011,184589,shanghai-starway-shangfu-hotel-nanjing-road-pedestrian,www.gother.com/th-th/hotels/china/shanghai/pudong/shanghai-starway-shangfu-hotel-nanjing-road-pedestrian,china/shanghai/pudong/shanghai-starway-shangfu-hotel-nanjing-road-pedestrian,Supplier,china,10
2012,897360,shanghai-former-french-concession-garden-hotel,www.gother.com/th-th/hotels/china/shanghai/new-hongqiao-commercial-center-and-changning/shanghai-former-french-concession-garden-hotel,china/shanghai/new-hongqiao-commercial-center-and-changning/shanghai-former-french-concession-garden-hotel,Supplier,china,10
2013,896597,shanghai-linyin-art-hotel,www.gother.com/th-th/hotels/china/shanghai/shanghai-int-l-tourism-resort-and-disney-land/shanghai-linyin-art-hotel,china/shanghai/shanghai-int-l-tourism-resort-and-disney-land/shanghai-linyin-art-hotel,Supplier,china,10
2014,117018,renaissance-shanghai-yu-garden-hotel-on-the-bund,www.gother.com/th-th/hotels/china/shanghai/huangpu/renaissance-shanghai-yu-garden-hotel-on-the-bund,china/shanghai/huangpu/renaissance-shanghai-yu-garden-hotel-on-the-bund,Supplier,china,10
2016,9191,luxemon-hotel-pudong-shanghai,www.gother.com/th-th/hotels/china/shanghai/pudong/luxemon-hotel-pudong-shanghai,china/shanghai/pudong/luxemon-hotel-pudong-shanghai,Supplier,china,10
2019,897004,mercure-shanghai-yu-garden,www.gother.com/th-th/hotels/china/shanghai/people-square-and-south-bund-huangpu/mercure-shanghai-yu-garden,china/shanghai/people-square-and-south-bund-huangpu/mercure-shanghai-yu-garden,Supplier,china,10
2020,896366,jinglai-hotel-shanghai-xintiandi-store,www.gother.com/th-th/hotels/china/shanghai/huangpu/jinglai-hotel-shanghai-xintiandi-store,china/shanghai/huangpu/jinglai-hotel-shanghai-xintiandi-store,Supplier,china,10
2022,451714,jinjiang-metropolo-hotel-classiq-shanghai-off-bund,www.gother.com/th-th/hotels/china/shanghai/huangpu/jinjiang-metropolo-hotel-classiq-shanghai-off-bund,china/shanghai/huangpu/jinjiang-metropolo-hotel-classiq-shanghai-off-bund,Supplier,china,10
2023,9065,intercontinental-kunming,www.gother.com/th-th/hotels/china/yunnan/kunming/intercontinental-kunming,china/yunnan/kunming/intercontinental-kunming,Supplier,china,10
2025,692822,holiday-inn-express-shanghai-songjiang-fangta,www.gother.com/th-th/hotels/china/shanghai/pudong/holiday-inn-express-shanghai-songjiang-fangta,china/shanghai/pudong/holiday-inn-express-shanghai-songjiang-fangta,Supplier,china,10
2026,897216,hi-inn-shanghai-bund-nanjing-road-pedestrian-street,www.gother.com/th-th/hotels/china/shanghai/huangpu/hi-inn-shanghai-bund-nanjing-road-pedestrian-street,china/shanghai/huangpu/hi-inn-shanghai-bund-nanjing-road-pedestrian-street,Supplier,china,10
2032,896993,shanghai-fish-inn-people-square,www.gother.com/th-th/hotels/china/shanghai/people-square-and-south-bund-huangpu/shanghai-fish-inn-people-square,china/shanghai/people-square-and-south-bund-huangpu/shanghai-fish-inn-people-square,Supplier,china,10
2035,756619,hyatt-house-shanghai-new-hongqiao,www.gother.com/th-th/hotels/china/shanghai/qingpu/hyatt-house-shanghai-new-hongqiao,china/shanghai/qingpu/hyatt-house-shanghai-new-hongqiao,Supplier,china,10
2036,61778,hilton-shanghai-hongqiao,www.gother.com/th-th/hotels/china/shanghai/minhang/hilton-shanghai-hongqiao,china/shanghai/hongkou/hilton-shanghai-hongqiao,Supplier,china,10
2037,838485,holiday-inn-express-hangzhou-east-station,www.gother.com/th-th/hotels/china/zhejiang/hangzhou/holiday-inn-express-hangzhou-east-station,china/zhejiang/hangzhou/holiday-inn-express-hangzhou-east-station,Supplier,china,10
2039,8855,holiday-inn-chengdu-century-city-easttower,www.gother.com/th-th/hotels/china/sichuan/chengdu/holiday-inn-chengdu-century-city-easttower,china/sichuan/chengdu/holiday-inn-chengdu-century-city-easttower,Supplier,china,10
2041,701778,hanting-express-shanghai-zhoupu-xiao-shanghai-branch,www.gother.com/th-th/hotels/china/shanghai/pudong/hanting-express-shanghai-zhoupu-xiao-shanghai-branch,china/shanghai/pudong/hanting-express-shanghai-zhoupu-xiao-shanghai-branch,Supplier,china,10
2047,50610,kempinski-hotel-chengdu,www.gother.com/th-th/hotels/china/sichuan/chengdu/kempinski-hotel-chengdu,china/sichuan/chengdu/kempinski-hotel-chengdu,Supplier,china,10
2063,897191,z-hotel-shanghai-the-bund-meisha-building,www.gother.com/th-th/hotels/china/shanghai/huangpu/z-hotel-shanghai-the-bund-meisha-building,china/shanghai/huangpu/z-hotel-shanghai-the-bund-meisha-building,Supplier,china,10
2066,52217,renaissance-beijing-capital-hotel,www.gother.com/th-th/hotels/china/beijing/chaoyang/renaissance-beijing-capital-hotel,china/beijing/chaoyang/renaissance-beijing-capital-hotel,Supplier,china,10
2084,271929,chimelong-hengqin-bay-hotel,www.gother.com/th-th/hotels/china/guangdong/zhuhai/chimelong-hengqin-bay-hotel,china/guangdong/zhuhai/chimelong-hengqin-bay-hotel,Supplier,china,10
2086,897030,dayin-international-youth-hostel-east-nanjing-road-the-bund,www.gother.com/th-th/hotels/china/shanghai/huangpu/dayin-international-youth-hostel-east-nanjing-road-the-bund,china/shanghai/huangpu/dayin-international-youth-hostel-east-nanjing-road-the-bund,Supplier,china,10
2173,675023,nine-tree-by-parnas-seoul-myeondong-2,www.gother.com/th-th/hotels/south-korea/seoul/gangnam-gu/nine-tree-by-parnas-seoul-myeondong-2,south-korea/seoul/gangnam-gu/nine-tree-by-parnas-seoul-myeondong-2,Supplier,south-korea,10
2177,853541,huga-inn,www.gother.com/th-th/hotels/south-korea/seoul/myeong-dong/huga-inn,south-korea/seoul/myeong-dong/huga-inn,Supplier,south-korea,10
2178,626568,jbis-hotel,www.gother.com/th-th/hotels/south-korea/seoul/yongsan-gu/jbis-hotel,south-korea/seoul/yongsan-gu/jbis-hotel,Supplier,south-korea,10
2179,83022,hotel-manu,www.gother.com/th-th/hotels/south-korea/seoul/jung-gu/hotel-manu,south-korea/seoul/jung-gu/hotel-manu,Supplier,south-korea,10
2181,89261,grammos-hotel,www.gother.com/th-th/hotels/south-korea/seoul/gangnam-gu/grammos-hotel,south-korea/seoul/gangnam-gu/grammos-hotel,Supplier,south-korea,10
2182,853795,cs-premier-hotel,www.gother.com/th-th/hotels/south-korea/seoul/gwanak-gu/cs-premier-hotel,south-korea/gyeonggi-do/anyang/cs-premier-hotel,Supplier,south-korea,10
68,841294,The-Fig-Lobby,www.gother.com/th-th/hotels/thailand/bangkok/khlong-toei/the-fig-lobby,thailand/bangkok/khlong-toei/the-fig-lobby,DIRECT,thailand,9
180,453762,Tamsabai-Hotel,www.gother.com/th-th/hotels/thailand/nakhon-sawan/muang-nakhon-sawan/tamsabai-hotel,thailand/nakhon-sawan/muang-nakhon-sawan/tamsabai-hotel,DIRECT,thailand,9
293,2642,The-Krungkasem-Srikrung-Hotel,www.gother.com/th-th/hotels/thailand/bangkok/pom-prap-sattru-phai/the-krungkasem-srikrung-hotel,thailand/bangkok/pom-prap-sattru-phai/the-krungkasem-srikrung-hotel,DIRECT,thailand,9
302,1823,Dragon-Beach-Resort-Hotel,www.gother.com/th-th/hotels/thailand/chonburi/pattaya/dragon-beach-resort-hotel,thailand/chonburi/pattaya/dragon-beach-resort-hotel,DIRECT,thailand,9
330,841424,Palin-Family-Cottage,www.gother.com/th-th/hotels/thailand/chiang-rai/muang-chiang-rai/palin-family-cottage,thailand/chiang-rai/muang-chiang-rai/palin-family-cottage,DIRECT,thailand,9
352,196283,Baywalk-Residence,www.gother.com/th-th/hotels/thailand/chonburi/central-pattaya/baywalk-residence,thailand/chonburi/central-pattaya/baywalk-residence,DIRECT,thailand,9
354,1030664,hope-land-hotel-sukhumvit-46-1,www.gother.com/th-th/hotels/thailand/bangkok/sukhumvit/hope-land-hotel-461,thailand/bangkok/khlong-toei/hope-land-hotel-sukhumvit-46-1,DIRECT,thailand,9
378,192461,areca-resort-spa,www.gother.com/th-th/hotels/thailand/phuket/muang-phuket/areca-resort-spa,thailand/phuket/muang-phuket/areca-resort-spa,DIRECT,thailand,9
380,978,aonang-villa-resort-i-beach-front,www.gother.com/th-th/hotels/thailand/krabi/ao-nang-beach/aonang-villa-resort,thailand/krabi/ao-nang-beach/aonang-villa-resort-i-beach-front,DIRECT,thailand,9
456,325969,Chern-Bangkok,www.gother.com/th-th/hotels/thailand/bangkok/phra-nakhon/chern-bangkok,thailand/bangkok/phra-nakhon/chern-bangkok,DIRECT,thailand,9
474,251975,maitria-mode-sukhumvit-15-bangkok-a-chatrium-collection,www.gother.com/th-th/hotels/thailand/bangkok/watthana/maitria-mode-sukhumvit-15-bangkok-a-chatrium-collection,thailand/bangkok/watthana/maitria-mode-sukhumvit-15-bangkok-a-chatrium-collection,DIRECT,thailand,9
1698,885807,zhongshan-n-apt,www.gother.com/th-th/hotels/taiwan/taipei/zhongshan-district/zhongshan-n-apt,taiwan/taipei/zhongshan-district/zhongshan-n-apt,Supplier,taiwan,9
1700,222183,westgate-hotel,www.gother.com/th-th/hotels/taiwan/taipei/wanhua-district/westgate-hotel,taiwan/taipei/wanhua/westgate-hotel,Supplier,taiwan,9
1701,840470,taipei-hotel-taipei-109-hostel,www.gother.com/th-th/hotels/taiwan/taipei/zhongzheng/taipei-hotel-taipei-109-hostel,taiwan/taipei/zhongzheng/taipei-hotel-taipei-109-hostel,Supplier,taiwan,9
1702,885783,the-blue-by-just-inn,www.gother.com/th-th/hotels/taiwan/taipei/taipei-main-station/the-blue-by-just-inn,taiwan/taipei/taipei-main-station/the-blue-by-just-inn,Supplier,taiwan,9
1703,330315,taipei-city-hotel,www.gother.com/th-th/hotels/taiwan/taipei/datong/taipei-city-hotel,taiwan/taipei/datong/taipei-city-hotel,Supplier,taiwan,9
1704,840281,the-place-taipei,www.gother.com/th-th/hotels/taiwan/taipei/taipei-main-station/the-place-taipei,taiwan/taipei/taipei-main-station/the-place-taipei,Supplier,taiwan,9
1705,836810,reindeer-miaoli-green-wave,www.gother.com/th-th/hotels/taiwan/miaoli/miaoli/reindeer-miaoli-green-wave,taiwan/miaoli-county/miaoli/reindeer-miaoli-green-wave,Supplier,taiwan,9
1706,628460,new-world-hotel,www.gother.com/th-th/hotels/china/fujian/xiamen/new-world-hotel,taiwan/taipei/wanhua/new-world-hotel,Supplier,taiwan,9
1708,643290,taipei-york-hotel,www.gother.com/th-th/hotels/taiwan/taipei/zhongzheng/taipei-york-hotel,taiwan/taipei/zhongzheng/taipei-york-hotel,Supplier,taiwan,9
1709,125043,les-suites-taipei-ching-cheng,www.gother.com/th-th/hotels/china/shanghai/huangpu/les-suites-orient-bund,taiwan/taipei/songshan/les-suites-taipei-ching-cheng,Supplier,taiwan,9
1711,836884,hotel-6-ximen,www.gother.com/th-th/hotels/taiwan/taipei/wanhua/hotel-6-ximen,taiwan/taipei/wanhua/hotel-6-ximen,Supplier,taiwan,9
1712,54999,grand-hotel,www.gother.com/th-th/hotels/china/beijing/dongcheng/grand-hotel,taiwan/taipei/zhongshan/grand-hotel,Supplier,taiwan,9
1713,840054,doubletree-by-hilton-taipei-zhongshan,www.gother.com/th-th/hotels/taiwan/taipei/zhongshan/doubletree-by-hilton-taipei-zhongshan,taiwan/taipei/zhongshan/doubletree-by-hilton-taipei-zhongshan,Supplier,taiwan,9
1714,692368,city-suites-beimen,www.gother.com/th-th/hotels/taiwan/taipei/datong/city-suites-beimen,taiwan/taipei/datong/city-suites-beimen,Supplier,taiwan,9
1715,330087,dongmen-hotel,www.gother.com/th-th/hotels/taiwan/taipei/zhongzheng/dongmen-hotel,taiwan/taipei/zhongzheng/dongmen-hotel,Supplier,taiwan,9
1720,885789,north-coast-hostel,www.gother.com/th-th/hotels/taiwan/taipei/ruifang-district/north-coast-hostel,taiwan/taipei/ruifang-district/north-coast-hostel,Supplier,taiwan,9
1721,253564,green-world-taipei-station,www.gother.com/th-th/hotels/taiwan/taipei/zhongzheng/green-world-taipei-station,taiwan/taipei/zhongzheng/green-world-taipei-station,Supplier,taiwan,9
1727,735332,cavemen-hostel-taipei-station-youth-branch,www.gother.com/th-th/hotels/taiwan/taipei/zhongzheng/cavemen-hostel-taipei-station-youth-branch,taiwan/taipei/zhongzheng/cavemen-hostel-taipei-station-youth-branch,Supplier,taiwan,9
1729,885679,dosun-b-b,www.gother.com/th-th/hotels/taiwan/taipei/ruifang-district/dosun-b-b,taiwan/taipei/ruifang-district/dosun-b-b,Supplier,taiwan,9
1734,885465,skyone-hotel,www.gother.com/th-th/hotels/taiwan/kaohsiung/qianjin/skyone-hotel,taiwan/kaohsiung/qianjin/skyone-hotel,Supplier,taiwan,9
1738,885765,beautiful-travel-2-women-s-pavilion-taipei-main-station,www.gother.com/th-th/hotels/taiwan/taipei/taipei-main-station/beautiful-travel-2-women-s-pavilion-taipei-main-station,taiwan/taipei/taipei-main-station/beautiful-travel-2-women-s-pavilion-taipei-main-station,Supplier,taiwan,9
2029,896685,vienna-hotel-shanghai-pudong-new-exhibition-center-little-shanghai-pedestrian-street,www.gother.com/th-th/hotels/china/shanghai/shanghai-int-l-tourism-resort-and-disney-land/vienna-hotel-shanghai-pudong-new-exhibition-center-little-shanghai-pedestrian-street,china/shanghai/shanghai-int-l-tourism-resort-and-disney-land/vienna-hotel-shanghai-pudong-new-exhibition-center-little-shanghai-pedestrian-street,Supplier,china,9
2030,8712,waldorf-astoria-beijing,www.gother.com/th-th/hotels/china/beijing/dongcheng/waldorf-astoria-beijing,china/beijing/dongcheng/waldorf-astoria-beijing,Supplier,china,9
2031,272756,swissotel-guangzhou,www.gother.com/th-th/hotels/china/guangdong/guangzhou/swissotel-guangzhou,china/guangdong/guangzhou/swissotel-guangzhou,Supplier,china,9
2033,736424,rongmin-international-hotel-xi-an,www.gother.com/th-th/hotels/china/shaanxi/xian/rongmin-international-hotel-xi-an,china/shaanxi/xian/rongmin-international-hotel-xi-an,Supplier,china,9
2042,124334,renaissance-beijing-wangfujing-hotel,www.gother.com/th-th/hotels/china/beijing/dongcheng/renaissance-beijing-wangfujing-hotel,china/beijing/dongcheng/renaissance-beijing-wangfujing-hotel,Supplier,china,9
2044,662050,maixinge-international-hotel-shanghai-international-tourism-resort-zhoupu-metro-station,www.gother.com/th-th/hotels/china/shanghai/huangpu/maixinge-international-hotel-shanghai-international-tourism-resort-zhoupu-metro-station,china/shanghai/huangpu/maixinge-international-hotel-shanghai-international-tourism-resort-zhoupu-metro-station,Supplier,china,9
2045,184473,nanjing-hotel-shanghai,www.gother.com/th-th/hotels/china/shanghai/pudong/nanjing-hotel-shanghai,china/shanghai/pudong/nanjing-hotel-shanghai,Supplier,china,9
2046,125058,jinjiang-metropolo-hotel-classiq-ymca-people-square,www.gother.com/th-th/hotels/china/shanghai/huangpu/jinjiang-metropolo-hotel-classiq-ymca-people-square,china/shanghai/huangpu/jinjiang-metropolo-hotel-classiq-ymca-people-square,Supplier,china,9
2049,9232,holiday-inn-express-shanghai-jinqiao-central,www.gother.com/th-th/hotels/china/shanghai/pudong/holiday-inn-express-shanghai-jinqiao-central,china/shanghai/pudong/holiday-inn-express-shanghai-jinqiao-central,Supplier,china,9
2050,8899,hilton-guangzhou-tianhe,www.gother.com/th-th/hotels/china/guangdong/guangzhou/hilton-guangzhou-tianhe,china/guangdong/guangzhou/hilton-guangzhou-tianhe,Supplier,china,9
2051,653797,hanting-hotel-shanghai-east-nanjing-road-branch,www.gother.com/th-th/hotels/china/shanghai/huangpu/hanting-hotel-shanghai-east-nanjing-road-branch,china/shanghai/huangpu/hanting-hotel-shanghai-east-nanjing-road-branch,Supplier,china,9
2052,968878,golden-tulip-new-asia-hotel-the-bund-shanghai,www.gother.com/th-th/hotels/china/shanghai/hongkou/golden-tulip-new-asia-hotel-the-bund-shanghai,china/shanghai/hongkou/golden-tulip-new-asia-hotel-the-bund-shanghai,Supplier,china,9
2053,163067,doubletree-by-hilton-pudong,www.gother.com/th-th/hotels/china/anhui/wuhu/doubletree-by-hilton-hotel-wuhu,china/shanghai/hongkou/doubletree-by-hilton-pudong,Supplier,china,9
2054,8692,grand-millennium-beijing,www.gother.com/th-th/hotels/china/beijing/chaoyang/grand-millennium-beijing,china/beijing/chaoyang/grand-millennium-beijing,Supplier,china,9
2055,881553,crowne-plaza-beijing-wangfujing-hotel,www.gother.com/th-th/hotels/china/guangxi/yinhai/crowne-plaza-beihai-silver-beach,china/beijing/dongcheng/crowne-plaza-beijing-wangfujing-hotel,Supplier,china,9
2056,969694,crowne-plaza-hotel-shanghai,www.gother.com/th-th/hotels/china/shanghai/xuhui-xujiahui-expo/crowne-plaza-hotel-shanghai,china/shanghai/hongkou/crowne-plaza-hotel-shanghai,Supplier,china,9
2057,897045,campanile-hotel-shanghai-huaihai-road,www.gother.com/th-th/hotels/china/shanghai/people-square-and-south-bund-huangpu/campanile-hotel-shanghai-huaihai-road,china/shanghai/people-square-and-south-bund-huangpu/campanile-hotel-shanghai-huaihai-road,Supplier,china,9
2058,896512,bo-ai-international-hotel-at-pudong-airport-shanghai,www.gother.com/th-th/hotels/china/shanghai/pudong-int-l-airport-and-new-district/bo-ai-international-hotel-at-pudong-airport-shanghai,china/shanghai/pudong-int-l-airport-and-new-district/bo-ai-international-hotel-at-pudong-airport-shanghai,Supplier,china,9
2059,896988,atour-hotel-shanghai-the-bund-old-pier,www.gother.com/th-th/hotels/china/shanghai/people-square-and-south-bund-huangpu/atour-hotel-shanghai-the-bund-old-pier,china/shanghai/people-square-and-south-bund-huangpu/atour-hotel-shanghai-the-bund-old-pier,Supplier,china,9
2060,896987,7-days-inn-shanghai-xizang-south-road-metro-station,www.gother.com/th-th/hotels/china/shanghai/people-square-and-south-bund-huangpu/7-days-inn-shanghai-xizang-south-road-metro-station,china/shanghai/people-square-and-south-bund-huangpu/7-days-inn-shanghai-xizang-south-road-metro-station,Supplier,china,9
2061,879312,atour-hotel-huzhou-nanxun-ancient-town,www.gother.com/th-th/hotels/china/zhejiang/nanxun/atour-hotel-huzhou-nanxun-ancient-town,china/zhejiang/nanxun/atour-hotel-huzhou-nanxun-ancient-town,Supplier,china,9
2062,896991,atour-x-hotel-shanghai-nanjing-west-road,www.gother.com/th-th/hotels/china/shanghai/people-square-and-south-bund-huangpu/atour-x-hotel-shanghai-nanjing-west-road,china/shanghai/people-square-and-south-bund-huangpu/atour-x-hotel-shanghai-nanjing-west-road,Supplier,china,9
2074,897230,jinjiang-inn-shanghai-people-s-square-east-huaihai-road,www.gother.com/th-th/hotels/china/shanghai/huangpu/jinjiang-inn-shanghai-people-s-square-east-huaihai-road,china/shanghai/huangpu/jinjiang-inn-shanghai-people-s-square-east-huaihai-road,Supplier,china,9
2078,691984,holiday-inn-nanjing-xuanwu-lake,www.gother.com/th-th/hotels/china/jiangsu/nanjing/holiday-inn-nanjing-xuanwu-lake,china/jiangsu/nanjing/holiday-inn-nanjing-xuanwu-lake,Supplier,china,9
2098,270468,sheraton-shanghai-waigaoqiao-hotel,www.gother.com/th-th/hotels/china/shanghai/huangpu/sheraton-shanghai-waigaoqiao-hotel,china/shanghai/huangpu/sheraton-shanghai-waigaoqiao-hotel,Supplier,china,9
2185,134079,w-seoul-walkerhill,www.gother.com/th-th/hotels/south-korea/seoul/jung-gu/w-seoul-walkerhill,south-korea/seoul/jung-gu/w-seoul-walkerhill,Supplier,south-korea,9
2187,312970,seoul-city-hotel,www.gother.com/th-th/hotels/south-korea/seoul/gangnam-gu/seoul-city-hotel,south-korea/seoul/gangnam-gu/seoul-city-hotel,Supplier,south-korea,9
2188,823940,ryse-autograph-collection,www.gother.com/th-th/hotels/south-korea/seoul/mapo-gu/ryse-autograph-collection,south-korea/seoul/mapo-gu/ryse-autograph-collection,Supplier,south-korea,9
2189,639407,lumia-hotel-myeongdong,www.gother.com/th-th/hotels/south-korea/seoul/gangnam-gu/lumia-hotel-myeongdong,south-korea/seoul/gangnam-gu/lumia-hotel-myeongdong,Supplier,south-korea,9
2191,825154,kintex-by-k-tree,www.gother.com/th-th/hotels/south-korea/gyeonggi-do/goyang/kintex-by-k-tree,south-korea/gyeonggi-do/goyang/kintex-by-k-tree,Supplier,south-korea,9
2192,190689,hotel-skypark-myeongdong-i,www.gother.com/th-th/hotels/south-korea/seoul/myeongdong/hotel-skypark-myeongdong-i,south-korea/seoul/myeongdong/hotel-skypark-myeongdong-i,Supplier,south-korea,9
2193,823861,hotel-thomas-myeongdong,www.gother.com/th-th/hotels/south-korea/seoul/jung-gu/hotel-thomas-myeongdong,south-korea/seoul/jung-gu/hotel-thomas-myeongdong,Supplier,south-korea,9
2194,68316,hotel-skypark-myeongdong-iii,www.gother.com/th-th/hotels/south-korea/seoul/myeongdong/hotel-skypark-myeongdong-iii,south-korea/seoul/myeongdong/hotel-skypark-myeongdong-iii,Supplier,south-korea,9
2195,627652,hotelette-seoul-station,www.gother.com/th-th/hotels/south-korea/seoul/jung-gu/hotelette-seoul-station,south-korea/seoul/jung-gu/hotelette-seoul-station,Supplier,south-korea,9
2197,627119,g-mini-hotel-dongdaemun,www.gother.com/th-th/hotels/south-korea/seoul/seongdong-gu/g-mini-hotel-dongdaemun,south-korea/seoul/seongdong-gu/g-mini-hotel-dongdaemun,Supplier,south-korea,9
270,784,aana-resort-spa-koh-chang,www.gother.com/th-th/hotels/thailand/trat/koh-chang/aana-resort-villas-koh-chang,thailand/trat/koh-chang/aana-resort-spa-koh-chang,DIRECT,thailand,8
282,452157,Pai-River-Corner-Resort,www.gother.com/th-th/hotels/thailand/mae-hong-son/pai/pai-river-corner-resort,thailand/mae-hong-son/pai/pai-river-corner-resort,DIRECT,thailand,8
382,842778,Grand-Bangsaray,www.gother.com/th-th/hotels/thailand/chonburi/sattahip/grand-bangsaray,thailand/chonburi/sattahip/grand-bangsaray,DIRECT,thailand,8
461,138025,radisson-resort-suites-phuket,www.gother.com/th-th/hotels/thailand/phuket/kathu/radisson-resort-suites-phuket,thailand/phuket/kathu/radisson-resort-suites-phuket,DIRECT,thailand,8
509,188241,tower-club-at-lebua-hotel,www.gother.com/th-th/hotels/thailand/bangkok/bang-rak/tower-club-at-lebua-hotel,thailand/bangkok/bang-rak/lebua-at-state-tower,Supplier,thailand,8
1716,330084,wholesome-hotel,www.gother.com/th-th/hotels/taiwan/taipei/wanhua/wholesome-hotel,taiwan/taipei/wanhua/wholesome-hotel,Supplier,taiwan,8
1717,55149,tango-hotel-taipei-xinyi,www.gother.com/th-th/hotels/taiwan/taipei/xinyi/tango-hotel-taipei-xinyi,taiwan/taipei/xinyi/tango-hotel-taipei-xinyi,Supplier,taiwan,8
1718,635908,royal-group-hotel-xiong-zhong-branch,www.gother.com/th-th/hotels/taiwan/kaohsiung/sanmin/royal-group-hotel-xiong-zhong-branch,taiwan/kaohsiung/sanmin/royal-group-hotel-xiong-zhong-branch,Supplier,taiwan,8
1719,222199,orange-hotel-ximen-taipei,www.gother.com/th-th/hotels/taiwan/taipei/wanhua-district/orange-hotel-ximen-taipei,taiwan/taipei/wanhua-district/orange-hotel-ximen-taipei,Supplier,taiwan,8
1722,834524,members-hotel-at-taipei-101,www.gother.com/th-th/hotels/taiwan/taipei/xinyi/members-hotel-at-taipei-101,taiwan/taipei/xinyi/members-hotel-at-taipei-101,Supplier,taiwan,8
1723,85362,hub-hotel-taipei-songshan-airport,www.gother.com/th-th/hotels/taiwan/taipei/zhongshan/hub-hotel-taipei-songshan-airport,taiwan/taipei/zhongshan/hub-hotel-taipei-songshan-airport,Supplier,taiwan,8
1725,222121,green-world-linsen,www.gother.com/th-th/hotels/taiwan/taipei/zhongshan/green-world-linsen,taiwan/taipei/zhongshan/green-world-linsen,Supplier,taiwan,8
1726,136808,grand-hyatt-taipei,www.gother.com/th-th/hotels/taiwan/taipei/xinyi/grand-hyatt-taipei,taiwan/taipei/xinyi/grand-hyatt-taipei,Supplier,taiwan,8
1728,81000,diary-of-taipei-hotel,www.gother.com/th-th/hotels/taiwan/taipei/wanhua/diary-of-taipei-hotel,taiwan/taipei/wanhua/diary-of-taipei-hotel,Supplier,taiwan,8
1730,647019,beauty-hotels-taipei-b7-journey,www.gother.com/th-th/hotels/taiwan/taipei/zhongzheng/beauty-hotels-taipei-b7-journey,taiwan/taipei/zhongzheng/beauty-hotels-taipei-b7-journey,Supplier,taiwan,8
1731,885835,boutech-jiantan-hotel,www.gother.com/th-th/hotels/taiwan/taipei/shilin-district/boutech-jiantan-hotel,taiwan/taipei/shilin-district/boutech-jiantan-hotel,Supplier,taiwan,8
1733,885842,s-bridge-apt,www.gother.com/th-th/hotels/taiwan/taipei/datong-district/s-bridge-apt,taiwan/taipei/datong-district/s-bridge-apt,Supplier,taiwan,8
1736,637029,liho-hotel-hankou-branch,www.gother.com/th-th/hotels/taiwan/taipei/wanhua-district/liho-hotel-hankou-branch,taiwan/taipei/wanhua/liho-hotel-hankou-branch,Supplier,taiwan,8
1741,692495,hotel-midtown-richardson-kaohsiung-bo-ai,www.gother.com/th-th/hotels/taiwan/kaohsiung/sanmin-district/hotel-midtown-richardson-kaohsiung-bo-ai,taiwan/kaohsiung/sanmin/hotel-midtown-richardson-kaohsiung-bo-ai,Supplier,taiwan,8
1753,383939,pacific-business-hotel,www.gother.com/th-th/hotels/taiwan/taipei/xinyi/pacific-business-hotel,taiwan/taipei/xinyi/pacific-business-hotel,Supplier,taiwan,8
1760,637038,hotel-6-zhonghua,www.gother.com/th-th/hotels/taiwan/taipei/wanhua-district/hotel-6-zhonghua,taiwan/taipei/wanhua-district/hotel-6-zhonghua,Supplier,taiwan,8
1762,164651,guide-hotel-taipei-chongqing,www.gother.com/th-th/hotels/taiwan/taipei/datong/guide-hotel-taipei-chongqing,taiwan/taipei/datong/guide-hotel-taipei-chongqing,Supplier,taiwan,8
2065,896532,shanghai-jiejia-hotel,www.gother.com/th-th/hotels/china/shanghai/pudong-int-l-airport-and-new-district/shanghai-jiejia-hotel,china/shanghai/pudong-int-l-airport-and-new-district/shanghai-jiejia-hotel,Supplier,china,8
2067,756573,rhombus-park-aura-chengdu-hotel,www.gother.com/th-th/hotels/china/heilongjiang/qiqihar/rhombus-park-aura-chengdu-hotel,china/sichuan/chengdu/rhombus-park-aura-chengdu-hotel,Supplier,china,8
2068,184750,pacific-hotel-shanghai,www.gother.com/th-th/hotels/china/shanghai/huangpu/pacific-hotel-shanghai,china/shanghai/huangpu/pacific-hotel-shanghai,Supplier,china,8
2069,872681,paco-hotel-guangzhou-beijing-road-metro-station,www.gother.com/th-th/hotels/china/guangdong/yuexiu-district-beijing-road-haizhu-square/paco-hotel-guangzhou-beijing-road-metro-station,china/guangdong/yuexiu-district-beijing-road-haizhu-square/paco-hotel-guangzhou-beijing-road-metro-station,Supplier,china,8
2070,872335,yizhi-hotel-changgang-metro-station-free-shuttle-bus-during-canon-fair,www.gother.com/th-th/hotels/china/guangdong/haizhu-district/yizhi-hotel-changgang-metro-station-free-shuttle-bus-during-canon-fair,china/guangdong/haizhu-district/yizhi-hotel-changgang-metro-station-free-shuttle-bus-during-canon-fair,Supplier,china,8
2071,897119,meego-youth-hotel,www.gother.com/th-th/hotels/china/shanghai/jing-an/meego-youth-hotel,china/shanghai/jing-an/meego-youth-hotel,Supplier,china,8
2073,865040,joyhub-cheer-hotel,www.gother.com/th-th/hotels/china/sichuan/longquanyi-district/joyhub-cheer-hotel,china/sichuan/longquanyi-district/joyhub-cheer-hotel,Supplier,china,8
2075,896999,ji-hotel-shanghai-xintiandi-nan-xizang-road,www.gother.com/th-th/hotels/china/shanghai/people-square-and-south-bund-huangpu/ji-hotel-shanghai-xintiandi-nan-xizang-road,china/shanghai/people-square-and-south-bund-huangpu/ji-hotel-shanghai-xintiandi-nan-xizang-road,Supplier,china,8
2076,897251,ji-hotel-shanghai-north-bund-sichuan-north-road,www.gother.com/th-th/hotels/china/shanghai/the-bund-and-north-bund/ji-hotel-shanghai-north-bund-sichuan-north-road,china/shanghai/the-bund-and-north-bund/ji-hotel-shanghai-north-bund-sichuan-north-road,Supplier,china,8
2077,647000,ji-hotel-shanghai-songjiang-sports-center,www.gother.com/th-th/hotels/china/shanghai/songjiang/ji-hotel-shanghai-songjiang-sports-center,china/shanghai/songjiang/ji-hotel-shanghai-songjiang-sports-center,Supplier,china,8
2080,670572,hilton-garden-inn-shanghai-hongqiao-necc,www.gother.com/th-th/hotels/china/shanghai/qingpu/hilton-garden-inn-shanghai-hongqiao-necc,china/shanghai/qingpu/hilton-garden-inn-shanghai-hongqiao-necc,Supplier,china,8
2081,9186,four-points-by-sheraton-shanghai-pudong,www.gother.com/th-th/hotels/china/shanghai/pudong/four-points-by-sheraton-shanghai-pudong,china/shanghai/pudong/four-points-by-sheraton-shanghai-pudong,Supplier,china,8
2082,873053,guangzhou-huihe-hotel,www.gother.com/th-th/hotels/china/guangdong/baiyun-district/guangzhou-huihe-hotel,china/guangdong/baiyun-district/guangzhou-huihe-hotel,Supplier,china,8
2083,533717,colour-inn-shenzhen-dongmen-branch,www.gother.com/th-th/hotels/china/guangdong/shenzhen/colour-inn-shenzhen-dongmen-branch,china/guangdong/shenzhen/colour-inn-shenzhen-dongmen-branch,Supplier,china,8
2085,8759,conrad-beijing,www.gother.com/th-th/hotels/china/beijing/chaoyang/conrad-beijing,china/beijing/chaoyang/conrad-beijing,Supplier,china,8
2087,8891,cordis-foshan-lingnan-tiandi,www.gother.com/th-th/hotels/china/guangdong/foshan/cordis-foshan-lingnan-tiandi,china/guangdong/foshan/cordis-foshan-lingnan-tiandi,Supplier,china,8
2088,68924,courtyard-shanghai-jiading,www.gother.com/th-th/hotels/china/shanghai/jiading/courtyard-shanghai-jiading,china/shanghai/jiading/courtyard-shanghai-jiading,Supplier,china,8
2089,673192,campanile-shanghai-bund,www.gother.com/th-th/hotels/china/shanghai/huangpu/campanile-shanghai-bund,china/shanghai/huangpu/campanile-shanghai-bund,Supplier,china,8
2198,665508,arirang-hill-hotel-dongdamun,www.gother.com/th-th/hotels/south-korea/seoul/seongbuk-gu/arirang-hill-hotel-dongdaemun,south-korea/seoul/seongbuk-gu/arirang-hill-hotel-dongdamun,Supplier,south-korea,8
2199,853761,yeongdeungpo-stadium,www.gother.com/th-th/hotels/south-korea/seoul/yeongdeungpo-gu/yeongdeungpo-stadium,south-korea/seoul/yeongdeungpo-gu/yeongdeungpo-stadium,Supplier,south-korea,8
2200,823939,orbit-guesthouse-foreigners-only,www.gother.com/th-th/hotels/south-korea/seoul/mapo-gu/orbit-guesthouse-foreigners-only,south-korea/seoul/mapo-gu/orbit-guesthouse-foreigners-only,Supplier,south-korea,8
63,228583,kantary-beach-villas-suite-khao-lak,www.gother.com/th-th/hotels/thailand/phang-nga/takua-pa/kantary-beach-hotel-villas-and-suites-khao-lak,thailand/phang-nga/takua-pa/kantary-beach-villas-suite-khao-lak,DIRECT,thailand,7
115,453053,the-iconic-hotel-ari-jatujak,www.gother.com/th-th/hotels/thailand/ranong/muang-ranong/the-iconic-hotel,thailand/bangkok/phaya-thai/the-iconic-hotel-ari-jatujak,DIRECT,thailand,7
177,188274,Golden-House-Bangkok,www.gother.com/th-th/hotels/thailand/bangkok/pathum-wan/golden-house-bangkok,thailand/bangkok/pathum-wan/golden-house-bangkok,DIRECT,thailand,7
274,962438,Bluewhale-Samui-Resort,www.gother.com/th-th/hotels/thailand/surat-thani/koh-samui/bluewhale-samui-resort,thailand/surat-thani/koh-samui/bluewhale-samui-resort,DIRECT,thailand,7
315,848623,Voasis-Valley-Krabi,www.gother.com/th-th/hotels/thailand/krabi/muang-krabi/voasis-valley-krabi,thailand/krabi/muang-krabi/voasis-valley-krabi,DIRECT,thailand,7
335,841531,Hi-Chiangmai-Hotel,www.gother.com/th-th/hotels/thailand/chiang-mai/muang-chiang-mai/hi-chiangmai-hotel,thailand/chiang-mai/muang-chiang-mai/hi-chiangmai-hotel,DIRECT,thailand,7
361,842714,Arbour-Hotel-and-Residence,www.gother.com/th-th/hotels/thailand/chonburi/pattaya/arbour-hotel-and-residence,thailand/chonburi/pattaya/arbour-hotel-and-residence,DIRECT,thailand,7
384,842378,The-Oceanic-Sportel-Phuket,www.gother.com/th-th/hotels/thailand/phuket/muang-phuket/the-oceanic-sportel-phuket,thailand/phuket/muang-phuket/the-oceanic-sportel-phuket,DIRECT,thailand,7
927,727392,Kantary-Hotel-Amata-Bangpakong,www.gother.com/th-th/hotels/thailand/chonburi/muang-chonburi/kantary-hotel-amata-bangpakong,thailand/chonburi/muang-chonburi/kantary-hotel-amata-bangpakong,DIRECT,thailand,7
989,759117,Kantary-304-Hotel-Prachinburi,www.gother.com/th-th/hotels/thailand/prachinburi/si-maha-phot/kantary-304-hotel-prachinburi,thailand/prachinburi/si-maha-phot/kantary-304-hotel-prachinburi,DIRECT,thailand,7
1129,137500,Classic-Kameo-Hotel-Sriracha,www.gother.com/th-th/hotels/thailand/chonburi/si-racha/classic-kameo-hotel-sriracha,thailand/chonburi/si-racha/classic-kameo-hotel-sriracha,DIRECT,thailand,7
1732,330078,twinstar-hotel,www.gother.com/th-th/hotels/taiwan/taichung/east/twinstar-hotel,taiwan/taichung/east/twinstar-hotel,Supplier,taiwan,7
1735,615625,rainbow-hotel,www.gother.com/th-th/hotels/china/shaanxi/xian/rainbow-hotel,taiwan/taipei/wanhua/rainbow-hotel,Supplier,taiwan,7
1737,222143,miramar-garden-hotel,www.gother.com/th-th/hotels/taiwan/taipei/zhongshan/miramar-garden-hotel,taiwan/taipei/zhongshan/miramar-garden-hotel,Supplier,taiwan,7
1739,597433,sunny-hotel,www.gother.com/th-th/hotels/china/guangdong/guangzhou/sunny-hotel,taiwan/taipei/zhongzheng-district/sunny-hotel,Supplier,taiwan,7
1742,164753,fx-hotel-taipei-nanjing-east-road-branch,www.gother.com/th-th/hotels/taiwan/taipei/zhongshan/fx-hotel-taipei-nanjing-east-rd,taiwan/taipei/zhongshan/fx-hotel-taipei-nanjing-east-road-branch,Supplier,taiwan,7
1743,693442,chongqing-n-apt,www.gother.com/th-th/hotels/taiwan/taipei/datong/chongqing-n-apt,taiwan/taipei/datong/chongqing-n-apt,Supplier,taiwan,7
1750,136815,the-howard-plaza-hotel-taipei,www.gother.com/th-th/hotels/taiwan/taipei/da-an/the-howard-plaza-hotel-taipei,taiwan/taipei/da-an/the-howard-plaza-hotel-taipei,Supplier,taiwan,7
1759,885735,hz-hotel,www.gother.com/th-th/hotels/taiwan/taipei/wanhua-district/hz-hotel,taiwan/taipei/wanhua-district/hz-hotel,Supplier,taiwan,7
1764,839300,guide-hotel-zhongli-zhongzheng,www.gother.com/th-th/hotels/taiwan/taoyuan/zhongli-district/guide-hotel-zhongli-zhongzheng,taiwan/taoyuan/zhongli-district/guide-hotel-zhongli-zhongzheng,Supplier,taiwan,7
1767,330019,c-u-hotel,www.gother.com/th-th/hotels/taiwan/taipei/datong/c-u-hotel,taiwan/taipei/datong/c-u-hotel,Supplier,taiwan,7
1769,692650,caesar-park-hotel-banqiao,www.gother.com/th-th/hotels/taiwan/taipei/zhongzheng/caesar-park-hotel-banqiao,taiwan/taipei/taipei-main-station/caesar-park-hotel-banqiao,Supplier,taiwan,7
1770,684875,airline-inn-kaohsiung-station,www.gother.com/th-th/hotels/taiwan/kaohsiung/sanmin-district/airline-inn-kaohsiung-station,taiwan/kaohsiung/sanmin/airline-inn-kaohsiung-station,Supplier,taiwan,7
1787,699789,nys-loft-hotel,www.gother.com/th-th/hotels/taiwan/taipei/zhongzheng/nys-loft-hotel,taiwan/taipei/zhongzheng/nys-loft-hotel,Supplier,taiwan,7
2092,125151,the-st-regis-shanghai-jingan,www.gother.com/th-th/hotels/china/shanghai/jing-an/the-st-regis-shanghai-jingan,china/shanghai/jing-an/the-st-regis-shanghai-jingan,Supplier,china,7
2093,896796,yunhe-yebo-hotel-shanghai-hongqiao-hub-national-exhibition-center,www.gother.com/th-th/hotels/china/shanghai/putuo/yunhe-yebo-hotel-shanghai-hongqiao-hub-national-exhibition-center,china/shanghai/putuo/yunhe-yebo-hotel-shanghai-hongqiao-hub-national-exhibition-center,Supplier,china,7
2094,862220,east-sacred-hotel-near-beijing-tiananmen-square-the-forbidden-city-wangfujing-street,www.gother.com/th-th/hotels/china/beijing/wangfujing-street-forbidden-city/east-sacred-hotel-near-beijing-tiananmen-square-the-forbidden-city-wangfujing-street,china/beijing/wangfujing-street-forbidden-city/east-sacred-hotel-near-beijing-tiananmen-square-the-forbidden-city-wangfujing-street,Supplier,china,7
2095,896389,wanxin-zhige-hotel-shanghai-zhongshan-hospital-jiashan-road-subway-station,www.gother.com/th-th/hotels/china/shanghai/xuhui/wanxin-zhige-hotel-shanghai-zhongshan-hospital-jiashan-road-subway-station,china/shanghai/xuhui/wanxin-zhige-hotel-shanghai-zhongshan-hospital-jiashan-road-subway-station,Supplier,china,7
2096,221581,swissotel-grand-shanghai,www.gother.com/th-th/hotels/china/shanghai/jing-an/swissotel-grand-shanghai,china/shanghai/jing-an/swissotel-grand-shanghai,Supplier,china,7
2097,871682,the-dreamland-resort,www.gother.com/th-th/hotels/china/guangdong/zhuhai/the-dreamland-resort,china/guangdong/zhuhai/the-dreamland-resort,Supplier,china,7
2099,8865,shangri-la-chengdu,www.gother.com/th-th/hotels/china/sichuan/chengdu/shangri-la-chengdu,china/sichuan/chengdu/shangri-la-chengdu,Supplier,china,7
2100,595194,skytel-hotel-chengdu,www.gother.com/th-th/hotels/china/sichuan/chengdu/skytel-hotel-chengdu,china/sichuan/chengdu/skytel-hotel-chengdu,Supplier,china,7
147,4020,Samui-Garden-Home-Hotel,www.gother.com/th-th/hotels/thailand/surat-thani/koh-samui/samui-garden-home-hotel,thailand/surat-thani/koh-samui/samui-garden-home-hotel,DIRECT,thailand,6
169,325172,Orchid-Garden-Hotel-Patong,www.gother.com/th-th/hotels/thailand/phuket/patong/orchid-garden-hotel-patong,thailand/phuket/patong/orchid-garden-hotel-patong,DIRECT,thailand,6
175,2678,Lamai-Buri-Resort,www.gother.com/th-th/hotels/thailand/surat-thani/koh-samui/lamai-buri-resort,thailand/surat-thani/koh-samui/lamai-buri-resort,DIRECT,thailand,6
276,252386,Sino-Inn-Phuket,www.gother.com/th-th/hotels/thailand/phuket/muang-phuket/sino-inn-phuket,thailand/phuket/muang-phuket/sino-inn-phuket,DIRECT,thailand,6
317,763739,Xanadu-Hotel-Utapao,www.gother.com/th-th/hotels/thailand/rayong/ban-chang/xanadu-hotel-utapao,thailand/rayong/ban-chang/xanadu-hotel-utapao,DIRECT,thailand,6
321,766572,Marwin-Space,www.gother.com/th-th/hotels/thailand/bangkok/pratunam/marwin-space,thailand/bangkok/pratunam/marwin-space,DIRECT,thailand,6
489,663529,Eco-Inn-Lite-Ubon-Ratchathani,www.gother.com/th-th/hotels/thailand/ubon-ratchathani/muang-ubon-ratchathani/eco-inn-lite-ubon-ratchathani,thailand/ubon-ratchathani/muang-ubon-ratchathani/eco-inn-lite-ubon-ratchathani,DIRECT,thailand,6
1745,885755,yen-inn,www.gother.com/th-th/hotels/taiwan/taipei/banqiao-district/yen-inn,taiwan/taipei/banqiao-district/yen-inn,Supplier,taiwan,6
1746,164740,w-taipei,www.gother.com/th-th/hotels/taiwan/new-taipei/chung-ho/w-taipei,taiwan/taipei/xinyi/w-taipei,Supplier,taiwan,6
1747,73754,ximen-airline-hotel,www.gother.com/th-th/hotels/taiwan/taipei/wanhua-district/ximen-airline-hotel,taiwan/taipei/wanhua/ximen-airline-hotel,Supplier,taiwan,6
1748,330072,fine-hotel,www.gother.com/th-th/hotels/taiwan/kaohsiung/lingya-district/fine-hotel,taiwan/kaohsiung/lingya-district/fine-hotel,Supplier,taiwan,6
1749,81164,hub-hotel-kaohsiung-cisian-branch,www.gother.com/th-th/hotels/taiwan/kaohsiung/qianjin/hub-hotel-kaohsiung-cisian-branch,taiwan/kaohsiung/qianjin/hub-hotel-kaohsiung-cisian-branch,Supplier,taiwan,6
1751,164591,royal-inn-taipei-nanxi-mrt-zhongshan-station,www.gother.com/th-th/hotels/taiwan/taipei/zhongshan/royal-inn-taipei-nanxi-mrt-zhongshan-station,taiwan/taipei/zhongshan/royal-inn-taipei-nanxi-mrt-zhongshan-station,Supplier,taiwan,6
1754,733251,owlstay-flip-flop-hostel-garden,www.gother.com/th-th/hotels/taiwan/taipei/zhongzheng/owlstay-flip-flop-hostel-garden,taiwan/taipei/zhongzheng/owlstay-flip-flop-hostel-garden,Supplier,taiwan,6
1755,566288,meistay-art-gallery-hotel,www.gother.com/th-th/hotels/taiwan/taipei/songshan/meistay-art-gallery-hotel,taiwan/taipei/songshan/meistay-art-gallery-hotel,Supplier,taiwan,6
1756,649191,lio-hotel-ximen,www.gother.com/th-th/hotels/taiwan/taipei/zhongzheng/lio-hotel-ximen,taiwan/taipei/zhongzheng/lio-hotel-ximen,Supplier,taiwan,6
1757,222194,humble-house-taipei-curio-collection-by-hilton,www.gother.com/th-th/hotels/taiwan/taipei/xinyi/humble-house-taipei-curio-collection-by-hilton,taiwan/taipei/xinyi/humble-house-taipei-curio-collection-by-hilton,Supplier,taiwan,6
1758,88865,royal-inn-taipei-linsen-huashan-1914-creative-park,www.gother.com/th-th/hotels/taiwan/taipei/zhongshan/royal-inn-taipei-linsen-huashan-1914-creative-park,taiwan/taipei/zhongshan/royal-inn-taipei-linsen-huashan-1914-creative-park,Supplier,taiwan,6
1763,164550,ferrary-hotel,www.gother.com/th-th/hotels/taiwan/taipei/wanhua-district/ferrary-hotel,taiwan/taipei/ximending/ferrary-hotel,Supplier,taiwan,6
1766,627794,chien-ching-bed-and-breakfast-ii,www.gother.com/th-th/hotels/taiwan/taipei/ruifang-district/chien-ching-bed-and-breakfast-ii,taiwan/taipei/ruifang-district/chien-ching-bed-and-breakfast-ii,Supplier,taiwan,6
1768,885742,blue-sky-taipei,www.gother.com/th-th/hotels/taiwan/taipei/ximending/blue-sky-taipei,taiwan/taipei/ximending/blue-sky-taipei,Supplier,taiwan,6
1782,330066,shihlin-netro-home,www.gother.com/th-th/hotels/taiwan/taipei/shilin/shihlin-netro-home,taiwan/taipei/shilin/shihlin-netro-home,Supplier,taiwan,6
1793,692361,i-play-inn,www.gother.com/th-th/hotels/taiwan/taipei/zhongzheng/i-play-inn,taiwan/taipei/zhongzheng/i-play-inn,Supplier,taiwan,6
1800,839842,city-suites-main-station,www.gother.com/th-th/hotels/taiwan/taipei/datong/city-suites-main-station,taiwan/taipei/datong/city-suites-main-station,Supplier,taiwan,6
70,756966,The-Cabin-Beach-Resort,www.gother.com/th-th/hotels/thailand/surat-thani/koh-pha-ngan/the-cabin-beach-resort,thailand/surat-thani/koh-pha-ngan/the-cabin-beach-resort,DIRECT,thailand,5
73,841532,Morning-Star-Glamping,www.gother.com/th-th/hotels/thailand/chiang-mai/mae-on/morning-star-glamping,chiang-mai/mae-on/morning-star-glamping,DIRECT,thailand,5
76,848004,raintree-boutique,www.gother.com/th-th/hotels/thailand/kanchanaburi/muang-kanchanaburi/raintree-boutique,thailand/kanchanaburi/muang-kanchanaburi/raintree-boutique,DIRECT,thailand,5
98,795341,Thipurai-Beach-Hotel,www.gother.com/th-th/hotels/thailand/prachuap-khiri-khan/hua-hin/thipurai-beach-hotel,thailand/prachuap-khiri-khan/hua-hin/thipurai-beach-hotel,DIRECT,thailand,5
154,842013,Room-22-Hostel-Bangkok,www.gother.com/th-th/hotels/thailand/bangkok/pom-prap-sattru-phai/room-22-hostel,thailand/bangkok/pom-prap-sattru-phai/room-22-hostel-bangkok,DIRECT,thailand,5
168,848946,Isara-Nai-Yang-Resort,www.gother.com/th-th/hotels/thailand/phuket/thalang/isara-nai-yang-resort,thailand/phuket/thalang/isara-nai-yang-resort,DIRECT,thailand,5
256,760249,SureStay-Plus-by-Best-Western-T-Pattaya,www.gother.com/th-th/hotels/thailand/chonburi/pattaya/surestay-plus-by-best-western-t-pattaya,thailand/chonburi/pattaya/surestay-plus-by-best-western-t-pattaya,DIRECT,thailand,5
325,842061,nicha-residence,www.gother.com/th-th/hotels/thailand/bangkok/din-daeng/nicha-residence,thailand/bangkok/din-daeng/nicha-residence?,DIRECT,thailand,5
329,533448,Wilacha-Chiang-Rai,www.gother.com/th-th/hotels/thailand/chiang-rai/muang-chiang-rai/wilacha-chiang-rai,thailand/chiang-rai/muang-chiang-rai/wilacha-chiang-rai,DIRECT,thailand,5
366,746618,the-pela-resort-phuket,www.gother.com/th-th/hotels/thailand/phuket/kathu/the-pela-resort-phuket,thailand/phuket/kathu/the-pe-la-resort-phuket,DIRECT,thailand,5
430,971790,VIP-Dream-Suite-Residence-Klong-Muang-Beachfront-Krabi,www.gother.com/th-th/hotels/thailand/krabi/muang-krabi/vip-dream-suite-residence-klong-muang-beachfront-krabi,thailand/krabi/muang-krabi/vip-dream-suite-residence-klong-muang-beachfront-krabi,DIRECT,thailand,5
1011,2416,Kameo-Grand-Rayong-Hotel,www.gother.com/th-th/hotels/thailand/rayong/muang-rayong/kameo-grand-rayong-hotel,thailand/rayong/muang-rayong/kameo-grand-rayong-hotel,DIRECT,thailand,5
1319,187088,Tolani-Northgate-Villa-Chiang-Mai,www.gother.com/th-th/hotels/thailand/chiang-mai/muang-chiang-mai/tolani-northgate-villa-chiang-mai,thailand/chiang-mai/muang-chiang-mai/tolani-northgate-villa-chiang-mai,DIRECT,thailand,5
1771,164690,wonstar-hotel-songshan,www.gother.com/th-th/hotels/taiwan/taipei/xinyi/wonstar-hotel-songshan,taiwan/taipei/xinyi/wonstar-hotel-songshan,Supplier,taiwan,5
1772,1118123,ximen-hotel,www.gother.com/th-th/hotels/taiwan/taipei/taipei/ximen-hotel,taiwan/taipei/wanhua/ximen-hotel,Supplier,taiwan,5
1773,849397,u-hotel-taipei,www.gother.com/th-th/hotels/japan/tokyo/shinjuku/u-hotel-takadanobaba,taiwan/taipei/zhongshan/u-hotel-taipei,Supplier,taiwan,5
1774,635545,west-59,www.gother.com/th-th/hotels/taiwan/taipei/shilin/west-59,taiwan/taipei/shilin/west-59,Supplier,taiwan,5
1775,733229,tango-inn-taipei-ximen,www.gother.com/th-th/hotels/taiwan/taipei/zhongzheng/tango-inn-taipei-ximen,taiwan/taipei/zhongzheng/tango-inn-taipei-ximen,Supplier,taiwan,5
1776,222156,the-riviera-hotel-taipei,www.gother.com/th-th/hotels/taiwan/taipei/zhongshan/the-riviera-hotel-taipei,taiwan/taipei/zhongshan/the-riviera-hotel-taipei,Supplier,taiwan,5
1777,885851,taiwanmatisse,www.gother.com/th-th/hotels/taiwan/taipei/wenshan-district/taiwanmatisse,taiwan/taipei/wenshan-district/taiwanmatisse,Supplier,taiwan,5
1778,675000,taiwan-youth-hostel-capsule-hotel,www.gother.com/th-th/hotels/taiwan/taipei/zhongzheng/taiwan-youth-hostel-capsule-hotel,taiwan/taipei/zhongzheng/taiwan-youth-hostel-capsule-hotel,Supplier,taiwan,5
1779,65641,silken-hotel,www.gother.com/th-th/hotels/taiwan/taipei/zhongshan/silken-hotel,taiwan/taipei/zhongshan/silken-hotel,Supplier,taiwan,5
1780,55153,spring-city-resort,www.gother.com/th-th/hotels/taiwan/taipei/beitou/spring-city-resort,taiwan/taipei/beitou/spring-city-resort,Supplier,taiwan,5
1781,636803,stay-inn,www.gother.com/th-th/hotels/taiwan/taipei/zhongshan/stay-inn,taiwan/taipei/zhongshan/stay-inn,Supplier,taiwan,5
1783,834677,shihlin-13-house,www.gother.com/th-th/hotels/taiwan/taipei/shilin/shihlin-13-house,taiwan/taipei/shilin/shihlin-13-house,Supplier,taiwan,5
1784,552485,shui-sha-lian-hotel-harbor-resort,www.gother.com/th-th/hotels/taiwan/nantou/yuchi/shui-sha-lian-hotel-harbor-resort,taiwan/nantou/yuchi/shui-sha-lian-hotel-harbor-resort,Supplier,taiwan,5
1785,136840,royal-biz-taipei,www.gother.com/th-th/hotels/taiwan/taipei/zhongzheng/royal-biz-taipei,taiwan/taipei/zhongzheng/royal-biz-taipei,Supplier,taiwan,5
1786,662871,rainbowtown-hotel,www.gother.com/th-th/hotels/taiwan/hualien/hualien-city/rainbowtown-hotel,taiwan/hualien/hualien-city/rainbowtown-hotel,Supplier,taiwan,5
1788,885774,new-lion-city-business-hotel,www.gother.com/th-th/hotels/taiwan/taipei/taipei-main-station/new-lion-city-business-hotel,taiwan/taipei/taipei-main-station/new-lion-city-business-hotel,Supplier,taiwan,5
1789,86589,nagahiro-hotel,www.gother.com/th-th/hotels/taiwan/taipei/zhongshan/nagahiro-hotel,taiwan/taipei/zhongshan/nagahiro-hotel,Supplier,taiwan,5
1790,253586,mandarin-oriental-taipei,www.gother.com/th-th/hotels/taiwan/taipei/songshan/mandarin-oriental-taipei,taiwan/taipei/songshan/mandarin-oriental-taipei,Supplier,taiwan,5
1791,84465,le-meridien-taipei,www.gother.com/th-th/hotels/taiwan/taipei/xinyi/le-meridien-taipei,taiwan/taipei/xinyi/le-meridien-taipei,Supplier,taiwan,5
1792,840545,hua-shan-din-by-cosmos-creation-huashan-1914-creative-park,www.gother.com/th-th/hotels/taiwan/taipei/zhongzheng/hua-shan-din-by-cosmos-creation-huashan-1914-creative-park,taiwan/taipei/zhongzheng/hua-shan-din-by-cosmos-creation-huashan-1914-creative-park,Supplier,taiwan,5
1794,885678,jiufen-yunhai-yazhu-homestay,www.gother.com/th-th/hotels/taiwan/taipei/jiu-fen/jiufen-yunhai-yazhu-homestay,taiwan/taipei/jiu-fen/jiufen-yunhai-yazhu-homestay,Supplier,taiwan,5
1795,836828,hub-hotel-ximen-inn,www.gother.com/th-th/hotels/taiwan/taipei/wanhua-district/hub-hotel-ximen-inn,taiwan/taipei/wanhua-district/hub-hotel-ximen-inn,Supplier,taiwan,5
1796,837042,hotel-gracery-taipei,www.gother.com/th-th/hotels/taiwan/taipei/zhongzheng/hotel-gracery-taipei,taiwan/taipei/zhongzheng/hotel-gracery-taipei,Supplier,taiwan,5
1797,400980,hotel-g7-taipei,www.gother.com/th-th/hotels/taiwan/taipei/luzhou-district/hotel-g7-taipei,taiwan/taipei/luzhou-district/hotel-g7-taipei,Supplier,taiwan,5
1798,647778,eastin-taipei-hotel,www.gother.com/th-th/hotels/taiwan/taipei/da-an/eastin-taipei-hotel,taiwan/taipei/zhongzheng/eastin-taipei-hotel,Supplier,taiwan,5
1799,75295,fullon-hotel-tamsui-fishermens-wharf,www.gother.com/th-th/hotels/taiwan/new-taipei/tamsui/fullon-hotel-tamsui-fishermens-wharf,taiwan/new-taipei/tamsui/fullon-hotel-tamsui-fishermens-wharf,Supplier,taiwan,5
41,4845,Veranda-High-Resort-Chiang-Mai---MGallery,www.gother.com/th-th/hotels/thailand/chiang-mai/hang-dong/veranda-high-resort-chiang-mai-mgallery,thailand/chiang-mai/hang-dong/veranda-high-resort-chiang-mai---mgallery,DIRECT,thailand,4
178,753051,The-Corner,www.gother.com/th-th/hotels/thailand/prachuap-khiri-khan/hua-hin/the-corner,thailand/prachuap-khiri-khan/hua-hin/the-corner,DIRECT,thailand,4
196,768438,SJ-Miracle-Hotel,www.gother.com/th-th/hotels/thailand/songkhla/hat-yai/sj-miracle-hotel,thailand/songkhla/hat-yai/sj-miracle-hotel,DIRECT,thailand,4
254,137304,Le-Siam-Hotel-Silom-Bangkok-by-PCL,www.gother.com/th-th/hotels/thailand/bangkok/bang-rak/le-siam-hotel-silom,thailand/bangkok/bang-rak/le-siam-hotel-silom-bangkok-by-pcl,DIRECT,thailand,4
263,842115,City-Park-Hotel-Bangkok-Pratunam,www.gother.com/th-th/hotels/thailand/bangkok/ratchathewi/city-park-hotel-bangkok-pratunam,thailand/bangkok/ratchathewi/city-park-hotel-bangkok-pratunam,DIRECT,thailand,4
490,846947,Arunsakhon-Luxury-Condo,www.gother.com/th-th/hotels/thailand/samut-sakhon/muang-samut-sakhon/arunsakhon-luxury-condo,thailand/samut-sakhon/muang-samut-sakhon/arunsakhon-luxury-condo,DIRECT,thailand,4
515,137394,Chiangmai-Grandview-Hotel,www.gother.com/th-th/hotels/thailand/chiang-mai/muang-chiang-mai/chiangmai-grandview-hotel,thailand/chiang-mai/muang-chiang-mai/chiangmai-grandview-hotel,DIRECT,thailand,4
83,841301,Grande-Classic-Pattaya,www.gother.com/th-th/hotels/thailand/chonburi/pattaya/grande-classic-pattaya,thailand/chonburi/pattaya/grande-classic-pattaya,DIRECT,thailand,3
86,768518,Lima-Lanna-Hotel,www.gother.com/th-th/hotels/thailand/chiang-mai/muang-chiang-mai/lima-lanna-hotel,thailand/chiang-mai/muang-chiang-mai/lima-lanna-hotel,DIRECT,thailand,3
171,188119,Cape-House-Langsuan-Hotel,www.gother.com/th-th/hotels/thailand/bangkok/pathum-wan/cape-house-hotel,thailand/bangkok/pathum-wan/cape-house-langsuan-hotel,DIRECT,thailand,3
253,1033969,Riva-Vibe-Hotel-Bangkok-by-PCL,www.gother.com/th-th/hotels/thailand/bangkok/khlong-san/riva-vibe-hotel-bangkok-by-pcl,thailand/bangkok/khlong-san/riva-vibe-hotel-bangkok-by-pcl,DIRECT,thailand,3
323,766241,fullroom-77-srinakarin,www.gother.com/th-th/hotels/thailand/samut-prakarn/bang-phli/fullroom-77-srinakarin,thailand/samut-prakarn/bang-phli/fullroom-77-srinakarin,DIRECT,thailand,3
376,735402,Pumeria-Resort-Phuket,www.gother.com/th-th/hotels/thailand/phuket/bang-tao-beach/pumeria-resort-phuket,thailand/phuket/bang-tao-beach/pumeria-resort-phuket,DIRECT,thailand,3
393,971781,u-luang-prabang,#N/A,laos/luang-prabang/luang-prabang/u-luang-prabang,DIRECT,laos,3
488,838744,Eco-Inn-Prime-Nakhon-Si-Thammarat,www.gother.com/th-th/hotels/thailand/nakhon-si-thammarat/muang-nakhon-si-thammarat/eco-inn-prime-nakhon-si-thammarat,thailand/nakhon-si-thammarat/muang-nakhon-si-thammarat/eco-inn-prime-nakhon-si-thammarat,DIRECT,thailand,3
143,959899,Best-Western-Patong-Beach,www.gother.com/th-th/hotels/thailand/phuket/patong/best-western-patong-beach,thailand/phuket/kathu/best-western-patong-beach,DIRECT,thailand,2
356,1030664,Hope-Land-Hotel-Sukhumvit-24,www.gother.com/th-th/hotels/thailand/bangkok/sukhumvit/hope-land-hotel-461,thailand/bangkok/khlong-toei/hope-land-hotel-sukhumvit-24,DIRECT,thailand,2
357,762883,Thaisun-Hotel,www.gother.com/th-th/hotels/thailand/bangkok/khlong-toei/thaisun-hotel,thailand/bangkok/khlong-toei/thaisun-hotel,DIRECT,thailand,2
358,841214,Romance-Hotel-Bangna,www.gother.com/th-th/hotels/thailand/bangkok/prawet/romance-hotel-bangna,thailand/bangkok/prawet/romance-hotel-bangna,DIRECT,thailand,2
475,188204,Maitria-Hotel-Sukhumvit-18-Bangkok-–-A-Chatrium-Collection,www.gother.com/th-th/hotels/thailand/bangkok/khlong-toei/maitria-hotel-sukhumvit-18-bangkok-a-chatrium-collection,thailand/bangkok/khlong-toei/maitria-hotel-sukhumvit-18-bangkok-–-a-chatrium-collection,DIRECT,thailand,2
486,1049365,Shade-House-Bangkok-Oldtown,www.gother.com/th-th/hotels/thailand/bangkok/phra-nakhon/shade-house-bangkok-oldtown,thailand/bangkok/phra-nakhon/shade-house-bangkok-oldtown,DIRECT,thailand,2
853,451766,Tolani-Nimman-Villa-Chaing-Mai,www.gother.com/th-th/hotels/thailand/chiang-mai/nimmanhemin/tolani-nimman-villa-chaing-mai,thailand/chiang-mai/nimmanhemin/tolani-nimman-villa-chaing-mai,DIRECT,thailand,2
922,188166,Kantary-House-Bangkok-Hotel,www.gother.com/th-th/hotels/thailand/bangkok/bang-kapi/kantary-house-bangkok-hotel,thailand/bangkok/bang-kapi/kantary-house-bangkok-hotel,DIRECT,thailand,2
1679,841075,e-limhotel-taoyuan,www.gother.com/th-th/hotels/taiwan/taoyuan/zhongli-district/e-limhotel-taoyuan,taiwan/taoyuan/zhongli/elimhotel-taoyuan,Supplier,taiwan,2
2,3449,pattawia-resort-&-spa,www.gother.com/th-th/hotels/thailand/prachuap-khiri-khan/pran-buri/pattawia-resort-spa-hua-hin,thailand/prachuap-khiri-khan/pran-buri/pattawia-resort-&-spa,DIRECT,thailand,1
26,2155,Hintok-River-Camp,www.gother.com/th-th/hotels/thailand/kanchanaburi/sai-yok/hintok-river-camp-hell-fire-pass-hotel,thailand/kanchanaburi/sai-yok/hintok-river-camp,DIRECT,thailand,1
27,960300,River-Kwai-Jungle-Rafts,www.gother.com/th-th/hotels/thailand/kanchanaburi/muang-kanchanaburi/river-kwai-jungle-rafts,thailand/kanchanaburi/sai-yok/river-kwai-jungle-rafts,DIRECT,thailand,1
51,701679,My-Beach-Resort-Phuket,www.gother.com/th-th/hotels/thailand/phuket/cape-panwa/my-beach-resort,thailand/phuket/cape-panwa/my-beach-resort-phuket,DIRECT,thailand,1
84,842118,OK-HOTEL-BKK,www.gother.com/th-th/hotels/thailand/bangkok/khan-na-yao/ok-hotel-bangkok,thailand/bangkok/khan-na-yao/ok-hotel-bkk,DIRECT,thailand,1
176,670710,The-Bloc-Hotel-Phuket,www.gother.com/th-th/hotels/thailand/phuket/patong/the-bloc-hotel,thailand/phuket/patong/the-bloc-hotel-phuket,DIRECT,thailand,1
184,2724,Lantana-Pattaya-Hotel,www.gother.com/th-th/hotels/thailand/chonburi/north-pattaya/lantana-pattaya-hotel-resort,thailand/chonburi/north-pattaya/lantana-pattaya-hotel,DIRECT,thailand,1
251,327012,the-siamese-hotel,www.gother.com/th-th/hotels/thailand/chonburi/bang-lamung/the-siamese-hotel-pattaya-bw-signature-collection,thailand/chonburi/bang-lamung/the-siamese-hotel,DIRECT,thailand,1
326,841822,Dhevi-Bangkok-Hotel,www.gother.com/th-th/hotels/thailand/bangkok/ratchathewi/dhevi-bangkok-hotel,thailand/bangkok/ratchathewi/dhevi-bangkok-hotel,DIRECT,thailand,1
355,767983,Hopeland-Hotel-Sukhumvit-8,www.gother.com/th-th/hotels/thailand/bangkok/khlong-toei/hopeland-hotel-sukhumvit-8,thailand/bangkok/khlong-toei/hopeland-hotel-sukhumvit-8,DIRECT,thailand,1
359,971775,Romance-Srinakarin,www.gother.com/th-th/hotels/thailand/bangkok/prawet/romance-srinakarin,thailand/bangkok/prawet/romance-srinakarin,DIRECT,thailand,1
386,1435,c-n-hotel-patong-phuket,www.gother.com/th-th/hotels/thailand/phuket/patong/c-n-hotel-patong-phuket,thailand/phuket/patong/c-n-hotel-patong-phuket,DIRECT,thailand,1
417,843381,Vermont-Khaoyai,www.gother.com/th-th/hotels/thailand/nakhon-ratchasima/pak-chong/vermont-khaoyai,thailand/nakhon-ratchasima/pak-chong/vermont-khaoyai,DIRECT,thailand,1
451,228604,Santhiya-Koh-Yao-Yai-Resort-&-Spa,www.gother.com/th-th/hotels/thailand/phang-nga/koh-yao/santhiya-koh-yao-yai-resort-spa,thailand/phuket/koh-yao/santhiya-koh-yao-yai-resort-&-spa,DIRECT,thailand,1
462,1033998,HillSide-Premium-Hotel,www.gother.com/th-th/hotels/thailand/surat-thani/muang-surat-thani/hillside-premium-hotel,thailand/surat-thani/muang-surat-thani/hillside-premium-hotel,DIRECT,thailand,1
496,1114911,VELA-be-Bangkok-Siam,www.gother.com/th-th/hotels/thailand/bangkok/pathum-wan/vela-be-bangkok-siam,thailand/bangkok/pathum-wan/vela-be-bangkok-siam,DIRECT,thailand,1
1321,326839,Tolani-Southgate-Villa-Chiang-Mai,www.gother.com/th-th/hotels/thailand/chiang-mai/muang-chiang-mai/tolani-southgate-villa-chiang-mai,thailand/chiang-mai/muang-chiang-mai/tolani-southgate-villa-chiang-mai,DIRECT,thailand,1
1352,188066,On-8-Sukhumvit-Nana-Bangkok,www.gother.com/th-th/hotels/thailand/bangkok/khlong-toei/on-8-sukhumvit-nana-bangkok,thailand/bangkok/khlong-toei/on-8-sukhumvit-nana-bangkok,DIRECT,thailand,1
1752,136836,xiemen-relite-hotel,www.gother.com/th-th/hotels/taiwan/taipei/zhongzheng-district/xiemen-relite-hotel,taiwan/taipei/zhongzheng/relite-hotel,Supplier,taiwan,1
2180,825676,hotel-28-myeongdong,www.gother.com/th-th/hotels/south-korea/seoul/jung-gu/hotel-28-myeongdong,south-korea/seoul/jung-gu/hotel28-myeongdong,Supplier,south-korea,1
